evidence_id,evidence_class,experiment_family,story_stage,scientific_role,source_key,quantity,canonical_source_path,canonical_source_sha256,split,training_scale,model_system,seed_set,n_training_seeds,point_estimate,across_training_seed_sd_ddof1,ci95,ci_type,cluster_unit,n_questions,n_unique_images,answer_set_size,metric_id,analysis_role,comparison_class,evidence_readiness,checkpoint_selection,excludes_zero,proposed_figure_use,proposed_table_use,proposed_dissertation_section,proposed_supervisor_slide,appendix_destination,mandatory_limitation
EV-ARM-e2.concat.train_250k,ARM,e2,S09_REPRESENTATION_QUALITY,CORE,e2/concat/train_250k,"system accuracy on the development split, with an image-clustered evaluation interval",results/closure/reconstructed_statistics.json,88edeaf6ec787d754c8b0e006e00556895ea69dd8cbd215f391265c9e9643097,v2_dev,train_250k,concat,0|1|2|3|42,5,0.59176,0.00261,0.57991|0.60283,"evaluation-sampling, image-clustered",represented development imageId,7714,768,100,v2_closed_vocab_top1_index_match,SECONDARY,DESCRIPTIVE_ONLY,READY,best development epoch,true,,VE0-TAB-A3,R_APPENDIX_REPRESENTATION,,VE0-TAB-A3,"Development-set result on one GQA subset. The clean test is embargoed and unread, so no held-out generalisation is claimed. Representation quality is not isolated: encoder, embedding width (512 against 768) and head input width all move together. The training streams are not paired and the seed label does not pair two runs. At train_250k no clustered contrast exists, because the CLIP partner is the stopped v2_07 family."
EV-ARM-e2.concat.train_40k,ARM,e2,S09_REPRESENTATION_QUALITY,CORE,e2/concat/train_40k,"system accuracy on the development split, with an image-clustered evaluation interval",results/closure/reconstructed_statistics.json,88edeaf6ec787d754c8b0e006e00556895ea69dd8cbd215f391265c9e9643097,v2_dev,train_40k,concat,0|1|2|3|42,5,0.53938,0.00376,0.52831|0.55158,"evaluation-sampling, image-clustered",represented development imageId,7714,768,100,v2_closed_vocab_top1_index_match,SECONDARY,DESCRIPTIVE_ONLY,READY,best development epoch,true,,VE0-TAB-A3,R_APPENDIX_REPRESENTATION,,VE0-TAB-A3,"Development-set result on one GQA subset. The clean test is embargoed and unread, so no held-out generalisation is claimed. Representation quality is not isolated: encoder, embedding width (512 against 768) and head input width all move together. The training streams are not paired and the seed label does not pair two runs. At train_250k no clustered contrast exists, because the CLIP partner is the stopped v2_07 family."
EV-ARM-e2.fusion.train_250k,ARM,e2,S09_REPRESENTATION_QUALITY,CORE,e2/fusion/train_250k,"system accuracy on the development split, with an image-clustered evaluation interval",results/closure/reconstructed_statistics.json,88edeaf6ec787d754c8b0e006e00556895ea69dd8cbd215f391265c9e9643097,v2_dev,train_250k,fusion,0|1|2|3|42,5,0.59388,0.00317,0.58229|0.60529,"evaluation-sampling, image-clustered",represented development imageId,7714,768,100,v2_closed_vocab_top1_index_match,SECONDARY,DESCRIPTIVE_ONLY,READY,best development epoch,true,,VE0-TAB-A3,R_APPENDIX_REPRESENTATION,,VE0-TAB-A3,"Development-set result on one GQA subset. The clean test is embargoed and unread, so no held-out generalisation is claimed. Representation quality is not isolated: encoder, embedding width (512 against 768) and head input width all move together. The training streams are not paired and the seed label does not pair two runs. At train_250k no clustered contrast exists, because the CLIP partner is the stopped v2_07 family."
EV-ARM-e2.fusion.train_40k,ARM,e2,S09_REPRESENTATION_QUALITY,CORE,e2/fusion/train_40k,"system accuracy on the development split, with an image-clustered evaluation interval",results/closure/reconstructed_statistics.json,88edeaf6ec787d754c8b0e006e00556895ea69dd8cbd215f391265c9e9643097,v2_dev,train_40k,fusion,0|1|2|3|42,5,0.55315,0.00249,0.54183|0.56511,"evaluation-sampling, image-clustered",represented development imageId,7714,768,100,v2_closed_vocab_top1_index_match,SECONDARY,DESCRIPTIVE_ONLY,READY,best development epoch,true,,VE0-TAB-A3,R_APPENDIX_REPRESENTATION,,VE0-TAB-A3,"Development-set result on one GQA subset. The clean test is embargoed and unread, so no held-out generalisation is claimed. Representation quality is not isolated: encoder, embedding width (512 against 768) and head input width all move together. The training streams are not paired and the seed label does not pair two runs. At train_250k no clustered contrast exists, because the CLIP partner is the stopped v2_07 family."
EV-ARM-e2.product.train_250k,ARM,e2,S09_REPRESENTATION_QUALITY,CORE,e2/product/train_250k,"system accuracy on the development split, with an image-clustered evaluation interval",results/closure/reconstructed_statistics.json,88edeaf6ec787d754c8b0e006e00556895ea69dd8cbd215f391265c9e9643097,v2_dev,train_250k,product,0|1|2|3|42,5,0.59803,0.00355,0.58638|0.60924,"evaluation-sampling, image-clustered",represented development imageId,7714,768,100,v2_closed_vocab_top1_index_match,SECONDARY,DESCRIPTIVE_ONLY,READY,best development epoch,true,,VE0-TAB-A3,R_APPENDIX_REPRESENTATION,,VE0-TAB-A3,"Development-set result on one GQA subset. The clean test is embargoed and unread, so no held-out generalisation is claimed. Representation quality is not isolated: encoder, embedding width (512 against 768) and head input width all move together. The training streams are not paired and the seed label does not pair two runs. At train_250k no clustered contrast exists, because the CLIP partner is the stopped v2_07 family."
EV-ARM-e2.product.train_40k,ARM,e2,S09_REPRESENTATION_QUALITY,CORE,e2/product/train_40k,"system accuracy on the development split, with an image-clustered evaluation interval",results/closure/reconstructed_statistics.json,88edeaf6ec787d754c8b0e006e00556895ea69dd8cbd215f391265c9e9643097,v2_dev,train_40k,product,0|1|2|3|42,5,0.55027,0.00245,0.53918|0.56197,"evaluation-sampling, image-clustered",represented development imageId,7714,768,100,v2_closed_vocab_top1_index_match,SECONDARY,DESCRIPTIVE_ONLY,READY,best development epoch,true,,VE0-TAB-A3,R_APPENDIX_REPRESENTATION,,VE0-TAB-A3,"Development-set result on one GQA subset. The clean test is embargoed and unread, so no held-out generalisation is claimed. Representation quality is not isolated: encoder, embedding width (512 against 768) and head input width all move together. The training streams are not paired and the seed label does not pair two runs. At train_250k no clustered contrast exists, because the CLIP partner is the stopped v2_07 family."
EV-ARM-e2.question_only.train_250k,ARM,e2,S09_REPRESENTATION_QUALITY,CORE,e2/question_only/train_250k,"system accuracy on the development split, with an image-clustered evaluation interval",results/closure/reconstructed_statistics.json,88edeaf6ec787d754c8b0e006e00556895ea69dd8cbd215f391265c9e9643097,v2_dev,train_250k,question_only,0|1|2|3|42,5,0.50236,0.00449,0.4918|0.51268,"evaluation-sampling, image-clustered",represented development imageId,7714,768,100,v2_closed_vocab_top1_index_match,SECONDARY,DESCRIPTIVE_ONLY,READY,best development epoch,true,,VE0-TAB-A3,R_APPENDIX_REPRESENTATION,,VE0-TAB-A3,"Development-set result on one GQA subset. The clean test is embargoed and unread, so no held-out generalisation is claimed. Representation quality is not isolated: encoder, embedding width (512 against 768) and head input width all move together. The training streams are not paired and the seed label does not pair two runs. At train_250k no clustered contrast exists, because the CLIP partner is the stopped v2_07 family."
EV-ARM-e2.question_only.train_40k,ARM,e2,S09_REPRESENTATION_QUALITY,CORE,e2/question_only/train_40k,"system accuracy on the development split, with an image-clustered evaluation interval",results/closure/reconstructed_statistics.json,88edeaf6ec787d754c8b0e006e00556895ea69dd8cbd215f391265c9e9643097,v2_dev,train_40k,question_only,0|1|2|3|42,5,0.46611,0.00215,0.45494|0.47711,"evaluation-sampling, image-clustered",represented development imageId,7714,768,100,v2_closed_vocab_top1_index_match,SECONDARY,DESCRIPTIVE_ONLY,READY,best development epoch,true,,VE0-TAB-A3,R_APPENDIX_REPRESENTATION,,VE0-TAB-A3,"Development-set result on one GQA subset. The clean test is embargoed and unread, so no held-out generalisation is claimed. Representation quality is not isolated: encoder, embedding width (512 against 768) and head input width all move together. The training streams are not paired and the seed label does not pair two runs. At train_250k no clustered contrast exists, because the CLIP partner is the stopped v2_07 family."
EV-ARM-e3.concat.train_250k,ARM,e3,S00_OFF_SEQUENCE,APPENDIX,e3/concat/train_250k,"system accuracy on the development split, with an image-clustered evaluation interval",results/closure/reconstructed_statistics.json,88edeaf6ec787d754c8b0e006e00556895ea69dd8cbd215f391265c9e9643097,v2_1000_dev,train_250k,concat,0|1|2|3|42,5,0.49111,0.00176,0.47957|0.50229,"evaluation-sampling, image-clustered",represented development imageId,9823,776,1000,v2_closed_vocab_top1_index_match,SECONDARY,DESCRIPTIVE_ONLY,READY,best development epoch,true,VE0-FIG-A3,,R_APPENDIX_ANSWER_SET,,VE0-FIG-A3,"Development-set result on one GQA subset. The clean test is embargoed and unread, so no held-out generalisation is claimed. Top-100 and top-1000 results are never paired: different development rows (7,714 against 9,823), a different class count and different training rows. Class competition and the smaller head-answer share of a fixed budget are confounded."
EV-ARM-e3.concat.train_40k,ARM,e3,S00_OFF_SEQUENCE,APPENDIX,e3/concat/train_40k,"system accuracy on the development split, with an image-clustered evaluation interval",results/closure/reconstructed_statistics.json,88edeaf6ec787d754c8b0e006e00556895ea69dd8cbd215f391265c9e9643097,v2_1000_dev,train_40k,concat,0|1|2|3|42,5,0.43262,0.00236,0.42139|0.44438,"evaluation-sampling, image-clustered",represented development imageId,9823,776,1000,v2_closed_vocab_top1_index_match,SECONDARY,DESCRIPTIVE_ONLY,READY,best development epoch,true,VE0-FIG-A3,,R_APPENDIX_ANSWER_SET,,VE0-FIG-A3,"Development-set result on one GQA subset. The clean test is embargoed and unread, so no held-out generalisation is claimed. Top-100 and top-1000 results are never paired: different development rows (7,714 against 9,823), a different class count and different training rows. Class competition and the smaller head-answer share of a fixed budget are confounded."
EV-ARM-e3.fusion.train_250k,ARM,e3,S00_OFF_SEQUENCE,APPENDIX,e3/fusion/train_250k,"system accuracy on the development split, with an image-clustered evaluation interval",results/closure/reconstructed_statistics.json,88edeaf6ec787d754c8b0e006e00556895ea69dd8cbd215f391265c9e9643097,v2_1000_dev,train_250k,fusion,0|1|2|3|42,5,0.49547,0.00232,0.48321|0.50775,"evaluation-sampling, image-clustered",represented development imageId,9823,776,1000,v2_closed_vocab_top1_index_match,SECONDARY,DESCRIPTIVE_ONLY,READY,best development epoch,true,VE0-FIG-A3,,R_APPENDIX_ANSWER_SET,,VE0-FIG-A3,"Development-set result on one GQA subset. The clean test is embargoed and unread, so no held-out generalisation is claimed. Top-100 and top-1000 results are never paired: different development rows (7,714 against 9,823), a different class count and different training rows. Class competition and the smaller head-answer share of a fixed budget are confounded."
EV-ARM-e3.fusion.train_40k,ARM,e3,S00_OFF_SEQUENCE,APPENDIX,e3/fusion/train_40k,"system accuracy on the development split, with an image-clustered evaluation interval",results/closure/reconstructed_statistics.json,88edeaf6ec787d754c8b0e006e00556895ea69dd8cbd215f391265c9e9643097,v2_1000_dev,train_40k,fusion,0|1|2|3|42,5,0.44691,0.00254,0.43553|0.45921,"evaluation-sampling, image-clustered",represented development imageId,9823,776,1000,v2_closed_vocab_top1_index_match,SECONDARY,DESCRIPTIVE_ONLY,READY,best development epoch,true,VE0-FIG-A3,,R_APPENDIX_ANSWER_SET,,VE0-FIG-A3,"Development-set result on one GQA subset. The clean test is embargoed and unread, so no held-out generalisation is claimed. Top-100 and top-1000 results are never paired: different development rows (7,714 against 9,823), a different class count and different training rows. Class competition and the smaller head-answer share of a fixed budget are confounded."
EV-ARM-e3.product.train_250k,ARM,e3,S00_OFF_SEQUENCE,APPENDIX,e3/product/train_250k,"system accuracy on the development split, with an image-clustered evaluation interval",results/closure/reconstructed_statistics.json,88edeaf6ec787d754c8b0e006e00556895ea69dd8cbd215f391265c9e9643097,v2_1000_dev,train_250k,product,0|1|2|3|42,5,0.49946,0.00248,0.48765|0.5106,"evaluation-sampling, image-clustered",represented development imageId,9823,776,1000,v2_closed_vocab_top1_index_match,SECONDARY,DESCRIPTIVE_ONLY,READY,best development epoch,true,VE0-FIG-A3,,R_APPENDIX_ANSWER_SET,,VE0-FIG-A3,"Development-set result on one GQA subset. The clean test is embargoed and unread, so no held-out generalisation is claimed. Top-100 and top-1000 results are never paired: different development rows (7,714 against 9,823), a different class count and different training rows. Class competition and the smaller head-answer share of a fixed budget are confounded."
EV-ARM-e3.product.train_40k,ARM,e3,S00_OFF_SEQUENCE,APPENDIX,e3/product/train_40k,"system accuracy on the development split, with an image-clustered evaluation interval",results/closure/reconstructed_statistics.json,88edeaf6ec787d754c8b0e006e00556895ea69dd8cbd215f391265c9e9643097,v2_1000_dev,train_40k,product,0|1|2|3|42,5,0.44382,0.00218,0.43255|0.45563,"evaluation-sampling, image-clustered",represented development imageId,9823,776,1000,v2_closed_vocab_top1_index_match,SECONDARY,DESCRIPTIVE_ONLY,READY,best development epoch,true,VE0-FIG-A3,,R_APPENDIX_ANSWER_SET,,VE0-FIG-A3,"Development-set result on one GQA subset. The clean test is embargoed and unread, so no held-out generalisation is claimed. Top-100 and top-1000 results are never paired: different development rows (7,714 against 9,823), a different class count and different training rows. Class competition and the smaller head-answer share of a fixed budget are confounded."
EV-ARM-e3.question_only.train_250k,ARM,e3,S00_OFF_SEQUENCE,APPENDIX,e3/question_only/train_250k,"system accuracy on the development split, with an image-clustered evaluation interval",results/closure/reconstructed_statistics.json,88edeaf6ec787d754c8b0e006e00556895ea69dd8cbd215f391265c9e9643097,v2_1000_dev,train_250k,question_only,0|1|2|3|42,5,0.40625,0.00359,0.3963|0.41655,"evaluation-sampling, image-clustered",represented development imageId,9823,776,1000,v2_closed_vocab_top1_index_match,SECONDARY,DESCRIPTIVE_ONLY,READY,best development epoch,true,VE0-FIG-A3,,R_APPENDIX_ANSWER_SET,,VE0-FIG-A3,"Development-set result on one GQA subset. The clean test is embargoed and unread, so no held-out generalisation is claimed. Top-100 and top-1000 results are never paired: different development rows (7,714 against 9,823), a different class count and different training rows. Class competition and the smaller head-answer share of a fixed budget are confounded."
EV-ARM-e3.question_only.train_40k,ARM,e3,S00_OFF_SEQUENCE,APPENDIX,e3/question_only/train_40k,"system accuracy on the development split, with an image-clustered evaluation interval",results/closure/reconstructed_statistics.json,88edeaf6ec787d754c8b0e006e00556895ea69dd8cbd215f391265c9e9643097,v2_1000_dev,train_40k,question_only,0|1|2|3|42,5,0.36738,0.00084,0.35698|0.37793,"evaluation-sampling, image-clustered",represented development imageId,9823,776,1000,v2_closed_vocab_top1_index_match,SECONDARY,DESCRIPTIVE_ONLY,READY,best development epoch,true,VE0-FIG-A3,,R_APPENDIX_ANSWER_SET,,VE0-FIG-A3,"Development-set result on one GQA subset. The clean test is embargoed and unread, so no held-out generalisation is claimed. Top-100 and top-1000 results are never paired: different development rows (7,714 against 9,823), a different class count and different training rows. Class competition and the smaller head-answer share of a fixed budget are confounded."
EV-ARM-v2_02.concat.train_40k,ARM,v2_02,S02_MULTIMODAL_FUSION,CORE,v2_02/concat/train_40k,"system accuracy on the development split, with an image-clustered evaluation interval",results/closure/reconstructed_statistics.json,88edeaf6ec787d754c8b0e006e00556895ea69dd8cbd215f391265c9e9643097,v2_dev,train_40k,concat,0|1|2|3|42,5,0.52398,0.00276,0.51265|0.53504,"evaluation-sampling, image-clustered",represented development imageId,7714,768,100,v2_closed_vocab_top1_index_match,SECONDARY,DESCRIPTIVE_ONLY,READY,"best development epoch (early stopping on development accuracy, best-on-development checkpointing)",true,VE0-FIG-02,VE0-TAB-01,R1_BASELINES_AND_FUSION,SLIDE-04-FUSION-HELPS-BUT,NOT_APPLICABLE,"Development-set result on one GQA subset. The clean test is embargoed and unread, so no held-out generalisation is claimed."
EV-ARM-v2_02.fusion.train_40k,ARM,v2_02,S02_MULTIMODAL_FUSION,CORE,v2_02/fusion/train_40k,"system accuracy on the development split, with an image-clustered evaluation interval",results/closure/reconstructed_statistics.json,88edeaf6ec787d754c8b0e006e00556895ea69dd8cbd215f391265c9e9643097,v2_dev,train_40k,fusion,0|1|2|3|42,5,0.5384,0.00218,0.52679|0.55028,"evaluation-sampling, image-clustered",represented development imageId,7714,768,100,v2_closed_vocab_top1_index_match,SECONDARY,DESCRIPTIVE_ONLY,READY,"best development epoch (early stopping on development accuracy, best-on-development checkpointing)",true,VE0-FIG-02,VE0-TAB-01,R1_BASELINES_AND_FUSION,SLIDE-04-FUSION-HELPS-BUT,NOT_APPLICABLE,"Development-set result on one GQA subset. The clean test is embargoed and unread, so no held-out generalisation is claimed."
EV-ARM-v2_02.image_only.train_40k,ARM,v2_02,S02_MULTIMODAL_FUSION,CORE,v2_02/image_only/train_40k,"system accuracy on the development split, with an image-clustered evaluation interval",results/closure/reconstructed_statistics.json,88edeaf6ec787d754c8b0e006e00556895ea69dd8cbd215f391265c9e9643097,v2_dev,train_40k,image_only,0|1|2|3|42,5,0.23438,0.00033,0.22586|0.24374,"evaluation-sampling, image-clustered",represented development imageId,7714,768,100,v2_closed_vocab_top1_index_match,SECONDARY,DESCRIPTIVE_ONLY,READY,"best development epoch (early stopping on development accuracy, best-on-development checkpointing)",true,VE0-FIG-02,VE0-TAB-01,R1_BASELINES_AND_FUSION,SLIDE-04-FUSION-HELPS-BUT,NOT_APPLICABLE,"Development-set result on one GQA subset. The clean test is embargoed and unread, so no held-out generalisation is claimed."
EV-ARM-v2_02.question_only.train_40k,ARM,v2_02,S02_MULTIMODAL_FUSION,CORE,v2_02/question_only/train_40k,"system accuracy on the development split, with an image-clustered evaluation interval",results/closure/reconstructed_statistics.json,88edeaf6ec787d754c8b0e006e00556895ea69dd8cbd215f391265c9e9643097,v2_dev,train_40k,question_only,0|1|2|3|42,5,0.45797,0.0029,0.44717|0.46917,"evaluation-sampling, image-clustered",represented development imageId,7714,768,100,v2_closed_vocab_top1_index_match,SECONDARY,DESCRIPTIVE_ONLY,READY,"best development epoch (early stopping on development accuracy, best-on-development checkpointing)",true,VE0-FIG-02,VE0-TAB-01,R1_BASELINES_AND_FUSION,SLIDE-04-FUSION-HELPS-BUT,NOT_APPLICABLE,"Development-set result on one GQA subset. The clean test is embargoed and unread, so no held-out generalisation is claimed."
EV-ARM-v2_03.concat_wide.train_40k,ARM,v2_03,S03_CAPACITY_MATCHING,CORE,v2_03/concat_wide/train_40k,"system accuracy on the development split, with an image-clustered evaluation interval",results/closure/reconstructed_statistics.json,88edeaf6ec787d754c8b0e006e00556895ea69dd8cbd215f391265c9e9643097,v2_dev,train_40k,concat_wide,0|1|2|3|42,5,0.53262,0.00259,0.52154|0.54394,"evaluation-sampling, image-clustered",represented development imageId,7714,768,100,v2_closed_vocab_top1_index_match,SECONDARY,DESCRIPTIVE_ONLY,READY,best development epoch,true,VE0-FIG-02,VE0-TAB-01,R1_BASELINES_AND_FUSION,SLIDE-04-FUSION-HELPS-BUT,NOT_APPLICABLE,"Development-set result on one GQA subset. The clean test is embargoed and unread, so no held-out generalisation is claimed."
EV-ARM-v2_03.fusion_narrow.train_40k,ARM,v2_03,S03_CAPACITY_MATCHING,CORE,v2_03/fusion_narrow/train_40k,"system accuracy on the development split, with an image-clustered evaluation interval",results/closure/reconstructed_statistics.json,88edeaf6ec787d754c8b0e006e00556895ea69dd8cbd215f391265c9e9643097,v2_dev,train_40k,fusion_narrow,0|1|2|3|42,5,0.53342,0.00139,0.5213|0.54546,"evaluation-sampling, image-clustered",represented development imageId,7714,768,100,v2_closed_vocab_top1_index_match,SECONDARY,DESCRIPTIVE_ONLY,READY,best development epoch,true,VE0-FIG-02,VE0-TAB-01,R1_BASELINES_AND_FUSION,SLIDE-04-FUSION-HELPS-BUT,NOT_APPLICABLE,"Development-set result on one GQA subset. The clean test is embargoed and unread, so no held-out generalisation is claimed."
EV-ARM-v2_04.difference_576k.train_40k,ARM,v2_04,S04_FEATURE_ABLATION,SUPPORTING,v2_04/difference_576k/train_40k,"system accuracy on the development split, with an image-clustered evaluation interval",results/closure/reconstructed_statistics.json,88edeaf6ec787d754c8b0e006e00556895ea69dd8cbd215f391265c9e9643097,v2_dev,train_40k,difference_576k,0|1|2|3|42,5,0.53342,0.00107,0.52195|0.54497,"evaluation-sampling, image-clustered",represented development imageId,7714,768,100,v2_closed_vocab_top1_index_match,SECONDARY,DESCRIPTIVE_ONLY,READY,best development epoch,true,,,,,NOT_APPLICABLE,"Development-set result on one GQA subset. The clean test is embargoed and unread, so no held-out generalisation is claimed."
EV-ARM-v2_04.difference_natural.train_40k,ARM,v2_04,S04_FEATURE_ABLATION,SUPPORTING,v2_04/difference_natural/train_40k,"system accuracy on the development split, with an image-clustered evaluation interval",results/closure/reconstructed_statistics.json,88edeaf6ec787d754c8b0e006e00556895ea69dd8cbd215f391265c9e9643097,v2_dev,train_40k,difference_natural,0|1|2|3|42,5,0.53399,0.00026,0.52244|0.54583,"evaluation-sampling, image-clustered",represented development imageId,7714,768,100,v2_closed_vocab_top1_index_match,SECONDARY,DESCRIPTIVE_ONLY,READY,best development epoch,true,,,,,NOT_APPLICABLE,"Development-set result on one GQA subset. The clean test is embargoed and unread, so no held-out generalisation is claimed."
EV-ARM-v2_04.product_576k.train_40k,ARM,v2_04,S04_FEATURE_ABLATION,SUPPORTING,v2_04/product_576k/train_40k,"system accuracy on the development split, with an image-clustered evaluation interval",results/closure/reconstructed_statistics.json,88edeaf6ec787d754c8b0e006e00556895ea69dd8cbd215f391265c9e9643097,v2_dev,train_40k,product_576k,0|1|2|3|42,5,0.53355,0.00312,0.52221|0.54505,"evaluation-sampling, image-clustered",represented development imageId,7714,768,100,v2_closed_vocab_top1_index_match,SECONDARY,DESCRIPTIVE_ONLY,READY,best development epoch,true,,,,,NOT_APPLICABLE,"Development-set result on one GQA subset. The clean test is embargoed and unread, so no held-out generalisation is claimed."
EV-ARM-v2_04.product_natural.train_40k,ARM,v2_04,S04_FEATURE_ABLATION,SUPPORTING,v2_04/product_natural/train_40k,"system accuracy on the development split, with an image-clustered evaluation interval",results/closure/reconstructed_statistics.json,88edeaf6ec787d754c8b0e006e00556895ea69dd8cbd215f391265c9e9643097,v2_dev,train_40k,product_natural,0|1|2|3|42,5,0.53671,0.00101,0.52549|0.54847,"evaluation-sampling, image-clustered",represented development imageId,7714,768,100,v2_closed_vocab_top1_index_match,SECONDARY,DESCRIPTIVE_ONLY,READY,best development epoch,true,,,,,NOT_APPLICABLE,"Development-set result on one GQA subset. The clean test is embargoed and unread, so no held-out generalisation is claimed."
EV-ARM-v2_06.concat.shuffled.train_40k,ARM,v2_06,S07_VISUAL_RELIANCE,CORE,v2_06/concat/shuffled/train_40k,"system accuracy on the development split, with an image-clustered evaluation interval",results/closure/reconstructed_statistics.json,88edeaf6ec787d754c8b0e006e00556895ea69dd8cbd215f391265c9e9643097,v2_dev,train_40k,concat,0|1|2|3|42,5,0.4069,0.00329,0.39702|0.41745,"evaluation-sampling, image-clustered",represented development imageId,7714,768,100,v2_closed_vocab_top1_index_match,SECONDARY,DESCRIPTIVE_ONLY,READY,best development epoch,true,,,,,NOT_APPLICABLE,"Development-set result on one GQA subset. The clean test is embargoed and unread, so no held-out generalisation is claimed. A drop under a wrong or removed image demonstrates reliance on the image. It is NOT proof of robust visual reasoning, of grounding or of compositional understanding. The question-only drop is exactly zero by construction and is a control, not a result."
EV-ARM-v2_06.fusion.shuffled.train_40k,ARM,v2_06,S07_VISUAL_RELIANCE,CORE,v2_06/fusion/shuffled/train_40k,"system accuracy on the development split, with an image-clustered evaluation interval",results/closure/reconstructed_statistics.json,88edeaf6ec787d754c8b0e006e00556895ea69dd8cbd215f391265c9e9643097,v2_dev,train_40k,fusion,0|1|2|3|42,5,0.3957,0.00258,0.38511|0.40684,"evaluation-sampling, image-clustered",represented development imageId,7714,768,100,v2_closed_vocab_top1_index_match,SECONDARY,DESCRIPTIVE_ONLY,READY,best development epoch,true,,,,,NOT_APPLICABLE,"Development-set result on one GQA subset. The clean test is embargoed and unread, so no held-out generalisation is claimed. A drop under a wrong or removed image demonstrates reliance on the image. It is NOT proof of robust visual reasoning, of grounding or of compositional understanding. The question-only drop is exactly zero by construction and is a control, not a result."
EV-ARM-v2_06.image_only.shuffled.train_40k,ARM,v2_06,S07_VISUAL_RELIANCE,CORE,v2_06/image_only/shuffled/train_40k,"system accuracy on the development split, with an image-clustered evaluation interval",results/closure/reconstructed_statistics.json,88edeaf6ec787d754c8b0e006e00556895ea69dd8cbd215f391265c9e9643097,v2_dev,train_40k,image_only,0|1|2|3|42,5,0.21076,0.01012,0.20234|0.21937,"evaluation-sampling, image-clustered",represented development imageId,7714,768,100,v2_closed_vocab_top1_index_match,SECONDARY,DESCRIPTIVE_ONLY,READY,best development epoch,true,,,,,NOT_APPLICABLE,"Development-set result on one GQA subset. The clean test is embargoed and unread, so no held-out generalisation is claimed. A drop under a wrong or removed image demonstrates reliance on the image. It is NOT proof of robust visual reasoning, of grounding or of compositional understanding. The question-only drop is exactly zero by construction and is a control, not a result."
EV-ARM-v2_06.product_576k.shuffled.train_40k,ARM,v2_06,S07_VISUAL_RELIANCE,CORE,v2_06/product_576k/shuffled/train_40k,"system accuracy on the development split, with an image-clustered evaluation interval",results/closure/reconstructed_statistics.json,88edeaf6ec787d754c8b0e006e00556895ea69dd8cbd215f391265c9e9643097,v2_dev,train_40k,product_576k,0|1|2|3|42,5,0.40539,0.002,0.3954|0.41618,"evaluation-sampling, image-clustered",represented development imageId,7714,768,100,v2_closed_vocab_top1_index_match,SECONDARY,DESCRIPTIVE_ONLY,READY,best development epoch,true,,,,,NOT_APPLICABLE,"Development-set result on one GQA subset. The clean test is embargoed and unread, so no held-out generalisation is claimed. A drop under a wrong or removed image demonstrates reliance on the image. It is NOT proof of robust visual reasoning, of grounding or of compositional understanding. The question-only drop is exactly zero by construction and is a control, not a result."
EV-ARM-v2_06.question_only.shuffled.train_40k,ARM,v2_06,S07_VISUAL_RELIANCE,CORE,v2_06/question_only/shuffled/train_40k,"system accuracy on the development split, with an image-clustered evaluation interval",results/closure/reconstructed_statistics.json,88edeaf6ec787d754c8b0e006e00556895ea69dd8cbd215f391265c9e9643097,v2_dev,train_40k,question_only,0|1|2|3|42,5,0.45797,0.0029,0.44717|0.46917,"evaluation-sampling, image-clustered",represented development imageId,7714,768,100,v2_closed_vocab_top1_index_match,SECONDARY,DESCRIPTIVE_ONLY,READY,best development epoch,true,,,,,NOT_APPLICABLE,"Development-set result on one GQA subset. The clean test is embargoed and unread, so no held-out generalisation is claimed. A drop under a wrong or removed image demonstrates reliance on the image. It is NOT proof of robust visual reasoning, of grounding or of compositional understanding. The question-only drop is exactly zero by construction and is a control, not a result."
EV-CON-E10.difference_in_differences,CON,E10,S12_ANSWER_SIDE_SLM_360M,CORE,E10/difference_in_differences,"paired contrast, effect in accuracy points",results/experiments/e10_capacity_360m_core/e10_core_analysis.json,37ffdcd09aa2bcd306ca9b54229a1d0d17ff203b6b0900e09e5f876ad1ed0748,v2_dev,train_40k vs train_250k,E10/difference_in_differences,0|1|2,3,0.00445,0.01815,-0.00709|0.01641,"evaluation-sampling, image-clustered",represented development imageId,7714,768,100,g21_pinned_normalised_exact_match,PRIMARY,CLEAN_PAIRED_CONTROL,READY,"fixed epoch 22, no early stopping; epoch 22 is the sole primary",false,VE0-FIG-08,VE0-TAB-05|VE0-TAB-A4,R6_QUESTION_SIDE_SLM|R7_ANSWER_SIDE_AND_CAPACITY|R_APPENDIX_STATISTICS,SLIDE-10-PRETRAINING-IS-INTERFACE-DEPENDENT,VE0-TAB-A4,"Development-set result on one GQA subset. The clean test is embargoed and unread, so no held-out generalisation is claimed. Both pretraining-effect intervals contain zero and the seeds disagree in sign; they establish neither equivalence nor the absence of an effect. The 135M-to-360M step is whole-system capacity sensitivity, not an isolated causal language-model-size effect: trainable capacity moves too, 21,343,808 to 21,540,800 parameters, because the projection width follows the hidden size. The difference in differences is not directional; its interval contains zero. It gives no reliable evidence that any answer-side pretraining contribution grows with training scale."
EV-CON-E10.pretraining_effect.train_250k,CON,E10,S12_ANSWER_SIDE_SLM_360M,CORE,E10/pretraining_effect/train_250k,"paired contrast, effect in accuracy points",results/experiments/e10_capacity_360m_core/e10_core_analysis.json,37ffdcd09aa2bcd306ca9b54229a1d0d17ff203b6b0900e09e5f876ad1ed0748,v2_dev,train_250k,pretraining_effect,0|1|2,3,-0.00238,0.01105,-0.01071|0.00588,"evaluation-sampling, image-clustered",represented development imageId,7714,768,100,g21_pinned_normalised_exact_match,PRIMARY,CLEAN_PAIRED_CONTROL,READY,"fixed epoch 22, no early stopping; epoch 22 is the sole primary",false,VE0-FIG-08,VE0-TAB-05|VE0-TAB-A4,R6_QUESTION_SIDE_SLM|R7_ANSWER_SIDE_AND_CAPACITY|R_APPENDIX_STATISTICS,SLIDE-10-PRETRAINING-IS-INTERFACE-DEPENDENT,VE0-TAB-A4,"Development-set result on one GQA subset. The clean test is embargoed and unread, so no held-out generalisation is claimed. Both pretraining-effect intervals contain zero and the seeds disagree in sign; they establish neither equivalence nor the absence of an effect. The 135M-to-360M step is whole-system capacity sensitivity, not an isolated causal language-model-size effect: trainable capacity moves too, 21,343,808 to 21,540,800 parameters, because the projection width follows the hidden size."
EV-CON-E10.pretraining_effect.train_40k,CON,E10,S12_ANSWER_SIDE_SLM_360M,CORE,E10/pretraining_effect/train_40k,"paired contrast, effect in accuracy points",results/experiments/e10_capacity_360m_core/e10_core_analysis.json,37ffdcd09aa2bcd306ca9b54229a1d0d17ff203b6b0900e09e5f876ad1ed0748,v2_dev,train_40k,pretraining_effect,0|1|2,3,-0.00683,0.00939,-0.01508|0.00114,"evaluation-sampling, image-clustered",represented development imageId,7714,768,100,g21_pinned_normalised_exact_match,PRIMARY,CLEAN_PAIRED_CONTROL,READY,"fixed epoch 22, no early stopping; epoch 22 is the sole primary",false,VE0-FIG-08,VE0-TAB-05|VE0-TAB-A4,R6_QUESTION_SIDE_SLM|R7_ANSWER_SIDE_AND_CAPACITY|R_APPENDIX_STATISTICS,SLIDE-10-PRETRAINING-IS-INTERFACE-DEPENDENT,VE0-TAB-A4,"Development-set result on one GQA subset. The clean test is embargoed and unread, so no held-out generalisation is claimed. Both pretraining-effect intervals contain zero and the seeds disagree in sign; they establish neither equivalence nor the absence of an effect. The 135M-to-360M step is whole-system capacity sensitivity, not an isolated causal language-model-size effect: trainable capacity moves too, 21,343,808 to 21,540,800 parameters, because the projection width follows the hidden size."
EV-CON-E10.scale_effect_B4,CON,E10,S12_ANSWER_SIDE_SLM_360M,CORE,E10/scale_effect_B4,"paired contrast, effect in accuracy points",results/experiments/e10_capacity_360m_core/e10_core_analysis.json,37ffdcd09aa2bcd306ca9b54229a1d0d17ff203b6b0900e09e5f876ad1ed0748,v2_dev,train_40k vs train_250k,E10/scale_effect_B4,0|1|2,3,0.06771,0.01208,0.058|0.07738,"evaluation-sampling, image-clustered",represented development imageId,7714,768,100,g21_pinned_normalised_exact_match,PRIMARY,CLEAN_PAIRED_CONTROL,READY,"fixed epoch 22, no early stopping; epoch 22 is the sole primary",true,,VE0-TAB-03|VE0-TAB-A4,R3_SCALING_BEHAVIOUR|R_APPENDIX_STATISTICS,,VE0-TAB-A4,"Development-set result on one GQA subset. The clean test is embargoed and unread, so no held-out generalisation is claimed. Both pretraining-effect intervals contain zero and the seeds disagree in sign; they establish neither equivalence nor the absence of an effect. The 135M-to-360M step is whole-system capacity sensitivity, not an isolated causal language-model-size effect: trainable capacity moves too, 21,343,808 to 21,540,800 parameters, because the projection width follows the hidden size."
EV-CON-E10.scale_effect_B4r,CON,E10,S12_ANSWER_SIDE_SLM_360M,CORE,E10/scale_effect_B4r,"paired contrast, effect in accuracy points",results/experiments/e10_capacity_360m_core/e10_core_analysis.json,37ffdcd09aa2bcd306ca9b54229a1d0d17ff203b6b0900e09e5f876ad1ed0748,v2_dev,train_40k vs train_250k,E10/scale_effect_B4r,0|1|2,3,0.06326,0.00611,0.05287|0.07296,"evaluation-sampling, image-clustered",represented development imageId,7714,768,100,g21_pinned_normalised_exact_match,PRIMARY,CLEAN_PAIRED_CONTROL,READY,"fixed epoch 22, no early stopping; epoch 22 is the sole primary",true,,VE0-TAB-03|VE0-TAB-A4,R3_SCALING_BEHAVIOUR|R_APPENDIX_STATISTICS,,VE0-TAB-A4,"Development-set result on one GQA subset. The clean test is embargoed and unread, so no held-out generalisation is claimed. Both pretraining-effect intervals contain zero and the seeds disagree in sign; they establish neither equivalence nor the absence of an effect. The 135M-to-360M step is whole-system capacity sensitivity, not an isolated causal language-model-size effect: trainable capacity moves too, 21,343,808 to 21,540,800 parameters, because the projection width follows the hidden size."
EV-CON-E8A.A0p_minus_A1r.train_250k,CON,E8A,S10_QUESTION_SIDE_SLM,CORE,E8A/A0p_minus_A1r/train_250k,"paired contrast, effect in accuracy points",results/experiments/e8a_question_encoder/core_analysis_g21.json,9774bd5bf4ead561635327645397314a9cc4dd7262dccc20f9c184f73ef31562,v2_dev,train_250k,A0p_minus_A1r,0|1|2,3,0.06966,0.00481,0.05951|0.0792,"evaluation-sampling, image-clustered",represented development imageId,7714,768,100,g21_pinned_normalised_exact_match,SECONDARY,SYSTEM_LEVEL_COMPARISON,READY,"best development epoch, patience 10, at most 100 epochs",true,,VE0-TAB-A4,R_APPENDIX_STATISTICS,,VE0-TAB-A4,"Development-set result on one GQA subset. The clean test is embargoed and unread, so no held-out generalisation is claimed. E8A's projected interface is a learned common width, not a naturally shared pretrained embedding space. A1 minus A1r is the only clean within-size question-side pretraining contrast; A1 minus A0p also changes the representation space and the interface."
EV-CON-E8A.A0p_minus_A1r.train_40k,CON,E8A,S10_QUESTION_SIDE_SLM,CORE,E8A/A0p_minus_A1r/train_40k,"paired contrast, effect in accuracy points",results/experiments/e8a_question_encoder/core_analysis_g21.json,9774bd5bf4ead561635327645397314a9cc4dd7262dccc20f9c184f73ef31562,v2_dev,train_40k,A0p_minus_A1r,0|1|2,3,0.05004,0.00546,0.04144|0.05864,"evaluation-sampling, image-clustered",represented development imageId,7714,768,100,g21_pinned_normalised_exact_match,SECONDARY,SYSTEM_LEVEL_COMPARISON,READY,"best development epoch, patience 10, at most 100 epochs",true,,VE0-TAB-A4,R_APPENDIX_STATISTICS,,VE0-TAB-A4,"Development-set result on one GQA subset. The clean test is embargoed and unread, so no held-out generalisation is claimed. E8A's projected interface is a learned common width, not a naturally shared pretrained embedding space. A1 minus A1r is the only clean within-size question-side pretraining contrast; A1 minus A0p also changes the representation space and the interface."
EV-CON-E8A.A1_minus_A0p.train_250k,CON,E8A,S10_QUESTION_SIDE_SLM,CORE,E8A/A1_minus_A0p/train_250k,"paired contrast, effect in accuracy points",results/experiments/e8a_question_encoder/core_analysis_g21.json,9774bd5bf4ead561635327645397314a9cc4dd7262dccc20f9c184f73ef31562,v2_dev,train_250k,A1_minus_A0p,0|1|2,3,-0.0213,0.0014,-0.02983|-0.01253,"evaluation-sampling, image-clustered",represented development imageId,7714,768,100,g21_pinned_normalised_exact_match,SECONDARY,REPRESENTATION_CONFOUNDED,READY,"best development epoch, patience 10, at most 100 epochs",true,,VE0-TAB-A4,R_APPENDIX_STATISTICS,,VE0-TAB-A4,"Development-set result on one GQA subset. The clean test is embargoed and unread, so no held-out generalisation is claimed. E8A's projected interface is a learned common width, not a naturally shared pretrained embedding space. A1 minus A1r is the only clean within-size question-side pretraining contrast; A1 minus A0p also changes the representation space and the interface. Not a pure causal semantics or alignment effect: the two sides differ in representation space, in interface, and in whether the text representation shares a pretrained space with the image representation."
EV-CON-E8A.A1_minus_A0p.train_40k,CON,E8A,S10_QUESTION_SIDE_SLM,CORE,E8A/A1_minus_A0p/train_40k,"paired contrast, effect in accuracy points",results/experiments/e8a_question_encoder/core_analysis_g21.json,9774bd5bf4ead561635327645397314a9cc4dd7262dccc20f9c184f73ef31562,v2_dev,train_40k,A1_minus_A0p,0|1|2,3,-0.01184,0.00143,-0.01996|-0.00427,"evaluation-sampling, image-clustered",represented development imageId,7714,768,100,g21_pinned_normalised_exact_match,SECONDARY,REPRESENTATION_CONFOUNDED,READY,"best development epoch, patience 10, at most 100 epochs",true,,VE0-TAB-A4,R_APPENDIX_STATISTICS,,VE0-TAB-A4,"Development-set result on one GQA subset. The clean test is embargoed and unread, so no held-out generalisation is claimed. E8A's projected interface is a learned common width, not a naturally shared pretrained embedding space. A1 minus A1r is the only clean within-size question-side pretraining contrast; A1 minus A0p also changes the representation space and the interface. Not a pure causal semantics or alignment effect: the two sides differ in representation space, in interface, and in whether the text representation shares a pretrained space with the image representation."
EV-CON-E8A.A1_minus_A1r.train_250k,CON,E8A,S10_QUESTION_SIDE_SLM,CORE,E8A/A1_minus_A1r/train_250k,"paired contrast, effect in accuracy points",results/experiments/e8a_question_encoder/core_analysis_g21.json,9774bd5bf4ead561635327645397314a9cc4dd7262dccc20f9c184f73ef31562,v2_dev,train_250k,A1_minus_A1r,0|1|2,3,0.04835,0.00345,0.03935|0.05803,"evaluation-sampling, image-clustered",represented development imageId,7714,768,100,g21_pinned_normalised_exact_match,PRIMARY,CLEAN_PAIRED_CONTROL,READY,"best development epoch, patience 10, at most 100 epochs",true,VE0-FIG-08,VE0-TAB-05|VE0-TAB-A4,R6_QUESTION_SIDE_SLM|R7_ANSWER_SIDE_AND_CAPACITY|R_APPENDIX_STATISTICS,SLIDE-10-PRETRAINING-IS-INTERFACE-DEPENDENT,VE0-TAB-A4,"Development-set result on one GQA subset. The clean test is embargoed and unread, so no held-out generalisation is claimed. E8A's projected interface is a learned common width, not a naturally shared pretrained embedding space. A1 minus A1r is the only clean within-size question-side pretraining contrast; A1 minus A0p also changes the representation space and the interface."
EV-CON-E8A.A1_minus_A1r.train_40k,CON,E8A,S10_QUESTION_SIDE_SLM,CORE,E8A/A1_minus_A1r/train_40k,"paired contrast, effect in accuracy points",results/experiments/e8a_question_encoder/core_analysis_g21.json,9774bd5bf4ead561635327645397314a9cc4dd7262dccc20f9c184f73ef31562,v2_dev,train_40k,A1_minus_A1r,0|1|2,3,0.0382,0.00419,0.02947|0.0468,"evaluation-sampling, image-clustered",represented development imageId,7714,768,100,g21_pinned_normalised_exact_match,PRIMARY,CLEAN_PAIRED_CONTROL,READY,"best development epoch, patience 10, at most 100 epochs",true,VE0-FIG-08,VE0-TAB-05|VE0-TAB-A4,R6_QUESTION_SIDE_SLM|R7_ANSWER_SIDE_AND_CAPACITY|R_APPENDIX_STATISTICS,SLIDE-10-PRETRAINING-IS-INTERFACE-DEPENDENT,VE0-TAB-A4,"Development-set result on one GQA subset. The clean test is embargoed and unread, so no held-out generalisation is claimed. E8A's projected interface is a learned common width, not a naturally shared pretrained embedding space. A1 minus A1r is the only clean within-size question-side pretraining contrast; A1 minus A0p also changes the representation space and the interface."
EV-CON-E8B.B2_-_B1.train_250k,CON,E8B,S11_ANSWER_SIDE_SLM_135M,CORE,E8B/B2 - B1/train_250k,"paired contrast, effect in accuracy points",results/experiments/e8b_readout_generation/e8b_final_report_20260810.json,0ce63d09454b13b157dd2f58ebefad315c2903f9c1f097497652d7085d466138,v2_dev,train_250k,B2 - B1,0|1|2,3,0.00691,,-0.00112|0.01491,"evaluation-sampling, image-clustered",represented development imageId,7714,768,100,g21_pinned_normalised_exact_match,SECONDARY,SYSTEM_LEVEL_COMPARISON,READY,"fixed epoch 22, no early stopping; epoch 22 is the sole primary",false,,VE0-TAB-A4,R_APPENDIX_STATISTICS,,VE0-TAB-A4,"Development-set result on one GQA subset. The clean test is embargoed and unread, so no held-out generalisation is claimed. An interval containing zero is an absence of a detected effect and establishes neither equivalence nor the absence of an effect. B3 at train_40k has an across-training-seed sd of 0.02795 and must always be shown with its seed spread."
EV-CON-E8B.B2_-_B1.train_40k,CON,E8B,S11_ANSWER_SIDE_SLM_135M,CORE,E8B/B2 - B1/train_40k,"paired contrast, effect in accuracy points",results/experiments/e8b_readout_generation/e8b_final_report_20260810.json,0ce63d09454b13b157dd2f58ebefad315c2903f9c1f097497652d7085d466138,v2_dev,train_40k,B2 - B1,0|1|2,3,-0.01115,,-0.01965|-0.00299,"evaluation-sampling, image-clustered",represented development imageId,7714,768,100,g21_pinned_normalised_exact_match,SECONDARY,SYSTEM_LEVEL_COMPARISON,READY,"fixed epoch 22, no early stopping; epoch 22 is the sole primary",true,,VE0-TAB-A4,R_APPENDIX_STATISTICS,,VE0-TAB-A4,"Development-set result on one GQA subset. The clean test is embargoed and unread, so no held-out generalisation is claimed. An interval containing zero is an absence of a detected effect and establishes neither equivalence nor the absence of an effect. B3 at train_40k has an across-training-seed sd of 0.02795 and must always be shown with its seed spread."
EV-CON-E8B.B3_-_B1.train_250k,CON,E8B,S11_ANSWER_SIDE_SLM_135M,CORE,E8B/B3 - B1/train_250k,"paired contrast, effect in accuracy points",results/experiments/e8b_readout_generation/e8b_final_report_20260810.json,0ce63d09454b13b157dd2f58ebefad315c2903f9c1f097497652d7085d466138,v2_dev,train_250k,B3 - B1,0|1|2,3,0.00216,,-0.00511|0.00952,"evaluation-sampling, image-clustered",represented development imageId,7714,768,100,g21_pinned_normalised_exact_match,SECONDARY,SYSTEM_LEVEL_COMPARISON,READY,"fixed epoch 22, no early stopping; epoch 22 is the sole primary",false,,VE0-TAB-A4,R_APPENDIX_STATISTICS,,VE0-TAB-A4,"Development-set result on one GQA subset. The clean test is embargoed and unread, so no held-out generalisation is claimed. An interval containing zero is an absence of a detected effect and establishes neither equivalence nor the absence of an effect. B3 at train_40k has an across-training-seed sd of 0.02795 and must always be shown with its seed spread."
EV-CON-E8B.B3_-_B1.train_40k,CON,E8B,S11_ANSWER_SIDE_SLM_135M,CORE,E8B/B3 - B1/train_40k,"paired contrast, effect in accuracy points",results/experiments/e8b_readout_generation/e8b_final_report_20260810.json,0ce63d09454b13b157dd2f58ebefad315c2903f9c1f097497652d7085d466138,v2_dev,train_40k,B3 - B1,0|1|2,3,-0.03578,,-0.0442|-0.02749,"evaluation-sampling, image-clustered",represented development imageId,7714,768,100,g21_pinned_normalised_exact_match,SECONDARY,SYSTEM_LEVEL_COMPARISON,READY,"fixed epoch 22, no early stopping; epoch 22 is the sole primary",true,,VE0-TAB-A4,R_APPENDIX_STATISTICS,,VE0-TAB-A4,"Development-set result on one GQA subset. The clean test is embargoed and unread, so no held-out generalisation is claimed. An interval containing zero is an absence of a detected effect and establishes neither equivalence nor the absence of an effect. B3 at train_40k has an across-training-seed sd of 0.02795 and must always be shown with its seed spread."
EV-CON-E8B.B3_-_B2.train_250k,CON,E8B,S11_ANSWER_SIDE_SLM_135M,CORE,E8B/B3 - B2/train_250k,"paired contrast, effect in accuracy points",results/experiments/e8b_readout_generation/e8b_final_report_20260810.json,0ce63d09454b13b157dd2f58ebefad315c2903f9c1f097497652d7085d466138,v2_dev,train_250k,B3 - B2,0|1|2,3,-0.00475,,-0.01208|0.00297,"evaluation-sampling, image-clustered",represented development imageId,7714,768,100,g21_pinned_normalised_exact_match,PRIMARY,CLEAN_PAIRED_CONTROL,READY,"fixed epoch 22, no early stopping; epoch 22 is the sole primary",false,VE0-FIG-08,VE0-TAB-05|VE0-TAB-A4,R6_QUESTION_SIDE_SLM|R7_ANSWER_SIDE_AND_CAPACITY|R_APPENDIX_STATISTICS,SLIDE-10-PRETRAINING-IS-INTERFACE-DEPENDENT,VE0-TAB-A4,"Development-set result on one GQA subset. The clean test is embargoed and unread, so no held-out generalisation is claimed. An interval containing zero is an absence of a detected effect and establishes neither equivalence nor the absence of an effect. B3 at train_40k has an across-training-seed sd of 0.02795 and must always be shown with its seed spread."
EV-CON-E8B.B3_-_B2.train_40k,CON,E8B,S11_ANSWER_SIDE_SLM_135M,CORE,E8B/B3 - B2/train_40k,"paired contrast, effect in accuracy points",results/experiments/e8b_readout_generation/e8b_final_report_20260810.json,0ce63d09454b13b157dd2f58ebefad315c2903f9c1f097497652d7085d466138,v2_dev,train_40k,B3 - B2,0|1|2,3,-0.02463,,-0.03333|-0.01619,"evaluation-sampling, image-clustered",represented development imageId,7714,768,100,g21_pinned_normalised_exact_match,PRIMARY,CLEAN_PAIRED_CONTROL,READY,"fixed epoch 22, no early stopping; epoch 22 is the sole primary",true,VE0-FIG-08,VE0-TAB-05|VE0-TAB-A4,R6_QUESTION_SIDE_SLM|R7_ANSWER_SIDE_AND_CAPACITY|R_APPENDIX_STATISTICS,SLIDE-10-PRETRAINING-IS-INTERFACE-DEPENDENT,VE0-TAB-A4,"Development-set result on one GQA subset. The clean test is embargoed and unread, so no held-out generalisation is claimed. An interval containing zero is an absence of a detected effect and establishes neither equivalence nor the absence of an effect. B3 at train_40k has an across-training-seed sd of 0.02795 and must always be shown with its seed spread."
EV-CON-E8B.image_reliance.B1.train_250k,CON,E8B,S11_ANSWER_SIDE_SLM_135M,CORE,E8B/image_reliance/B1/train_250k,"paired contrast, effect in accuracy points",results/experiments/e8b_readout_generation/e8b_final_report_20260810.json,0ce63d09454b13b157dd2f58ebefad315c2903f9c1f097497652d7085d466138,v2_dev,train_250k,B1,0|1|2,3,0.11752,,0.10654|0.12915,"evaluation-sampling, image-clustered",represented development imageId,7714,768,100,g21_pinned_normalised_exact_match,SECONDARY,CLEAN_PAIRED_CONTROL,READY,"fixed epoch 22, no early stopping; epoch 22 is the sole primary",true,,VE0-TAB-A4,R_APPENDIX_STATISTICS,,VE0-TAB-A4,"Development-set result on one GQA subset. The clean test is embargoed and unread, so no held-out generalisation is claimed. An interval containing zero is an absence of a detected effect and establishes neither equivalence nor the absence of an effect. B3 at train_40k has an across-training-seed sd of 0.02795 and must always be shown with its seed spread."
EV-CON-E8B.image_reliance.B1.train_40k,CON,E8B,S11_ANSWER_SIDE_SLM_135M,CORE,E8B/image_reliance/B1/train_40k,"paired contrast, effect in accuracy points",results/experiments/e8b_readout_generation/e8b_final_report_20260810.json,0ce63d09454b13b157dd2f58ebefad315c2903f9c1f097497652d7085d466138,v2_dev,train_40k,B1,0|1|2,3,0.09166,,0.08153|0.10227,"evaluation-sampling, image-clustered",represented development imageId,7714,768,100,g21_pinned_normalised_exact_match,SECONDARY,CLEAN_PAIRED_CONTROL,READY,"fixed epoch 22, no early stopping; epoch 22 is the sole primary",true,,VE0-TAB-A4,R_APPENDIX_STATISTICS,,VE0-TAB-A4,"Development-set result on one GQA subset. The clean test is embargoed and unread, so no held-out generalisation is claimed. An interval containing zero is an absence of a detected effect and establishes neither equivalence nor the absence of an effect. B3 at train_40k has an across-training-seed sd of 0.02795 and must always be shown with its seed spread."
EV-CON-E8B.image_reliance.B2.train_250k,CON,E8B,S11_ANSWER_SIDE_SLM_135M,CORE,E8B/image_reliance/B2/train_250k,"paired contrast, effect in accuracy points",results/experiments/e8b_readout_generation/e8b_final_report_20260810.json,0ce63d09454b13b157dd2f58ebefad315c2903f9c1f097497652d7085d466138,v2_dev,train_250k,B2,0|1|2,3,0.12598,,0.11477|0.1375,"evaluation-sampling, image-clustered",represented development imageId,7714,768,100,g21_pinned_normalised_exact_match,SECONDARY,CLEAN_PAIRED_CONTROL,READY,"fixed epoch 22, no early stopping; epoch 22 is the sole primary",true,,VE0-TAB-A4,R_APPENDIX_STATISTICS,,VE0-TAB-A4,"Development-set result on one GQA subset. The clean test is embargoed and unread, so no held-out generalisation is claimed. An interval containing zero is an absence of a detected effect and establishes neither equivalence nor the absence of an effect. B3 at train_40k has an across-training-seed sd of 0.02795 and must always be shown with its seed spread."
EV-CON-E8B.image_reliance.B2.train_40k,CON,E8B,S11_ANSWER_SIDE_SLM_135M,CORE,E8B/image_reliance/B2/train_40k,"paired contrast, effect in accuracy points",results/experiments/e8b_readout_generation/e8b_final_report_20260810.json,0ce63d09454b13b157dd2f58ebefad315c2903f9c1f097497652d7085d466138,v2_dev,train_40k,B2,0|1|2,3,0.0861,,0.07515|0.09776,"evaluation-sampling, image-clustered",represented development imageId,7714,768,100,g21_pinned_normalised_exact_match,SECONDARY,CLEAN_PAIRED_CONTROL,READY,"fixed epoch 22, no early stopping; epoch 22 is the sole primary",true,,VE0-TAB-A4,R_APPENDIX_STATISTICS,,VE0-TAB-A4,"Development-set result on one GQA subset. The clean test is embargoed and unread, so no held-out generalisation is claimed. An interval containing zero is an absence of a detected effect and establishes neither equivalence nor the absence of an effect. B3 at train_40k has an across-training-seed sd of 0.02795 and must always be shown with its seed spread."
EV-CON-E8B.image_reliance.B3.train_250k,CON,E8B,S11_ANSWER_SIDE_SLM_135M,CORE,E8B/image_reliance/B3/train_250k,"paired contrast, effect in accuracy points",results/experiments/e8b_readout_generation/e8b_final_report_20260810.json,0ce63d09454b13b157dd2f58ebefad315c2903f9c1f097497652d7085d466138,v2_dev,train_250k,B3,0|1|2,3,0.12275,,0.11146|0.13443,"evaluation-sampling, image-clustered",represented development imageId,7714,768,100,g21_pinned_normalised_exact_match,SECONDARY,CLEAN_PAIRED_CONTROL,READY,"fixed epoch 22, no early stopping; epoch 22 is the sole primary",true,,VE0-TAB-A4,R_APPENDIX_STATISTICS,,VE0-TAB-A4,"Development-set result on one GQA subset. The clean test is embargoed and unread, so no held-out generalisation is claimed. An interval containing zero is an absence of a detected effect and establishes neither equivalence nor the absence of an effect. B3 at train_40k has an across-training-seed sd of 0.02795 and must always be shown with its seed spread."
EV-CON-E8B.image_reliance.B3.train_40k,CON,E8B,S11_ANSWER_SIDE_SLM_135M,CORE,E8B/image_reliance/B3/train_40k,"paired contrast, effect in accuracy points",results/experiments/e8b_readout_generation/e8b_final_report_20260810.json,0ce63d09454b13b157dd2f58ebefad315c2903f9c1f097497652d7085d466138,v2_dev,train_40k,B3,0|1|2,3,0.08443,,0.07447|0.09506,"evaluation-sampling, image-clustered",represented development imageId,7714,768,100,g21_pinned_normalised_exact_match,SECONDARY,CLEAN_PAIRED_CONTROL,READY,"fixed epoch 22, no early stopping; epoch 22 is the sole primary",true,,VE0-TAB-A4,R_APPENDIX_STATISTICS,,VE0-TAB-A4,"Development-set result on one GQA subset. The clean test is embargoed and unread, so no held-out generalisation is claimed. An interval containing zero is an absence of a detected effect and establishes neither equivalence nor the absence of an effect. B3 at train_40k has an across-training-seed sd of 0.02795 and must always be shown with its seed spread."
EV-CON-E8B.scale_effect_B1,CON,E8B,S11_ANSWER_SIDE_SLM_135M,CORE,E8B/scale_effect_B1,"paired contrast, effect in accuracy points",results/experiments/e8b_readout_generation/e8b_final_report_20260810.json,0ce63d09454b13b157dd2f58ebefad315c2903f9c1f097497652d7085d466138,v2_dev,train_40k vs train_250k,E8B/scale_effect_B1,0|1|2,3,0.04887,,0.03943|0.05801,"evaluation-sampling, image-clustered",represented development imageId,7714,768,100,g21_pinned_normalised_exact_match,SECONDARY,CLEAN_PAIRED_CONTROL,READY,"fixed epoch 22, no early stopping; epoch 22 is the sole primary",true,,VE0-TAB-03|VE0-TAB-A4,R3_SCALING_BEHAVIOUR|R_APPENDIX_STATISTICS,,VE0-TAB-A4,"Development-set result on one GQA subset. The clean test is embargoed and unread, so no held-out generalisation is claimed. An interval containing zero is an absence of a detected effect and establishes neither equivalence nor the absence of an effect. B3 at train_40k has an across-training-seed sd of 0.02795 and must always be shown with its seed spread."
EV-CON-E8B.scale_effect_B2,CON,E8B,S11_ANSWER_SIDE_SLM_135M,CORE,E8B/scale_effect_B2,"paired contrast, effect in accuracy points",results/experiments/e8b_readout_generation/e8b_final_report_20260810.json,0ce63d09454b13b157dd2f58ebefad315c2903f9c1f097497652d7085d466138,v2_dev,train_40k vs train_250k,E8B/scale_effect_B2,0|1|2,3,0.06693,,0.05683|0.07633,"evaluation-sampling, image-clustered",represented development imageId,7714,768,100,g21_pinned_normalised_exact_match,SECONDARY,CLEAN_PAIRED_CONTROL,READY,"fixed epoch 22, no early stopping; epoch 22 is the sole primary",true,,VE0-TAB-03|VE0-TAB-A4,R3_SCALING_BEHAVIOUR|R_APPENDIX_STATISTICS,,VE0-TAB-A4,"Development-set result on one GQA subset. The clean test is embargoed and unread, so no held-out generalisation is claimed. An interval containing zero is an absence of a detected effect and establishes neither equivalence nor the absence of an effect. B3 at train_40k has an across-training-seed sd of 0.02795 and must always be shown with its seed spread."
EV-CON-E8B.scale_effect_B3,CON,E8B,S11_ANSWER_SIDE_SLM_135M,CORE,E8B/scale_effect_B3,"paired contrast, effect in accuracy points",results/experiments/e8b_readout_generation/e8b_final_report_20260810.json,0ce63d09454b13b157dd2f58ebefad315c2903f9c1f097497652d7085d466138,v2_dev,train_40k vs train_250k,E8B/scale_effect_B3,0|1|2,3,0.08681,,0.07781|0.0964,"evaluation-sampling, image-clustered",represented development imageId,7714,768,100,g21_pinned_normalised_exact_match,SECONDARY,CLEAN_PAIRED_CONTROL,READY,"fixed epoch 22, no early stopping; epoch 22 is the sole primary",true,,VE0-TAB-03|VE0-TAB-A4,R3_SCALING_BEHAVIOUR|R_APPENDIX_STATISTICS,,VE0-TAB-A4,"Development-set result on one GQA subset. The clean test is embargoed and unread, so no held-out generalisation is claimed. An interval containing zero is an absence of a detected effect and establishes neither equivalence nor the absence of an effect. B3 at train_40k has an across-training-seed sd of 0.02795 and must always be shown with its seed spread."
EV-CON-e2.concat_minus_question_only.train_250k,CON,e2,S09_REPRESENTATION_QUALITY,CORE,e2/concat_minus_question_only/train_250k,"paired contrast, effect in accuracy points",results/closure/reconstructed_statistics.json,88edeaf6ec787d754c8b0e006e00556895ea69dd8cbd215f391265c9e9643097,v2_dev,train_250k,e2::concat::train_250k::seed{seed}::normal minus e2::question_only::train_250k::seed{seed}::normal,0|1|2|3|42,5,0.0894,0.00699,0.07692|0.10131,"evaluation-sampling, image-clustered",represented development imageId,7714,768,100,v2_closed_vocab_top1_index_match,SECONDARY,CAPACITY_CONFOUNDED,READY,best development epoch,true,,VE0-TAB-A4,R_APPENDIX_STATISTICS,,VE0-TAB-A4,"Development-set result on one GQA subset. The clean test is embargoed and unread, so no held-out generalisation is claimed. Representation quality is not isolated: encoder, embedding width (512 against 768) and head input width all move together. The training streams are not paired and the seed label does not pair two runs. At train_250k no clustered contrast exists, because the CLIP partner is the stopped v2_07 family."
EV-CON-e2.concat_minus_question_only.train_40k,CON,e2,S09_REPRESENTATION_QUALITY,CORE,e2/concat_minus_question_only/train_40k,"paired contrast, effect in accuracy points",results/closure/reconstructed_statistics.json,88edeaf6ec787d754c8b0e006e00556895ea69dd8cbd215f391265c9e9643097,v2_dev,train_40k,e2::concat::train_40k::seed{seed}::normal minus e2::question_only::train_40k::seed{seed}::normal,0|1|2|3|42,5,0.07327,0.00477,0.06128|0.08566,"evaluation-sampling, image-clustered",represented development imageId,7714,768,100,v2_closed_vocab_top1_index_match,SECONDARY,CAPACITY_CONFOUNDED,READY,best development epoch,true,,VE0-TAB-A4,R_APPENDIX_STATISTICS,,VE0-TAB-A4,"Development-set result on one GQA subset. The clean test is embargoed and unread, so no held-out generalisation is claimed. Representation quality is not isolated: encoder, embedding width (512 against 768) and head input width all move together. The training streams are not paired and the seed label does not pair two runs. At train_250k no clustered contrast exists, because the CLIP partner is the stopped v2_07 family."
EV-CON-e2.fusion_minus_concat.train_250k,CON,e2,S09_REPRESENTATION_QUALITY,CORE,e2/fusion_minus_concat/train_250k,"paired contrast, effect in accuracy points",results/closure/reconstructed_statistics.json,88edeaf6ec787d754c8b0e006e00556895ea69dd8cbd215f391265c9e9643097,v2_dev,train_250k,e2::fusion::train_250k::seed{seed}::normal minus e2::concat::train_250k::seed{seed}::normal,0|1|2|3|42,5,0.00213,0.0024,-0.00387|0.00804,"evaluation-sampling, image-clustered",represented development imageId,7714,768,100,v2_closed_vocab_top1_index_match,SECONDARY,CAPACITY_CONFOUNDED,READY,best development epoch,false,,VE0-TAB-A4,R_APPENDIX_STATISTICS,,VE0-TAB-A4,"Development-set result on one GQA subset. The clean test is embargoed and unread, so no held-out generalisation is claimed. Representation quality is not isolated: encoder, embedding width (512 against 768) and head input width all move together. The training streams are not paired and the seed label does not pair two runs. At train_250k no clustered contrast exists, because the CLIP partner is the stopped v2_07 family."
EV-CON-e2.fusion_minus_concat.train_40k,CON,e2,S09_REPRESENTATION_QUALITY,CORE,e2/fusion_minus_concat/train_40k,"paired contrast, effect in accuracy points",results/closure/reconstructed_statistics.json,88edeaf6ec787d754c8b0e006e00556895ea69dd8cbd215f391265c9e9643097,v2_dev,train_40k,e2::fusion::train_40k::seed{seed}::normal minus e2::concat::train_40k::seed{seed}::normal,0|1|2|3|42,5,0.01377,0.00345,0.00674|0.02051,"evaluation-sampling, image-clustered",represented development imageId,7714,768,100,v2_closed_vocab_top1_index_match,SECONDARY,CAPACITY_CONFOUNDED,READY,best development epoch,true,,VE0-TAB-A4,R_APPENDIX_STATISTICS,,VE0-TAB-A4,"Development-set result on one GQA subset. The clean test is embargoed and unread, so no held-out generalisation is claimed. Representation quality is not isolated: encoder, embedding width (512 against 768) and head input width all move together. The training streams are not paired and the seed label does not pair two runs. At train_250k no clustered contrast exists, because the CLIP partner is the stopped v2_07 family."
EV-CON-e2.product_minus_concat.train_250k,CON,e2,S09_REPRESENTATION_QUALITY,CORE,e2/product_minus_concat/train_250k,"paired contrast, effect in accuracy points",results/closure/reconstructed_statistics.json,88edeaf6ec787d754c8b0e006e00556895ea69dd8cbd215f391265c9e9643097,v2_dev,train_250k,e2::product::train_250k::seed{seed}::normal minus e2::concat::train_250k::seed{seed}::normal,0|1|2|3|42,5,0.00627,0.0057,0.00069|0.01182,"evaluation-sampling, image-clustered",represented development imageId,7714,768,100,v2_closed_vocab_top1_index_match,SECONDARY,CAPACITY_CONFOUNDED,READY,best development epoch,true,,VE0-TAB-A4,R_APPENDIX_STATISTICS,,VE0-TAB-A4,"Development-set result on one GQA subset. The clean test is embargoed and unread, so no held-out generalisation is claimed. Representation quality is not isolated: encoder, embedding width (512 against 768) and head input width all move together. The training streams are not paired and the seed label does not pair two runs. At train_250k no clustered contrast exists, because the CLIP partner is the stopped v2_07 family."
EV-CON-e2.product_minus_concat.train_40k,CON,e2,S09_REPRESENTATION_QUALITY,CORE,e2/product_minus_concat/train_40k,"paired contrast, effect in accuracy points",results/closure/reconstructed_statistics.json,88edeaf6ec787d754c8b0e006e00556895ea69dd8cbd215f391265c9e9643097,v2_dev,train_40k,e2::product::train_40k::seed{seed}::normal minus e2::concat::train_40k::seed{seed}::normal,0|1|2|3|42,5,0.01089,0.00542,0.00618|0.01585,"evaluation-sampling, image-clustered",represented development imageId,7714,768,100,v2_closed_vocab_top1_index_match,SECONDARY,CAPACITY_CONFOUNDED,READY,best development epoch,true,,VE0-TAB-A4,R_APPENDIX_STATISTICS,,VE0-TAB-A4,"Development-set result on one GQA subset. The clean test is embargoed and unread, so no held-out generalisation is claimed. Representation quality is not isolated: encoder, embedding width (512 against 768) and head input width all move together. The training streams are not paired and the seed label does not pair two runs. At train_250k no clustered contrast exists, because the CLIP partner is the stopped v2_07 family."
EV-CON-e2.siglip_minus_clip_concat.train_40k,CON,e2,S09_REPRESENTATION_QUALITY,CORE,e2/siglip_minus_clip_concat/train_40k,"paired contrast, effect in accuracy points",results/closure/reconstructed_statistics.json,88edeaf6ec787d754c8b0e006e00556895ea69dd8cbd215f391265c9e9643097,v2_dev,train_40k,e2::concat::train_40k::seed{seed}::normal minus v2_02::concat::train_40k::seed{seed}::normal,0|1|2|3|42,5,0.0154,0.00308,0.00592|0.02481,"evaluation-sampling, image-clustered",represented development imageId,7714,768,100,v2_closed_vocab_top1_index_match,SECONDARY,REPRESENTATION_CONFOUNDED,READY,best development epoch,true,VE0-FIG-07,VE0-TAB-A4,R5_LATENT_REASONING_AND_REPRESENTATION|R_APPENDIX_STATISTICS,SLIDE-09-REPRESENTATION-QUALITY,VE0-TAB-A4,"Development-set result on one GQA subset. The clean test is embargoed and unread, so no held-out generalisation is claimed. Representation quality is not isolated: encoder, embedding width (512 against 768) and head input width all move together. The training streams are not paired and the seed label does not pair two runs. At train_250k no clustered contrast exists, because the CLIP partner is the stopped v2_07 family."
EV-CON-e2.siglip_minus_clip_fusion.train_40k,CON,e2,S09_REPRESENTATION_QUALITY,CORE,e2/siglip_minus_clip_fusion/train_40k,"paired contrast, effect in accuracy points",results/closure/reconstructed_statistics.json,88edeaf6ec787d754c8b0e006e00556895ea69dd8cbd215f391265c9e9643097,v2_dev,train_40k,e2::fusion::train_40k::seed{seed}::normal minus v2_02::fusion::train_40k::seed{seed}::normal,0|1|2|3|42,5,0.01475,0.00298,0.00601|0.02401,"evaluation-sampling, image-clustered",represented development imageId,7714,768,100,v2_closed_vocab_top1_index_match,SECONDARY,REPRESENTATION_CONFOUNDED,READY,best development epoch,true,VE0-FIG-07,VE0-TAB-A4,R5_LATENT_REASONING_AND_REPRESENTATION|R_APPENDIX_STATISTICS,SLIDE-09-REPRESENTATION-QUALITY,VE0-TAB-A4,"Development-set result on one GQA subset. The clean test is embargoed and unread, so no held-out generalisation is claimed. Representation quality is not isolated: encoder, embedding width (512 against 768) and head input width all move together. The training streams are not paired and the seed label does not pair two runs. At train_250k no clustered contrast exists, because the CLIP partner is the stopped v2_07 family."
EV-CON-e2.siglip_minus_clip_product.train_40k,CON,e2,S09_REPRESENTATION_QUALITY,CORE,e2/siglip_minus_clip_product/train_40k,"paired contrast, effect in accuracy points",results/closure/reconstructed_statistics.json,88edeaf6ec787d754c8b0e006e00556895ea69dd8cbd215f391265c9e9643097,v2_dev,train_40k,e2::product::train_40k::seed{seed}::normal minus v2_04::product_natural::train_40k::seed{seed}::normal,0|1|2|3|42,5,0.01356,0.00346,0.00403|0.02282,"evaluation-sampling, image-clustered",represented development imageId,7714,768,100,v2_closed_vocab_top1_index_match,SECONDARY,REPRESENTATION_CONFOUNDED,READY,best development epoch,true,VE0-FIG-07,VE0-TAB-A4,R5_LATENT_REASONING_AND_REPRESENTATION|R_APPENDIX_STATISTICS,SLIDE-09-REPRESENTATION-QUALITY,VE0-TAB-A4,"Development-set result on one GQA subset. The clean test is embargoed and unread, so no held-out generalisation is claimed. Representation quality is not isolated: encoder, embedding width (512 against 768) and head input width all move together. The training streams are not paired and the seed label does not pair two runs. At train_250k no clustered contrast exists, because the CLIP partner is the stopped v2_07 family."
EV-CON-e2.siglip_minus_clip_question_only.train_40k,CON,e2,S09_REPRESENTATION_QUALITY,CORE,e2/siglip_minus_clip_question_only/train_40k,"paired contrast, effect in accuracy points",results/closure/reconstructed_statistics.json,88edeaf6ec787d754c8b0e006e00556895ea69dd8cbd215f391265c9e9643097,v2_dev,train_40k,e2::question_only::train_40k::seed{seed}::normal minus v2_02::question_only::train_40k::seed{seed}::normal,0|1|2|3|42,5,0.00814,0.0019,-6e-05|0.01586,"evaluation-sampling, image-clustered",represented development imageId,7714,768,100,v2_closed_vocab_top1_index_match,SECONDARY,REPRESENTATION_CONFOUNDED,READY,best development epoch,false,VE0-FIG-07,VE0-TAB-A4,R5_LATENT_REASONING_AND_REPRESENTATION|R_APPENDIX_STATISTICS,SLIDE-09-REPRESENTATION-QUALITY,VE0-TAB-A4,"Development-set result on one GQA subset. The clean test is embargoed and unread, so no held-out generalisation is claimed. Representation quality is not isolated: encoder, embedding width (512 against 768) and head input width all move together. The training streams are not paired and the seed label does not pair two runs. At train_250k no clustered contrast exists, because the CLIP partner is the stopped v2_07 family."
EV-CON-e3.concat_minus_question_only.train_250k,CON,e3,S00_OFF_SEQUENCE,APPENDIX,e3/concat_minus_question_only/train_250k,"paired contrast, effect in accuracy points",results/closure/reconstructed_statistics.json,88edeaf6ec787d754c8b0e006e00556895ea69dd8cbd215f391265c9e9643097,v2_1000_dev,train_250k,e3::concat::train_250k::seed{seed}::normal minus e3::question_only::train_250k::seed{seed}::normal,0|1|2|3|42,5,0.08486,0.00287,0.07413|0.09498,"evaluation-sampling, image-clustered",represented development imageId,9823,776,1000,v2_closed_vocab_top1_index_match,SECONDARY,CAPACITY_CONFOUNDED,READY,best development epoch,true,VE0-FIG-A3,VE0-TAB-A4,R_APPENDIX_ANSWER_SET|R_APPENDIX_STATISTICS,,VE0-FIG-A3,"Development-set result on one GQA subset. The clean test is embargoed and unread, so no held-out generalisation is claimed. Top-100 and top-1000 results are never paired: different development rows (7,714 against 9,823), a different class count and different training rows. Class competition and the smaller head-answer share of a fixed budget are confounded."
EV-CON-e3.concat_minus_question_only.train_40k,CON,e3,S00_OFF_SEQUENCE,APPENDIX,e3/concat_minus_question_only/train_40k,"paired contrast, effect in accuracy points",results/closure/reconstructed_statistics.json,88edeaf6ec787d754c8b0e006e00556895ea69dd8cbd215f391265c9e9643097,v2_1000_dev,train_40k,e3::concat::train_40k::seed{seed}::normal minus e3::question_only::train_40k::seed{seed}::normal,0|1|2|3|42,5,0.06523,0.0024,0.05578|0.07423,"evaluation-sampling, image-clustered",represented development imageId,9823,776,1000,v2_closed_vocab_top1_index_match,SECONDARY,CAPACITY_CONFOUNDED,READY,best development epoch,true,VE0-FIG-A3,VE0-TAB-A4,R_APPENDIX_ANSWER_SET|R_APPENDIX_STATISTICS,,VE0-FIG-A3,"Development-set result on one GQA subset. The clean test is embargoed and unread, so no held-out generalisation is claimed. Top-100 and top-1000 results are never paired: different development rows (7,714 against 9,823), a different class count and different training rows. Class competition and the smaller head-answer share of a fixed budget are confounded."
EV-CON-e3.fusion_minus_concat.train_250k,CON,e3,S00_OFF_SEQUENCE,APPENDIX,e3/fusion_minus_concat/train_250k,"paired contrast, effect in accuracy points",results/closure/reconstructed_statistics.json,88edeaf6ec787d754c8b0e006e00556895ea69dd8cbd215f391265c9e9643097,v2_1000_dev,train_250k,e3::fusion::train_250k::seed{seed}::normal minus e3::concat::train_250k::seed{seed}::normal,0|1|2|3|42,5,0.00436,0.00387,-0.00138|0.00995,"evaluation-sampling, image-clustered",represented development imageId,9823,776,1000,v2_closed_vocab_top1_index_match,SECONDARY,CAPACITY_CONFOUNDED,READY,best development epoch,false,VE0-FIG-A3,VE0-TAB-A4,R_APPENDIX_ANSWER_SET|R_APPENDIX_STATISTICS,,VE0-FIG-A3,"Development-set result on one GQA subset. The clean test is embargoed and unread, so no held-out generalisation is claimed. Top-100 and top-1000 results are never paired: different development rows (7,714 against 9,823), a different class count and different training rows. Class competition and the smaller head-answer share of a fixed budget are confounded."
EV-CON-e3.fusion_minus_concat.train_40k,CON,e3,S00_OFF_SEQUENCE,APPENDIX,e3/fusion_minus_concat/train_40k,"paired contrast, effect in accuracy points",results/closure/reconstructed_statistics.json,88edeaf6ec787d754c8b0e006e00556895ea69dd8cbd215f391265c9e9643097,v2_1000_dev,train_40k,e3::fusion::train_40k::seed{seed}::normal minus e3::concat::train_40k::seed{seed}::normal,0|1|2|3|42,5,0.01429,0.00271,0.00871|0.02022,"evaluation-sampling, image-clustered",represented development imageId,9823,776,1000,v2_closed_vocab_top1_index_match,SECONDARY,CAPACITY_CONFOUNDED,READY,best development epoch,true,VE0-FIG-A3,VE0-TAB-A4,R_APPENDIX_ANSWER_SET|R_APPENDIX_STATISTICS,,VE0-FIG-A3,"Development-set result on one GQA subset. The clean test is embargoed and unread, so no held-out generalisation is claimed. Top-100 and top-1000 results are never paired: different development rows (7,714 against 9,823), a different class count and different training rows. Class competition and the smaller head-answer share of a fixed budget are confounded."
EV-CON-e3.product_minus_concat.train_250k,CON,e3,S00_OFF_SEQUENCE,APPENDIX,e3/product_minus_concat/train_250k,"paired contrast, effect in accuracy points",results/closure/reconstructed_statistics.json,88edeaf6ec787d754c8b0e006e00556895ea69dd8cbd215f391265c9e9643097,v2_1000_dev,train_250k,e3::product::train_250k::seed{seed}::normal minus e3::concat::train_250k::seed{seed}::normal,0|1|2|3|42,5,0.00835,0.00313,0.00334|0.01286,"evaluation-sampling, image-clustered",represented development imageId,9823,776,1000,v2_closed_vocab_top1_index_match,SECONDARY,CAPACITY_CONFOUNDED,READY,best development epoch,true,VE0-FIG-A3,VE0-TAB-A4,R_APPENDIX_ANSWER_SET|R_APPENDIX_STATISTICS,,VE0-FIG-A3,"Development-set result on one GQA subset. The clean test is embargoed and unread, so no held-out generalisation is claimed. Top-100 and top-1000 results are never paired: different development rows (7,714 against 9,823), a different class count and different training rows. Class competition and the smaller head-answer share of a fixed budget are confounded."
EV-CON-e3.product_minus_concat.train_40k,CON,e3,S00_OFF_SEQUENCE,APPENDIX,e3/product_minus_concat/train_40k,"paired contrast, effect in accuracy points",results/closure/reconstructed_statistics.json,88edeaf6ec787d754c8b0e006e00556895ea69dd8cbd215f391265c9e9643097,v2_1000_dev,train_40k,e3::product::train_40k::seed{seed}::normal minus e3::concat::train_40k::seed{seed}::normal,0|1|2|3|42,5,0.0112,0.00287,0.00745|0.01502,"evaluation-sampling, image-clustered",represented development imageId,9823,776,1000,v2_closed_vocab_top1_index_match,SECONDARY,CAPACITY_CONFOUNDED,READY,best development epoch,true,VE0-FIG-A3,VE0-TAB-A4,R_APPENDIX_ANSWER_SET|R_APPENDIX_STATISTICS,,VE0-FIG-A3,"Development-set result on one GQA subset. The clean test is embargoed and unread, so no held-out generalisation is claimed. Top-100 and top-1000 results are never paired: different development rows (7,714 against 9,823), a different class count and different training rows. Class competition and the smaller head-answer share of a fixed budget are confounded."
EV-CON-v2_02.concat_minus_question_only.train_40k,CON,v2_02,S02_MULTIMODAL_FUSION,CORE,v2_02/concat_minus_question_only/train_40k,"paired contrast, effect in accuracy points",results/closure/reconstructed_statistics.json,88edeaf6ec787d754c8b0e006e00556895ea69dd8cbd215f391265c9e9643097,v2_dev,train_40k,v2_02::concat::train_40k::seed{seed}::normal minus v2_02::question_only::train_40k::seed{seed}::normal,0|1|2|3|42,5,0.06601,0.00318,0.05395|0.07747,"evaluation-sampling, image-clustered",represented development imageId,7714,768,100,v2_closed_vocab_top1_index_match,PRIMARY,CAPACITY_CONFOUNDED,READY,"best development epoch (early stopping on development accuracy, best-on-development checkpointing)",true,VE0-FIG-02,VE0-TAB-02|VE0-TAB-A4,R1_BASELINES_AND_FUSION|R2_CAPACITY_AND_FEATURES|R_APPENDIX_STATISTICS,SLIDE-04-FUSION-HELPS-BUT,VE0-TAB-A4,"Development-set result on one GQA subset. The clean test is embargoed and unread, so no held-out generalisation is claimed."
EV-CON-v2_02.fusion_minus_concat.train_40k,CON,v2_02,S02_MULTIMODAL_FUSION,CORE,v2_02/fusion_minus_concat/train_40k,"paired contrast, effect in accuracy points",results/closure/reconstructed_statistics.json,88edeaf6ec787d754c8b0e006e00556895ea69dd8cbd215f391265c9e9643097,v2_dev,train_40k,v2_02::fusion::train_40k::seed{seed}::normal minus v2_02::concat::train_40k::seed{seed}::normal,0|1|2|3|42,5,0.01442,0.00141,0.00794|0.02095,"evaluation-sampling, image-clustered",represented development imageId,7714,768,100,v2_closed_vocab_top1_index_match,PRIMARY,CAPACITY_CONFOUNDED,READY,"best development epoch (early stopping on development accuracy, best-on-development checkpointing)",true,VE0-FIG-02,VE0-TAB-02|VE0-TAB-A4,R1_BASELINES_AND_FUSION|R2_CAPACITY_AND_FEATURES|R_APPENDIX_STATISTICS,SLIDE-04-FUSION-HELPS-BUT,VE0-TAB-A4,"Development-set result on one GQA subset. The clean test is embargoed and unread, so no held-out generalisation is claimed. Capacity-confounded: fusion carries 1,100,388 trainable parameters against concat's 576,100. Only the v2_03 matched pairs isolate the feature effect, and fusion minus concat_wide includes zero."
EV-CON-v2_03.concat_wide_minus_concat.train_40k,CON,v2_03,S03_CAPACITY_MATCHING,CORE,v2_03/concat_wide_minus_concat/train_40k,"paired contrast, effect in accuracy points",results/closure/reconstructed_statistics.json,88edeaf6ec787d754c8b0e006e00556895ea69dd8cbd215f391265c9e9643097,v2_dev,train_40k,v2_03::concat_wide::train_40k::seed{seed}::normal minus v2_02::concat::train_40k::seed{seed}::normal,0|1|2|3|42,5,0.00863,0.00302,0.00376|0.01378,"evaluation-sampling, image-clustered",represented development imageId,7714,768,100,v2_closed_vocab_top1_index_match,PRIMARY,CLEAN_PAIRED_CONTROL,READY,best development epoch,true,VE0-FIG-02,VE0-TAB-02|VE0-TAB-A4,R1_BASELINES_AND_FUSION|R2_CAPACITY_AND_FEATURES|R_APPENDIX_STATISTICS,SLIDE-04-FUSION-HELPS-BUT,VE0-TAB-A4,"Development-set result on one GQA subset. The clean test is embargoed and unread, so no held-out generalisation is claimed."
EV-CON-v2_03.fusion_minus_concat_wide.train_40k,CON,v2_03,S03_CAPACITY_MATCHING,CORE,v2_03/fusion_minus_concat_wide/train_40k,"paired contrast, effect in accuracy points",results/closure/reconstructed_statistics.json,88edeaf6ec787d754c8b0e006e00556895ea69dd8cbd215f391265c9e9643097,v2_dev,train_40k,v2_02::fusion::train_40k::seed{seed}::normal minus v2_03::concat_wide::train_40k::seed{seed}::normal,0|1|2|3|42,5,0.00578,0.00298,-0.00116|0.01226,"evaluation-sampling, image-clustered",represented development imageId,7714,768,100,v2_closed_vocab_top1_index_match,PRIMARY,CLEAN_PAIRED_CONTROL,READY,best development epoch,false,VE0-FIG-02,VE0-TAB-02|VE0-TAB-A4,R1_BASELINES_AND_FUSION|R2_CAPACITY_AND_FEATURES|R_APPENDIX_STATISTICS,SLIDE-04-FUSION-HELPS-BUT,VE0-TAB-A4,"Development-set result on one GQA subset. The clean test is embargoed and unread, so no held-out generalisation is claimed."
EV-CON-v2_03.fusion_minus_fusion_narrow.train_40k,CON,v2_03,S03_CAPACITY_MATCHING,CORE,v2_03/fusion_minus_fusion_narrow/train_40k,"paired contrast, effect in accuracy points",results/closure/reconstructed_statistics.json,88edeaf6ec787d754c8b0e006e00556895ea69dd8cbd215f391265c9e9643097,v2_dev,train_40k,v2_02::fusion::train_40k::seed{seed}::normal minus v2_03::fusion_narrow::train_40k::seed{seed}::normal,0|1|2|3|42,5,0.00498,0.0017,0.00025|0.00967,"evaluation-sampling, image-clustered",represented development imageId,7714,768,100,v2_closed_vocab_top1_index_match,PRIMARY,CLEAN_PAIRED_CONTROL,READY,best development epoch,true,VE0-FIG-02,VE0-TAB-02|VE0-TAB-A4,R1_BASELINES_AND_FUSION|R2_CAPACITY_AND_FEATURES|R_APPENDIX_STATISTICS,SLIDE-04-FUSION-HELPS-BUT,VE0-TAB-A4,"Development-set result on one GQA subset. The clean test is embargoed and unread, so no held-out generalisation is claimed."
EV-CON-v2_03.fusion_narrow_minus_concat.train_40k,CON,v2_03,S03_CAPACITY_MATCHING,CORE,v2_03/fusion_narrow_minus_concat/train_40k,"paired contrast, effect in accuracy points",results/closure/reconstructed_statistics.json,88edeaf6ec787d754c8b0e006e00556895ea69dd8cbd215f391265c9e9643097,v2_dev,train_40k,v2_03::fusion_narrow::train_40k::seed{seed}::normal minus v2_02::concat::train_40k::seed{seed}::normal,0|1|2|3|42,5,0.00944,0.00175,0.00285|0.01592,"evaluation-sampling, image-clustered",represented development imageId,7714,768,100,v2_closed_vocab_top1_index_match,PRIMARY,CLEAN_PAIRED_CONTROL,READY,best development epoch,true,VE0-FIG-02,VE0-TAB-02|VE0-TAB-A4,R1_BASELINES_AND_FUSION|R2_CAPACITY_AND_FEATURES|R_APPENDIX_STATISTICS,SLIDE-04-FUSION-HELPS-BUT,VE0-TAB-A4,"Development-set result on one GQA subset. The clean test is embargoed and unread, so no held-out generalisation is claimed."
EV-CON-v2_04.difference_576k_minus_concat.train_40k,CON,v2_04,S04_FEATURE_ABLATION,SUPPORTING,v2_04/difference_576k_minus_concat/train_40k,"paired contrast, effect in accuracy points",results/closure/reconstructed_statistics.json,88edeaf6ec787d754c8b0e006e00556895ea69dd8cbd215f391265c9e9643097,v2_dev,train_40k,v2_04::difference_576k::train_40k::seed{seed}::normal minus v2_02::concat::train_40k::seed{seed}::normal,0|1|2|3|42,5,0.00944,0.00355,0.00338|0.01569,"evaluation-sampling, image-clustered",represented development imageId,7714,768,100,v2_closed_vocab_top1_index_match,SECONDARY,CLEAN_PAIRED_CONTROL,READY,best development epoch,true,VE0-FIG-A1,VE0-TAB-02|VE0-TAB-A4,R2_CAPACITY_AND_FEATURES|R_APPENDIX_STATISTICS,,VE0-FIG-A1,"Development-set result on one GQA subset. The clean test is embargoed and unread, so no held-out generalisation is claimed."
EV-CON-v2_04.difference_natural_minus_concat.train_40k,CON,v2_04,S04_FEATURE_ABLATION,SUPPORTING,v2_04/difference_natural_minus_concat/train_40k,"paired contrast, effect in accuracy points",results/closure/reconstructed_statistics.json,88edeaf6ec787d754c8b0e006e00556895ea69dd8cbd215f391265c9e9643097,v2_dev,train_40k,v2_04::difference_natural::train_40k::seed{seed}::normal minus v2_02::concat::train_40k::seed{seed}::normal,0|1|2|3|42,5,0.01001,0.00282,0.0037|0.01626,"evaluation-sampling, image-clustered",represented development imageId,7714,768,100,v2_closed_vocab_top1_index_match,SECONDARY,CAPACITY_CONFOUNDED,READY,best development epoch,true,VE0-FIG-A1,VE0-TAB-02|VE0-TAB-A4,R2_CAPACITY_AND_FEATURES|R_APPENDIX_STATISTICS,,VE0-FIG-A1,"Development-set result on one GQA subset. The clean test is embargoed and unread, so no held-out generalisation is claimed."
EV-CON-v2_04.fusion_minus_difference_natural.train_40k,CON,v2_04,S04_FEATURE_ABLATION,SUPPORTING,v2_04/fusion_minus_difference_natural/train_40k,"paired contrast, effect in accuracy points",results/closure/reconstructed_statistics.json,88edeaf6ec787d754c8b0e006e00556895ea69dd8cbd215f391265c9e9643097,v2_dev,train_40k,v2_02::fusion::train_40k::seed{seed}::normal minus v2_04::difference_natural::train_40k::seed{seed}::normal,0|1|2|3|42,5,0.00441,0.00217,0.00077|0.00784,"evaluation-sampling, image-clustered",represented development imageId,7714,768,100,v2_closed_vocab_top1_index_match,SECONDARY,CAPACITY_CONFOUNDED,READY,best development epoch,true,VE0-FIG-A1,VE0-TAB-02|VE0-TAB-A4,R2_CAPACITY_AND_FEATURES|R_APPENDIX_STATISTICS,,VE0-FIG-A1,"Development-set result on one GQA subset. The clean test is embargoed and unread, so no held-out generalisation is claimed."
EV-CON-v2_04.fusion_minus_product_natural.train_40k,CON,v2_04,S04_FEATURE_ABLATION,SUPPORTING,v2_04/fusion_minus_product_natural/train_40k,"paired contrast, effect in accuracy points",results/closure/reconstructed_statistics.json,88edeaf6ec787d754c8b0e006e00556895ea69dd8cbd215f391265c9e9643097,v2_dev,train_40k,v2_02::fusion::train_40k::seed{seed}::normal minus v2_04::product_natural::train_40k::seed{seed}::normal,0|1|2|3|42,5,0.00169,0.00232,-0.00383|0.00734,"evaluation-sampling, image-clustered",represented development imageId,7714,768,100,v2_closed_vocab_top1_index_match,SECONDARY,CAPACITY_CONFOUNDED,READY,best development epoch,false,VE0-FIG-A1,VE0-TAB-02|VE0-TAB-A4,R2_CAPACITY_AND_FEATURES|R_APPENDIX_STATISTICS,,VE0-FIG-A1,"Development-set result on one GQA subset. The clean test is embargoed and unread, so no held-out generalisation is claimed."
EV-CON-v2_04.fusion_narrow_minus_difference_576k.train_40k,CON,v2_04,S04_FEATURE_ABLATION,SUPPORTING,v2_04/fusion_narrow_minus_difference_576k/train_40k,"paired contrast, effect in accuracy points",results/closure/reconstructed_statistics.json,88edeaf6ec787d754c8b0e006e00556895ea69dd8cbd215f391265c9e9643097,v2_dev,train_40k,v2_03::fusion_narrow::train_40k::seed{seed}::normal minus v2_04::difference_576k::train_40k::seed{seed}::normal,0|1|2|3|42,5,-0.0,0.00204,-0.00402|0.00398,"evaluation-sampling, image-clustered",represented development imageId,7714,768,100,v2_closed_vocab_top1_index_match,SECONDARY,CLEAN_PAIRED_CONTROL,READY,best development epoch,false,VE0-FIG-A1,VE0-TAB-02|VE0-TAB-A4,R2_CAPACITY_AND_FEATURES|R_APPENDIX_STATISTICS,,VE0-FIG-A1,"Development-set result on one GQA subset. The clean test is embargoed and unread, so no held-out generalisation is claimed."
EV-CON-v2_04.fusion_narrow_minus_product_576k.train_40k,CON,v2_04,S04_FEATURE_ABLATION,SUPPORTING,v2_04/fusion_narrow_minus_product_576k/train_40k,"paired contrast, effect in accuracy points",results/closure/reconstructed_statistics.json,88edeaf6ec787d754c8b0e006e00556895ea69dd8cbd215f391265c9e9643097,v2_dev,train_40k,v2_03::fusion_narrow::train_40k::seed{seed}::normal minus v2_04::product_576k::train_40k::seed{seed}::normal,0|1|2|3|42,5,-0.00013,0.00293,-0.00654|0.00551,"evaluation-sampling, image-clustered",represented development imageId,7714,768,100,v2_closed_vocab_top1_index_match,SECONDARY,CLEAN_PAIRED_CONTROL,READY,best development epoch,false,VE0-FIG-A1,VE0-TAB-02|VE0-TAB-A4,R2_CAPACITY_AND_FEATURES|R_APPENDIX_STATISTICS,,VE0-FIG-A1,"Development-set result on one GQA subset. The clean test is embargoed and unread, so no held-out generalisation is claimed."
EV-CON-v2_04.product_576k_minus_concat.train_40k,CON,v2_04,S04_FEATURE_ABLATION,SUPPORTING,v2_04/product_576k_minus_concat/train_40k,"paired contrast, effect in accuracy points",results/closure/reconstructed_statistics.json,88edeaf6ec787d754c8b0e006e00556895ea69dd8cbd215f391265c9e9643097,v2_dev,train_40k,v2_04::product_576k::train_40k::seed{seed}::normal minus v2_02::concat::train_40k::seed{seed}::normal,0|1|2|3|42,5,0.00957,0.00342,0.00495|0.01415,"evaluation-sampling, image-clustered",represented development imageId,7714,768,100,v2_closed_vocab_top1_index_match,SECONDARY,CLEAN_PAIRED_CONTROL,READY,best development epoch,true,VE0-FIG-A1,VE0-TAB-02|VE0-TAB-A4,R2_CAPACITY_AND_FEATURES|R_APPENDIX_STATISTICS,,VE0-FIG-A1,"Development-set result on one GQA subset. The clean test is embargoed and unread, so no held-out generalisation is claimed."
EV-CON-v2_04.product_576k_minus_difference_576k.train_40k,CON,v2_04,S04_FEATURE_ABLATION,SUPPORTING,v2_04/product_576k_minus_difference_576k/train_40k,"paired contrast, effect in accuracy points",results/closure/reconstructed_statistics.json,88edeaf6ec787d754c8b0e006e00556895ea69dd8cbd215f391265c9e9643097,v2_dev,train_40k,v2_04::product_576k::train_40k::seed{seed}::normal minus v2_04::difference_576k::train_40k::seed{seed}::normal,0|1|2|3|42,5,0.00013,0.00278,-0.00552|0.00569,"evaluation-sampling, image-clustered",represented development imageId,7714,768,100,v2_closed_vocab_top1_index_match,SECONDARY,CLEAN_PAIRED_CONTROL,READY,best development epoch,false,VE0-FIG-A1,VE0-TAB-02|VE0-TAB-A4,R2_CAPACITY_AND_FEATURES|R_APPENDIX_STATISTICS,,VE0-FIG-A1,"Development-set result on one GQA subset. The clean test is embargoed and unread, so no held-out generalisation is claimed."
EV-CON-v2_04.product_natural_minus_concat.train_40k,CON,v2_04,S04_FEATURE_ABLATION,SUPPORTING,v2_04/product_natural_minus_concat/train_40k,"paired contrast, effect in accuracy points",results/closure/reconstructed_statistics.json,88edeaf6ec787d754c8b0e006e00556895ea69dd8cbd215f391265c9e9643097,v2_dev,train_40k,v2_04::product_natural::train_40k::seed{seed}::normal minus v2_02::concat::train_40k::seed{seed}::normal,0|1|2|3|42,5,0.01273,0.00284,0.00811|0.01741,"evaluation-sampling, image-clustered",represented development imageId,7714,768,100,v2_closed_vocab_top1_index_match,SECONDARY,CAPACITY_CONFOUNDED,READY,best development epoch,true,VE0-FIG-A1,VE0-TAB-02|VE0-TAB-A4,R2_CAPACITY_AND_FEATURES|R_APPENDIX_STATISTICS,,VE0-FIG-A1,"Development-set result on one GQA subset. The clean test is embargoed and unread, so no held-out generalisation is claimed."
EV-CON-v2_06.concat.drop_shuffled.train_40k,CON,v2_06,S07_VISUAL_RELIANCE,CORE,v2_06/concat/drop_shuffled/train_40k,"paired contrast, effect in accuracy points",results/closure/reconstructed_statistics.json,88edeaf6ec787d754c8b0e006e00556895ea69dd8cbd215f391265c9e9643097,v2_dev,train_40k,v2_06::concat::train_40k::seed{seed}::normal minus v2_06::concat::train_40k::seed{seed}::shuffled,0|1|2|3|42,5,0.11709,0.0049,0.10295|0.13035,"evaluation-sampling, image-clustered",represented development imageId,7714,768,100,v2_closed_vocab_top1_index_match,PRIMARY,CLEAN_PAIRED_CONTROL,READY,best development epoch,true,VE0-FIG-05,VE0-TAB-A4,R4_DEPTH_AND_RELIANCE|R_APPENDIX_STATISTICS,SLIDE-07-THE-IMAGE-MATTERS,VE0-TAB-A4,"Development-set result on one GQA subset. The clean test is embargoed and unread, so no held-out generalisation is claimed. A drop under a wrong or removed image demonstrates reliance on the image. It is NOT proof of robust visual reasoning, of grounding or of compositional understanding. The question-only drop is exactly zero by construction and is a control, not a result."
EV-CON-v2_06.concat.drop_zeroed.train_40k,CON,v2_06,S07_VISUAL_RELIANCE,CORE,v2_06/concat/drop_zeroed/train_40k,"paired contrast, effect in accuracy points",results/closure/reconstructed_statistics.json,88edeaf6ec787d754c8b0e006e00556895ea69dd8cbd215f391265c9e9643097,v2_dev,train_40k,v2_06::concat::train_40k::seed{seed}::normal minus v2_06::concat::train_40k::seed{seed}::zeroed,0|1|2|3|42,5,0.09987,0.004,0.08697|0.11228,"evaluation-sampling, image-clustered",represented development imageId,7714,768,100,v2_closed_vocab_top1_index_match,PRIMARY,CLEAN_PAIRED_CONTROL,READY,best development epoch,true,VE0-FIG-05,VE0-TAB-A4,R4_DEPTH_AND_RELIANCE|R_APPENDIX_STATISTICS,SLIDE-07-THE-IMAGE-MATTERS,VE0-TAB-A4,"Development-set result on one GQA subset. The clean test is embargoed and unread, so no held-out generalisation is claimed. A drop under a wrong or removed image demonstrates reliance on the image. It is NOT proof of robust visual reasoning, of grounding or of compositional understanding. The question-only drop is exactly zero by construction and is a control, not a result."
EV-CON-v2_06.fusion.drop_shuffled.train_40k,CON,v2_06,S07_VISUAL_RELIANCE,CORE,v2_06/fusion/drop_shuffled/train_40k,"paired contrast, effect in accuracy points",results/closure/reconstructed_statistics.json,88edeaf6ec787d754c8b0e006e00556895ea69dd8cbd215f391265c9e9643097,v2_dev,train_40k,v2_06::fusion::train_40k::seed{seed}::normal minus v2_06::fusion::train_40k::seed{seed}::shuffled,0|1|2|3|42,5,0.1427,0.00239,0.12769|0.15759,"evaluation-sampling, image-clustered",represented development imageId,7714,768,100,v2_closed_vocab_top1_index_match,PRIMARY,CLEAN_PAIRED_CONTROL,READY,best development epoch,true,VE0-FIG-05,VE0-TAB-A4,R4_DEPTH_AND_RELIANCE|R_APPENDIX_STATISTICS,SLIDE-07-THE-IMAGE-MATTERS,VE0-TAB-A4,"Development-set result on one GQA subset. The clean test is embargoed and unread, so no held-out generalisation is claimed. A drop under a wrong or removed image demonstrates reliance on the image. It is NOT proof of robust visual reasoning, of grounding or of compositional understanding. The question-only drop is exactly zero by construction and is a control, not a result."
EV-CON-v2_06.fusion.drop_zeroed.train_40k,CON,v2_06,S07_VISUAL_RELIANCE,CORE,v2_06/fusion/drop_zeroed/train_40k,"paired contrast, effect in accuracy points",results/closure/reconstructed_statistics.json,88edeaf6ec787d754c8b0e006e00556895ea69dd8cbd215f391265c9e9643097,v2_dev,train_40k,v2_06::fusion::train_40k::seed{seed}::normal minus v2_06::fusion::train_40k::seed{seed}::zeroed,0|1|2|3|42,5,0.1188,0.00514,0.10403|0.13305,"evaluation-sampling, image-clustered",represented development imageId,7714,768,100,v2_closed_vocab_top1_index_match,PRIMARY,CLEAN_PAIRED_CONTROL,READY,best development epoch,true,VE0-FIG-05,VE0-TAB-A4,R4_DEPTH_AND_RELIANCE|R_APPENDIX_STATISTICS,SLIDE-07-THE-IMAGE-MATTERS,VE0-TAB-A4,"Development-set result on one GQA subset. The clean test is embargoed and unread, so no held-out generalisation is claimed. A drop under a wrong or removed image demonstrates reliance on the image. It is NOT proof of robust visual reasoning, of grounding or of compositional understanding. The question-only drop is exactly zero by construction and is a control, not a result."
EV-CON-v2_06.image_only.drop_shuffled.train_40k,CON,v2_06,S07_VISUAL_RELIANCE,CORE,v2_06/image_only/drop_shuffled/train_40k,"paired contrast, effect in accuracy points",results/closure/reconstructed_statistics.json,88edeaf6ec787d754c8b0e006e00556895ea69dd8cbd215f391265c9e9643097,v2_dev,train_40k,v2_06::image_only::train_40k::seed{seed}::normal minus v2_06::image_only::train_40k::seed{seed}::shuffled,0|1|2|3|42,5,0.02362,0.01023,0.01565|0.03154,"evaluation-sampling, image-clustered",represented development imageId,7714,768,100,v2_closed_vocab_top1_index_match,PRIMARY,CLEAN_PAIRED_CONTROL,READY,best development epoch,true,VE0-FIG-05,VE0-TAB-A4,R4_DEPTH_AND_RELIANCE|R_APPENDIX_STATISTICS,SLIDE-07-THE-IMAGE-MATTERS,VE0-TAB-A4,"Development-set result on one GQA subset. The clean test is embargoed and unread, so no held-out generalisation is claimed. A drop under a wrong or removed image demonstrates reliance on the image. It is NOT proof of robust visual reasoning, of grounding or of compositional understanding. The question-only drop is exactly zero by construction and is a control, not a result."
EV-CON-v2_06.image_only.drop_zeroed.train_40k,CON,v2_06,S07_VISUAL_RELIANCE,CORE,v2_06/image_only/drop_zeroed/train_40k,"paired contrast, effect in accuracy points",results/closure/reconstructed_statistics.json,88edeaf6ec787d754c8b0e006e00556895ea69dd8cbd215f391265c9e9643097,v2_dev,train_40k,v2_06::image_only::train_40k::seed{seed}::normal minus v2_06::image_only::train_40k::seed{seed}::zeroed,0|1|2|3|42,5,0.0085,0.00274,-0.00093|0.01774,"evaluation-sampling, image-clustered",represented development imageId,7714,768,100,v2_closed_vocab_top1_index_match,PRIMARY,CLEAN_PAIRED_CONTROL,READY,best development epoch,false,VE0-FIG-05,VE0-TAB-A4,R4_DEPTH_AND_RELIANCE|R_APPENDIX_STATISTICS,SLIDE-07-THE-IMAGE-MATTERS,VE0-TAB-A4,"Development-set result on one GQA subset. The clean test is embargoed and unread, so no held-out generalisation is claimed. A drop under a wrong or removed image demonstrates reliance on the image. It is NOT proof of robust visual reasoning, of grounding or of compositional understanding. The question-only drop is exactly zero by construction and is a control, not a result."
EV-CON-v2_06.product_576k.drop_shuffled.train_40k,CON,v2_06,S07_VISUAL_RELIANCE,CORE,v2_06/product_576k/drop_shuffled/train_40k,"paired contrast, effect in accuracy points",results/closure/reconstructed_statistics.json,88edeaf6ec787d754c8b0e006e00556895ea69dd8cbd215f391265c9e9643097,v2_dev,train_40k,v2_06::product_576k::train_40k::seed{seed}::normal minus v2_06::product_576k::train_40k::seed{seed}::shuffled,0|1|2|3|42,5,0.12816,0.00328,0.11355|0.14209,"evaluation-sampling, image-clustered",represented development imageId,7714,768,100,v2_closed_vocab_top1_index_match,PRIMARY,CLEAN_PAIRED_CONTROL,READY,best development epoch,true,VE0-FIG-05,VE0-TAB-A4,R4_DEPTH_AND_RELIANCE|R_APPENDIX_STATISTICS,SLIDE-07-THE-IMAGE-MATTERS,VE0-TAB-A4,"Development-set result on one GQA subset. The clean test is embargoed and unread, so no held-out generalisation is claimed. A drop under a wrong or removed image demonstrates reliance on the image. It is NOT proof of robust visual reasoning, of grounding or of compositional understanding. The question-only drop is exactly zero by construction and is a control, not a result."
EV-CON-v2_06.product_576k.drop_zeroed.train_40k,CON,v2_06,S07_VISUAL_RELIANCE,CORE,v2_06/product_576k/drop_zeroed/train_40k,"paired contrast, effect in accuracy points",results/closure/reconstructed_statistics.json,88edeaf6ec787d754c8b0e006e00556895ea69dd8cbd215f391265c9e9643097,v2_dev,train_40k,v2_06::product_576k::train_40k::seed{seed}::normal minus v2_06::product_576k::train_40k::seed{seed}::zeroed,0|1|2|3|42,5,0.11242,0.00453,0.09854|0.12576,"evaluation-sampling, image-clustered",represented development imageId,7714,768,100,v2_closed_vocab_top1_index_match,PRIMARY,CLEAN_PAIRED_CONTROL,READY,best development epoch,true,VE0-FIG-05,VE0-TAB-A4,R4_DEPTH_AND_RELIANCE|R_APPENDIX_STATISTICS,SLIDE-07-THE-IMAGE-MATTERS,VE0-TAB-A4,"Development-set result on one GQA subset. The clean test is embargoed and unread, so no held-out generalisation is claimed. A drop under a wrong or removed image demonstrates reliance on the image. It is NOT proof of robust visual reasoning, of grounding or of compositional understanding. The question-only drop is exactly zero by construction and is a control, not a result."
EV-CON-v2_06.question_only.drop_shuffled.train_40k,CON,v2_06,S07_VISUAL_RELIANCE,CORE,v2_06/question_only/drop_shuffled/train_40k,"paired contrast, effect in accuracy points",results/closure/reconstructed_statistics.json,88edeaf6ec787d754c8b0e006e00556895ea69dd8cbd215f391265c9e9643097,v2_dev,train_40k,v2_06::question_only::train_40k::seed{seed}::normal minus v2_06::question_only::train_40k::seed{seed}::shuffled,0|1|2|3|42,5,0.0,0.0,0.0|0.0,"evaluation-sampling, image-clustered",represented development imageId,7714,768,100,v2_closed_vocab_top1_index_match,PRIMARY,CLEAN_PAIRED_CONTROL,READY,best development epoch,false,VE0-FIG-05,VE0-TAB-A4,R4_DEPTH_AND_RELIANCE|R_APPENDIX_STATISTICS,SLIDE-07-THE-IMAGE-MATTERS,VE0-TAB-A4,"Development-set result on one GQA subset. The clean test is embargoed and unread, so no held-out generalisation is claimed. A drop under a wrong or removed image demonstrates reliance on the image. It is NOT proof of robust visual reasoning, of grounding or of compositional understanding. The question-only drop is exactly zero by construction and is a control, not a result. Exactly zero by construction. This is a control that proves the intervention touched only the image path; it is not a result."
EV-CON-v2_06.question_only.drop_zeroed.train_40k,CON,v2_06,S07_VISUAL_RELIANCE,CORE,v2_06/question_only/drop_zeroed/train_40k,"paired contrast, effect in accuracy points",results/closure/reconstructed_statistics.json,88edeaf6ec787d754c8b0e006e00556895ea69dd8cbd215f391265c9e9643097,v2_dev,train_40k,v2_06::question_only::train_40k::seed{seed}::normal minus v2_06::question_only::train_40k::seed{seed}::zeroed,0|1|2|3|42,5,0.0,0.0,0.0|0.0,"evaluation-sampling, image-clustered",represented development imageId,7714,768,100,v2_closed_vocab_top1_index_match,PRIMARY,CLEAN_PAIRED_CONTROL,READY,best development epoch,false,VE0-FIG-05,VE0-TAB-A4,R4_DEPTH_AND_RELIANCE|R_APPENDIX_STATISTICS,SLIDE-07-THE-IMAGE-MATTERS,VE0-TAB-A4,"Development-set result on one GQA subset. The clean test is embargoed and unread, so no held-out generalisation is claimed. A drop under a wrong or removed image demonstrates reliance on the image. It is NOT proof of robust visual reasoning, of grounding or of compositional understanding. The question-only drop is exactly zero by construction and is a control, not a result. Exactly zero by construction. This is a control that proves the intervention touched only the image path; it is not a result."
EV-CON-v3_02a.reasoner_minus_fusion_deficit.train_40k,CON,v3_02a,S08_LATENT_REASONER,CORE,v3_02a/reasoner_minus_fusion_deficit/train_40k,"paired contrast, effect in accuracy points",results/experiments/v3_02a_refs/step_statistics.json,1124139e70ece466c7f8a759089c5eb9700ebc4b3fcfdd1adc4e6b90a957c6a3,v2_dev,train_40k,reasoner_minus_fusion_deficit,0|1|2,3,0.00473,,-0.00672|0.01702,"evaluation-sampling, image-clustered",represented development imageId,7714,768,100,v2_closed_vocab_top1_index_match,PRIMARY,SYSTEM_LEVEL_COMPARISON,READY,"best development epoch, patience 10",false,VE0-FIG-06,VE0-TAB-A4,R5_LATENT_REASONING_AND_REPRESENTATION|R_APPENDIX_STATISTICS,SLIDE-08-BIGGER-REASONER-DID-NOT-PAY,VE0-TAB-A4,"Development-set result on one GQA subset. The clean test is embargoed and unread, so no held-out generalisation is claimed. A system-level comparison. Input granularity, architecture and parameter count change together, so token-level access is not isolated as the cause."
EV-CON-v3_03.reasoner_minus_fusion_deficit.train_100k,CON,v3_03,S08_LATENT_REASONER,CORE,v3_03/reasoner_minus_fusion_deficit/train_100k,"paired contrast, effect in accuracy points",results/experiments/v3_03_scaling/results.json,b618e239e051e6201b8a3b4c6833c43ceb5369a3059a07883314783012da3339,v2_dev,train_100k,reasoner_minus_fusion_deficit,0|1|2,3,-0.00037,,-0.01211|0.01057,"evaluation-sampling, image-clustered",represented development imageId,7714,768,100,v2_closed_vocab_top1_index_match,PRIMARY,SYSTEM_LEVEL_COMPARISON,READY,"best development epoch, patience 10",false,VE0-FIG-06,VE0-TAB-A4,R5_LATENT_REASONING_AND_REPRESENTATION|R_APPENDIX_STATISTICS,SLIDE-08-BIGGER-REASONER-DID-NOT-PAY,VE0-TAB-A4,"Development-set result on one GQA subset. The clean test is embargoed and unread, so no held-out generalisation is claimed. A system-level comparison. Input granularity, architecture and parameter count change together, so token-level access is not isolated as the cause."
EV-CON-v3_03.reasoner_minus_fusion_deficit.train_250k,CON,v3_03,S08_LATENT_REASONER,CORE,v3_03/reasoner_minus_fusion_deficit/train_250k,"paired contrast, effect in accuracy points",results/experiments/v3_03_scaling/results.json,b618e239e051e6201b8a3b4c6833c43ceb5369a3059a07883314783012da3339,v2_dev,train_250k,reasoner_minus_fusion_deficit,0|1|2,3,-0.00275,,-0.01323|0.0076,"evaluation-sampling, image-clustered",represented development imageId,7714,768,100,v2_closed_vocab_top1_index_match,PRIMARY,SYSTEM_LEVEL_COMPARISON,READY,"best development epoch, patience 10",false,VE0-FIG-06,VE0-TAB-A4,R5_LATENT_REASONING_AND_REPRESENTATION|R_APPENDIX_STATISTICS,SLIDE-08-BIGGER-REASONER-DID-NOT-PAY,VE0-TAB-A4,"Development-set result on one GQA subset. The clean test is embargoed and unread, so no held-out generalisation is claimed. A system-level comparison. Input granularity, architecture and parameter count change together, so token-level access is not isolated as the cause."
EV-DEF-e2.pooled_ge4_deficit.concat.train_250k,DEF,e2,S06_TYPE_AND_DEPTH,SUPPORTING,e2/pooled_ge4_deficit/concat/train_250k,pooled four-or-more-step deficit against the fixed v2_05b per-bucket priors,results/closure/reconstructed_statistics.json,88edeaf6ec787d754c8b0e006e00556895ea69dd8cbd215f391265c9e9643097,v2_dev,train_250k,concat,0|1|2|3|42,5,0.08263,0.0053,0.07207|0.09308,"evaluation-sampling, image-clustered",represented development imageId,7714,768,100,v2_closed_vocab_top1_index_match,SECONDARY,DESCRIPTIVE_ONLY,READY,best development epoch,true,VE0-FIG-04,,R4_DEPTH_AND_RELIANCE,SLIDE-06-MULTI-STEP-IS-THE-WALL,NOT_APPLICABLE,"Development-set result on one GQA subset. The clean test is embargoed and unread, so no held-out generalisation is claimed. Representation quality is not isolated: encoder, embedding width (512 against 768) and head input width all move together. The training streams are not paired and the seed label does not pair two runs. At train_250k no clustered contrast exists, because the CLIP partner is the stopped v2_07 family. a positive deficit means the pooled >=4-step lift falls below the average of the per-bucket lifts. It describes one model's step profile against fixed priors; it is not a contrast between models and it does not establish a cause"
EV-DEF-e2.pooled_ge4_deficit.concat.train_40k,DEF,e2,S06_TYPE_AND_DEPTH,SUPPORTING,e2/pooled_ge4_deficit/concat/train_40k,pooled four-or-more-step deficit against the fixed v2_05b per-bucket priors,results/closure/reconstructed_statistics.json,88edeaf6ec787d754c8b0e006e00556895ea69dd8cbd215f391265c9e9643097,v2_dev,train_40k,concat,0|1|2|3|42,5,0.10241,0.00487,0.09138|0.11385,"evaluation-sampling, image-clustered",represented development imageId,7714,768,100,v2_closed_vocab_top1_index_match,SECONDARY,DESCRIPTIVE_ONLY,READY,best development epoch,true,VE0-FIG-04,,R4_DEPTH_AND_RELIANCE,SLIDE-06-MULTI-STEP-IS-THE-WALL,NOT_APPLICABLE,"Development-set result on one GQA subset. The clean test is embargoed and unread, so no held-out generalisation is claimed. Representation quality is not isolated: encoder, embedding width (512 against 768) and head input width all move together. The training streams are not paired and the seed label does not pair two runs. At train_250k no clustered contrast exists, because the CLIP partner is the stopped v2_07 family. a positive deficit means the pooled >=4-step lift falls below the average of the per-bucket lifts. It describes one model's step profile against fixed priors; it is not a contrast between models and it does not establish a cause"
EV-DEF-e2.pooled_ge4_deficit.fusion.train_250k,DEF,e2,S06_TYPE_AND_DEPTH,SUPPORTING,e2/pooled_ge4_deficit/fusion/train_250k,pooled four-or-more-step deficit against the fixed v2_05b per-bucket priors,results/closure/reconstructed_statistics.json,88edeaf6ec787d754c8b0e006e00556895ea69dd8cbd215f391265c9e9643097,v2_dev,train_250k,fusion,0|1|2|3|42,5,0.0838,0.00428,0.07208|0.09489,"evaluation-sampling, image-clustered",represented development imageId,7714,768,100,v2_closed_vocab_top1_index_match,SECONDARY,DESCRIPTIVE_ONLY,READY,best development epoch,true,VE0-FIG-04,,R4_DEPTH_AND_RELIANCE,SLIDE-06-MULTI-STEP-IS-THE-WALL,NOT_APPLICABLE,"Development-set result on one GQA subset. The clean test is embargoed and unread, so no held-out generalisation is claimed. Representation quality is not isolated: encoder, embedding width (512 against 768) and head input width all move together. The training streams are not paired and the seed label does not pair two runs. At train_250k no clustered contrast exists, because the CLIP partner is the stopped v2_07 family. a positive deficit means the pooled >=4-step lift falls below the average of the per-bucket lifts. It describes one model's step profile against fixed priors; it is not a contrast between models and it does not establish a cause"
EV-DEF-e2.pooled_ge4_deficit.fusion.train_40k,DEF,e2,S06_TYPE_AND_DEPTH,SUPPORTING,e2/pooled_ge4_deficit/fusion/train_40k,pooled four-or-more-step deficit against the fixed v2_05b per-bucket priors,results/closure/reconstructed_statistics.json,88edeaf6ec787d754c8b0e006e00556895ea69dd8cbd215f391265c9e9643097,v2_dev,train_40k,fusion,0|1|2|3|42,5,0.08659,0.00126,0.07424|0.09914,"evaluation-sampling, image-clustered",represented development imageId,7714,768,100,v2_closed_vocab_top1_index_match,SECONDARY,DESCRIPTIVE_ONLY,READY,best development epoch,true,VE0-FIG-04,,R4_DEPTH_AND_RELIANCE,SLIDE-06-MULTI-STEP-IS-THE-WALL,NOT_APPLICABLE,"Development-set result on one GQA subset. The clean test is embargoed and unread, so no held-out generalisation is claimed. Representation quality is not isolated: encoder, embedding width (512 against 768) and head input width all move together. The training streams are not paired and the seed label does not pair two runs. At train_250k no clustered contrast exists, because the CLIP partner is the stopped v2_07 family. a positive deficit means the pooled >=4-step lift falls below the average of the per-bucket lifts. It describes one model's step profile against fixed priors; it is not a contrast between models and it does not establish a cause"
EV-DEF-e2.pooled_ge4_deficit.product.train_250k,DEF,e2,S06_TYPE_AND_DEPTH,SUPPORTING,e2/pooled_ge4_deficit/product/train_250k,pooled four-or-more-step deficit against the fixed v2_05b per-bucket priors,results/closure/reconstructed_statistics.json,88edeaf6ec787d754c8b0e006e00556895ea69dd8cbd215f391265c9e9643097,v2_dev,train_250k,product,0|1|2|3|42,5,0.07926,0.00386,0.06786|0.09042,"evaluation-sampling, image-clustered",represented development imageId,7714,768,100,v2_closed_vocab_top1_index_match,SECONDARY,DESCRIPTIVE_ONLY,READY,best development epoch,true,VE0-FIG-04,,R4_DEPTH_AND_RELIANCE,SLIDE-06-MULTI-STEP-IS-THE-WALL,NOT_APPLICABLE,"Development-set result on one GQA subset. The clean test is embargoed and unread, so no held-out generalisation is claimed. Representation quality is not isolated: encoder, embedding width (512 against 768) and head input width all move together. The training streams are not paired and the seed label does not pair two runs. At train_250k no clustered contrast exists, because the CLIP partner is the stopped v2_07 family. a positive deficit means the pooled >=4-step lift falls below the average of the per-bucket lifts. It describes one model's step profile against fixed priors; it is not a contrast between models and it does not establish a cause"
EV-DEF-e2.pooled_ge4_deficit.product.train_40k,DEF,e2,S06_TYPE_AND_DEPTH,SUPPORTING,e2/pooled_ge4_deficit/product/train_40k,pooled four-or-more-step deficit against the fixed v2_05b per-bucket priors,results/closure/reconstructed_statistics.json,88edeaf6ec787d754c8b0e006e00556895ea69dd8cbd215f391265c9e9643097,v2_dev,train_40k,product,0|1|2|3|42,5,0.09219,0.00264,0.08085|0.10393,"evaluation-sampling, image-clustered",represented development imageId,7714,768,100,v2_closed_vocab_top1_index_match,SECONDARY,DESCRIPTIVE_ONLY,READY,best development epoch,true,VE0-FIG-04,,R4_DEPTH_AND_RELIANCE,SLIDE-06-MULTI-STEP-IS-THE-WALL,NOT_APPLICABLE,"Development-set result on one GQA subset. The clean test is embargoed and unread, so no held-out generalisation is claimed. Representation quality is not isolated: encoder, embedding width (512 against 768) and head input width all move together. The training streams are not paired and the seed label does not pair two runs. At train_250k no clustered contrast exists, because the CLIP partner is the stopped v2_07 family. a positive deficit means the pooled >=4-step lift falls below the average of the per-bucket lifts. It describes one model's step profile against fixed priors; it is not a contrast between models and it does not establish a cause"
EV-DEF-e2.pooled_ge4_deficit.question_only.train_250k,DEF,e2,S06_TYPE_AND_DEPTH,SUPPORTING,e2/pooled_ge4_deficit/question_only/train_250k,pooled four-or-more-step deficit against the fixed v2_05b per-bucket priors,results/closure/reconstructed_statistics.json,88edeaf6ec787d754c8b0e006e00556895ea69dd8cbd215f391265c9e9643097,v2_dev,train_250k,question_only,0|1|2|3|42,5,0.06284,0.00665,0.05195|0.07328,"evaluation-sampling, image-clustered",represented development imageId,7714,768,100,v2_closed_vocab_top1_index_match,SECONDARY,DESCRIPTIVE_ONLY,READY,best development epoch,true,VE0-FIG-04,,R4_DEPTH_AND_RELIANCE,SLIDE-06-MULTI-STEP-IS-THE-WALL,NOT_APPLICABLE,"Development-set result on one GQA subset. The clean test is embargoed and unread, so no held-out generalisation is claimed. Representation quality is not isolated: encoder, embedding width (512 against 768) and head input width all move together. The training streams are not paired and the seed label does not pair two runs. At train_250k no clustered contrast exists, because the CLIP partner is the stopped v2_07 family. a positive deficit means the pooled >=4-step lift falls below the average of the per-bucket lifts. It describes one model's step profile against fixed priors; it is not a contrast between models and it does not establish a cause"
EV-DEF-e2.pooled_ge4_deficit.question_only.train_40k,DEF,e2,S06_TYPE_AND_DEPTH,SUPPORTING,e2/pooled_ge4_deficit/question_only/train_40k,pooled four-or-more-step deficit against the fixed v2_05b per-bucket priors,results/closure/reconstructed_statistics.json,88edeaf6ec787d754c8b0e006e00556895ea69dd8cbd215f391265c9e9643097,v2_dev,train_40k,question_only,0|1|2|3|42,5,0.0838,0.00271,0.07273|0.09541,"evaluation-sampling, image-clustered",represented development imageId,7714,768,100,v2_closed_vocab_top1_index_match,SECONDARY,DESCRIPTIVE_ONLY,READY,best development epoch,true,VE0-FIG-04,,R4_DEPTH_AND_RELIANCE,SLIDE-06-MULTI-STEP-IS-THE-WALL,NOT_APPLICABLE,"Development-set result on one GQA subset. The clean test is embargoed and unread, so no held-out generalisation is claimed. Representation quality is not isolated: encoder, embedding width (512 against 768) and head input width all move together. The training streams are not paired and the seed label does not pair two runs. At train_250k no clustered contrast exists, because the CLIP partner is the stopped v2_07 family. a positive deficit means the pooled >=4-step lift falls below the average of the per-bucket lifts. It describes one model's step profile against fixed priors; it is not a contrast between models and it does not establish a cause"
EV-DEF-v2_02.pooled_ge4_deficit.concat.train_40k,DEF,v2_02,S06_TYPE_AND_DEPTH,SUPPORTING,v2_02/pooled_ge4_deficit/concat/train_40k,pooled four-or-more-step deficit against the fixed v2_05b per-bucket priors,results/closure/reconstructed_statistics.json,88edeaf6ec787d754c8b0e006e00556895ea69dd8cbd215f391265c9e9643097,v2_dev,train_40k,concat,0|1|2|3|42,5,0.10502,0.00216,0.09335|0.11658,"evaluation-sampling, image-clustered",represented development imageId,7714,768,100,v2_closed_vocab_top1_index_match,SECONDARY,DESCRIPTIVE_ONLY,READY,"best development epoch (early stopping on development accuracy, best-on-development checkpointing)",true,VE0-FIG-04,,R4_DEPTH_AND_RELIANCE,SLIDE-06-MULTI-STEP-IS-THE-WALL,NOT_APPLICABLE,"Development-set result on one GQA subset. The clean test is embargoed and unread, so no held-out generalisation is claimed. a positive deficit means the pooled >=4-step lift falls below the average of the per-bucket lifts. It describes one model's step profile against fixed priors; it is not a contrast between models and it does not establish a cause"
EV-DEF-v2_02.pooled_ge4_deficit.fusion.train_40k,DEF,v2_02,S06_TYPE_AND_DEPTH,SUPPORTING,v2_02/pooled_ge4_deficit/fusion/train_40k,pooled four-or-more-step deficit against the fixed v2_05b per-bucket priors,results/closure/reconstructed_statistics.json,88edeaf6ec787d754c8b0e006e00556895ea69dd8cbd215f391265c9e9643097,v2_dev,train_40k,fusion,0|1|2|3|42,5,0.09175,0.00256,0.08003|0.10387,"evaluation-sampling, image-clustered",represented development imageId,7714,768,100,v2_closed_vocab_top1_index_match,SECONDARY,DESCRIPTIVE_ONLY,READY,"best development epoch (early stopping on development accuracy, best-on-development checkpointing)",true,VE0-FIG-04,,R4_DEPTH_AND_RELIANCE,SLIDE-06-MULTI-STEP-IS-THE-WALL,NOT_APPLICABLE,"Development-set result on one GQA subset. The clean test is embargoed and unread, so no held-out generalisation is claimed. a positive deficit means the pooled >=4-step lift falls below the average of the per-bucket lifts. It describes one model's step profile against fixed priors; it is not a contrast between models and it does not establish a cause"
EV-DEF-v2_02.pooled_ge4_deficit.question_only.train_40k,DEF,v2_02,S06_TYPE_AND_DEPTH,SUPPORTING,v2_02/pooled_ge4_deficit/question_only/train_40k,pooled four-or-more-step deficit against the fixed v2_05b per-bucket priors,results/closure/reconstructed_statistics.json,88edeaf6ec787d754c8b0e006e00556895ea69dd8cbd215f391265c9e9643097,v2_dev,train_40k,question_only,0|1|2|3|42,5,0.0809,0.00366,0.07013|0.09192,"evaluation-sampling, image-clustered",represented development imageId,7714,768,100,v2_closed_vocab_top1_index_match,SECONDARY,DESCRIPTIVE_ONLY,READY,"best development epoch (early stopping on development accuracy, best-on-development checkpointing)",true,VE0-FIG-04,,R4_DEPTH_AND_RELIANCE,SLIDE-06-MULTI-STEP-IS-THE-WALL,NOT_APPLICABLE,"Development-set result on one GQA subset. The clean test is embargoed and unread, so no held-out generalisation is claimed. a positive deficit means the pooled >=4-step lift falls below the average of the per-bucket lifts. It describes one model's step profile against fixed priors; it is not a contrast between models and it does not establish a cause"
EV-DEF-v2_04.pooled_ge4_deficit.product_natural.train_40k,DEF,v2_04,S06_TYPE_AND_DEPTH,SUPPORTING,v2_04/pooled_ge4_deficit/product_natural/train_40k,pooled four-or-more-step deficit against the fixed v2_05b per-bucket priors,results/closure/reconstructed_statistics.json,88edeaf6ec787d754c8b0e006e00556895ea69dd8cbd215f391265c9e9643097,v2_dev,train_40k,product_natural,0|1|2|3|42,5,0.09523,0.00336,0.08379|0.10712,"evaluation-sampling, image-clustered",represented development imageId,7714,768,100,v2_closed_vocab_top1_index_match,SECONDARY,DESCRIPTIVE_ONLY,READY,best development epoch,true,VE0-FIG-04,,R4_DEPTH_AND_RELIANCE,SLIDE-06-MULTI-STEP-IS-THE-WALL,NOT_APPLICABLE,"Development-set result on one GQA subset. The clean test is embargoed and unread, so no held-out generalisation is claimed. a positive deficit means the pooled >=4-step lift falls below the average of the per-bucket lifts. It describes one model's step profile against fixed priors; it is not a contrast between models and it does not establish a cause"
EV-DSC-dev.coverage_top100,DSC,v2_00,S01_BASELINE_REPRESENTATION,SUPPORTING,dev.coverage_top100,share of raw development questions whose answer is in the top-100 closed answer set,artifacts/v2_00_protocol/protocol_build_summary.json,cfe82a17f0353a9bb6f107f770e59b6b7321ff69ab8d31eda2f49f16d5976e62,NOT_APPLICABLE,NOT_APPLICABLE,NOT_APPLICABLE,NOT_APPLICABLE,,0.771092,,,"NO_INTERVAL: a structural count or share, not an estimate",NOT_APPLICABLE,,,,structural_count_or_share,DIAGNOSTIC,DESCRIPTIVE_ONLY,READY,NOT_APPLICABLE,,VE0-FIG-A3,,R_APPENDIX_ANSWER_SET,,VE0-FIG-A3,"Development-set result on one GQA subset. The clean test is embargoed and unread, so no held-out generalisation is claimed."
EV-DSC-dev.coverage_top1000,DSC,E3,S00_OFF_SEQUENCE,APPENDIX,dev.coverage_top1000,share of raw development questions whose answer is in the top-1000 closed answer set,results/experiments/e3_vocab1000/results.json,bbdf65f724ee89cc6078628cd85684ad64a06585b6d34bdf0638b364c2a52be6,NOT_APPLICABLE,NOT_APPLICABLE,NOT_APPLICABLE,NOT_APPLICABLE,,0.981907,,,"NO_INTERVAL: a structural count or share, not an estimate",NOT_APPLICABLE,,,,structural_count_or_share,DIAGNOSTIC,DESCRIPTIVE_ONLY,READY,best development epoch,,VE0-FIG-A3,,R_APPENDIX_ANSWER_SET,,VE0-FIG-A3,"Development-set result on one GQA subset. The clean test is embargoed and unread, so no held-out generalisation is claimed."
EV-DSC-dev.n_images,DSC,v2_00,S01_BASELINE_REPRESENTATION,SUPPORTING,dev.n_images,development images in the image-disjoint partition,artifacts/v2_00_protocol/protocol_build_summary.json,cfe82a17f0353a9bb6f107f770e59b6b7321ff69ab8d31eda2f49f16d5976e62,NOT_APPLICABLE,NOT_APPLICABLE,NOT_APPLICABLE,NOT_APPLICABLE,,777,,,"NO_INTERVAL: a structural count or share, not an estimate",NOT_APPLICABLE,,,,structural_count_or_share,DIAGNOSTIC,DESCRIPTIVE_ONLY,READY,NOT_APPLICABLE,,VE0-FIG-10,,R9_QUALITATIVE_AND_ERROR_ANALYSIS,SLIDE-12-WHAT-FAILURE-LOOKS-LIKE,NOT_APPLICABLE,"Development-set result on one GQA subset. The clean test is embargoed and unread, so no held-out generalisation is claimed."
EV-DSC-dev.n_questions_in_vocabulary,DSC,v2_00,S01_BASELINE_REPRESENTATION,SUPPORTING,dev.n_questions_in_vocabulary,in-vocabulary development questions in the top-100 view,artifacts/v2_00_protocol/protocol_build_summary.json,cfe82a17f0353a9bb6f107f770e59b6b7321ff69ab8d31eda2f49f16d5976e62,NOT_APPLICABLE,NOT_APPLICABLE,NOT_APPLICABLE,NOT_APPLICABLE,,7714,,,"NO_INTERVAL: a structural count or share, not an estimate",NOT_APPLICABLE,,,,structural_count_or_share,DIAGNOSTIC,DESCRIPTIVE_ONLY,READY,NOT_APPLICABLE,,VE0-FIG-10,,R9_QUALITATIVE_AND_ERROR_ANALYSIS,SLIDE-12-WHAT-FAILURE-LOOKS-LIKE,NOT_APPLICABLE,"Development-set result on one GQA subset. The clean test is embargoed and unread, so no held-out generalisation is claimed."
EV-DSC-dev.n_raw_questions,DSC,v2_00,S01_BASELINE_REPRESENTATION,SUPPORTING,dev.n_raw_questions,raw development questions before the vocabulary gate,artifacts/v2_00_protocol/protocol_build_summary.json,cfe82a17f0353a9bb6f107f770e59b6b7321ff69ab8d31eda2f49f16d5976e62,NOT_APPLICABLE,NOT_APPLICABLE,NOT_APPLICABLE,NOT_APPLICABLE,,10004,,,"NO_INTERVAL: a structural count or share, not an estimate",NOT_APPLICABLE,,,,structural_count_or_share,DIAGNOSTIC,DESCRIPTIVE_ONLY,READY,NOT_APPLICABLE,,,,,,NOT_APPLICABLE,"Development-set result on one GQA subset. The clean test is embargoed and unread, so no held-out generalisation is claimed."
EV-DSC-train_100k.n_questions,DSC,v2_00,S05_TRAINING_SCALE,SUPPORTING,train_100k.n_questions,labelled training questions at the 100k scale,artifacts/v2_00_protocol/protocol_build_summary.json,cfe82a17f0353a9bb6f107f770e59b6b7321ff69ab8d31eda2f49f16d5976e62,NOT_APPLICABLE,NOT_APPLICABLE,NOT_APPLICABLE,NOT_APPLICABLE,,100000,,,"NO_INTERVAL: a structural count or share, not an estimate",NOT_APPLICABLE,,,,structural_count_or_share,DIAGNOSTIC,DESCRIPTIVE_ONLY,READY,NOT_APPLICABLE,,VE0-FIG-03,,R3_SCALING_BEHAVIOUR,SLIDE-05-SCALE-CLOSES-THE-GAP,NOT_APPLICABLE,"Development-set result on one GQA subset. The clean test is embargoed and unread, so no held-out generalisation is claimed."
EV-DSC-train_250k.n_questions,DSC,v2_00,S05_TRAINING_SCALE,SUPPORTING,train_250k.n_questions,labelled training questions at the 250k scale,artifacts/v2_00_protocol/protocol_build_summary.json,cfe82a17f0353a9bb6f107f770e59b6b7321ff69ab8d31eda2f49f16d5976e62,NOT_APPLICABLE,NOT_APPLICABLE,NOT_APPLICABLE,NOT_APPLICABLE,,250000,,,"NO_INTERVAL: a structural count or share, not an estimate",NOT_APPLICABLE,,,,structural_count_or_share,DIAGNOSTIC,DESCRIPTIVE_ONLY,READY,NOT_APPLICABLE,,VE0-FIG-03,,R3_SCALING_BEHAVIOUR,SLIDE-05-SCALE-CLOSES-THE-GAP,NOT_APPLICABLE,"Development-set result on one GQA subset. The clean test is embargoed and unread, so no held-out generalisation is claimed."
EV-DSC-train_40k.n_questions,DSC,v2_00,S05_TRAINING_SCALE,SUPPORTING,train_40k.n_questions,labelled training questions at the 40k scale,artifacts/v2_00_protocol/protocol_build_summary.json,cfe82a17f0353a9bb6f107f770e59b6b7321ff69ab8d31eda2f49f16d5976e62,NOT_APPLICABLE,NOT_APPLICABLE,NOT_APPLICABLE,NOT_APPLICABLE,,40000,,,"NO_INTERVAL: a structural count or share, not an estimate",NOT_APPLICABLE,,,,structural_count_or_share,DIAGNOSTIC,DESCRIPTIVE_ONLY,READY,NOT_APPLICABLE,,VE0-FIG-03,,R3_SCALING_BEHAVIOUR,SLIDE-05-SCALE-CLOSES-THE-GAP,NOT_APPLICABLE,"Development-set result on one GQA subset. The clean test is embargoed and unread, so no held-out generalisation is claimed."
EV-DSC-v3_01.reasoner.train_40k.seed_mean,DSC,v3_01,S08_LATENT_REASONER,CORE,v3_01.reasoner.train_40k.seed_mean,mean development accuracy of the 40k latent-query reasoner across three training seeds,results/experiments/v3_01_reasoner/results.json,472fe626775d755e1a24ae3da814466773b3e067537201cb88351ea27d8abfd9,NOT_APPLICABLE,NOT_APPLICABLE,NOT_APPLICABLE,NOT_APPLICABLE,,0.54222,,,"NO_INTERVAL: a structural count or share, not an estimate",NOT_APPLICABLE,,,,structural_count_or_share,DIAGNOSTIC,DESCRIPTIVE_ONLY,READY,"best development epoch, patience 10",,VE0-FIG-06,,R5_LATENT_REASONING_AND_REPRESENTATION,SLIDE-08-BIGGER-REASONER-DID-NOT-PAY,NOT_APPLICABLE,"Development-set result on one GQA subset. The clean test is embargoed and unread, so no held-out generalisation is claimed."
EV-DSC-v3_01.reasoner.train_40k.seed_sd,DSC,v3_01,S08_LATENT_REASONER,CORE,v3_01.reasoner.train_40k.seed_sd,across-training-seed standard deviation of the 40k latent-query reasoner. NOT a confidence interval,results/experiments/v3_01_reasoner/results.json,472fe626775d755e1a24ae3da814466773b3e067537201cb88351ea27d8abfd9,NOT_APPLICABLE,NOT_APPLICABLE,NOT_APPLICABLE,NOT_APPLICABLE,,0.00366,,,"NO_INTERVAL: a structural count or share, not an estimate",NOT_APPLICABLE,,,,structural_count_or_share,DIAGNOSTIC,DESCRIPTIVE_ONLY,READY,"best development epoch, patience 10",,VE0-FIG-06,,R5_LATENT_REASONING_AND_REPRESENTATION,SLIDE-08-BIGGER-REASONER-DID-NOT-PAY,NOT_APPLICABLE,"Development-set result on one GQA subset. The clean test is embargoed and unread, so no held-out generalisation is claimed."
EV-DSC-v3_01.reasoner_minus_fusion.train_40k.seed_mean,DSC,v3_01,S08_LATENT_REASONER,CORE,v3_01.reasoner_minus_fusion.train_40k.seed_mean,same-seed mean accuracy gap of the 40k reasoner over the global fusion head,results/experiments/v3_01_reasoner/results.json,472fe626775d755e1a24ae3da814466773b3e067537201cb88351ea27d8abfd9,NOT_APPLICABLE,NOT_APPLICABLE,NOT_APPLICABLE,NOT_APPLICABLE,,0.00307,,,"NO_INTERVAL: a structural count or share, not an estimate",NOT_APPLICABLE,,,,structural_count_or_share,DIAGNOSTIC,DESCRIPTIVE_ONLY,READY,"best development epoch, patience 10",,VE0-FIG-06,,R5_LATENT_REASONING_AND_REPRESENTATION,SLIDE-08-BIGGER-REASONER-DID-NOT-PAY,NOT_APPLICABLE,"Development-set result on one GQA subset. The clean test is embargoed and unread, so no held-out generalisation is claimed."
EV-EFF-E7a.e7a_additive_pipeline_sums,EFF,E7a,S14_EFFICIENCY_TRADEOFF,NOT_FOR_REPORTING,E7a::e7a_additive_pipeline_sums,ADDITIVE_COMPONENT_SUM_SUPERSEDED latency,results/experiments/e7a_efficiency/results.json,368ba5c2a149953193cf237bdf77023c17b244540ef7b9bfac55cb5a7fdc1a85,"timing sample, not an accuracy split",NOT_APPLICABLE,e7a_additive_pipeline_sums,NOT_APPLICABLE,,,,,NO_INTERVAL: warm median over repeated passes; the across-pass spread is recorded in the source artefact,NOT_APPLICABLE,,,,latency_and_memory_components,SECONDARY,DESCRIPTIVE_ONLY,SUPERSEDED_FOR_END_TO_END_CLAIMS,no training; measurement only,,,VE0-TAB-06,R8_COMPUTATIONAL_EFFICIENCY,,NOT_APPLICABLE,"Development-set result on one GQA subset. The clean test is embargoed and unread, so no held-out generalisation is claimed. Component measurements only. The additive gpu_encoder_plus_head_ms, full_pipeline_ms and amortised_ms fields and their Pareto fronts are SUPERSEDED for any end-to-end claim by the measured serial values of E7b. timing_kind=ADDITIVE_COMPONENT_SUM_SUPERSEDED; node=otter (E7a session); precision=fp32 inference; batch_size=1; comparable_with_end_to_end=false."
EV-EFF-E7a.e7a_component_measurements,EFF,E7a,S14_EFFICIENCY_TRADEOFF,DIAGNOSTIC,E7a::e7a_component_measurements,COMPONENT latency,results/experiments/e7a_efficiency/results.json,368ba5c2a149953193cf237bdf77023c17b244540ef7b9bfac55cb5a7fdc1a85,"timing sample, not an accuracy split",NOT_APPLICABLE,e7a_component_measurements,NOT_APPLICABLE,,,,,NO_INTERVAL: warm median over repeated passes; the across-pass spread is recorded in the source artefact,NOT_APPLICABLE,,,,latency_and_memory_components,SECONDARY,DESCRIPTIVE_ONLY,VERIFIED_AS_COMPONENTS,no training; measurement only,,VE0-FIG-A6,VE0-TAB-06,R8_COMPUTATIONAL_EFFICIENCY,,VE0-FIG-A6,"Development-set result on one GQA subset. The clean test is embargoed and unread, so no held-out generalisation is claimed. Component measurements only. The additive gpu_encoder_plus_head_ms, full_pipeline_ms and amortised_ms fields and their Pareto fronts are SUPERSEDED for any end-to-end claim by the measured serial values of E7b. timing_kind=COMPONENT; node=otter (E7a session); precision=fp32 inference; batch_size=1; comparable_with_end_to_end=false."
EV-EFF-E7b.concat,EFF,E7b,S14_EFFICIENCY_TRADEOFF,CORE,E7b::concat,END_TO_END_SERIAL latency,results/experiments/e7b_serial_efficiency/e7b_results.json,c55d61600124ed76a6383f87d6f0a8744f4d51eec24b2f53ef8aa9edeb76bae4,"timing sample, not an accuracy split",NOT_APPLICABLE,concat,NOT_APPLICABLE,,7.6104,,,NO_INTERVAL: warm median over repeated passes; the across-pass spread is recorded in the source artefact,NOT_APPLICABLE,,,,warm_median_serial_latency_ms,SECONDARY,DESCRIPTIVE_ONLY,VERIFIED,no training; measurement only,,VE0-FIG-09|VE0-FIG-A6,VE0-TAB-06,R8_COMPUTATIONAL_EFFICIENCY,SLIDE-11-COST-PER-QUERY,VE0-FIG-A6,"Development-set result on one GQA subset. The clean test is embargoed and unread, so no held-out generalisation is claimed. Latency efficiency only, measured on one node. No power or energy measurement exists anywhere in this project. E7b (otter155) and E9 (otter159) are separate frontiers and are never merged: the fusion bridge control failed its pre-registered 10 per cent tolerance at -18.69 per cent and no adjustment factor is applied. timing_kind=END_TO_END_SERIAL; node=otter155.eps.surrey.ac.uk; precision=fp32 inference; batch_size=1; comparable_with_end_to_end=true."
EV-EFF-E7b.concat.cached_feature_head_only,EFF,E7b,S14_EFFICIENCY_TRADEOFF,CORE,E7b::concat::cached_feature_head_only,CACHED_FEATURE_HEAD_ONLY latency,results/experiments/e7b_serial_efficiency/e7b_results.json,c55d61600124ed76a6383f87d6f0a8744f4d51eec24b2f53ef8aa9edeb76bae4,"timing sample, not an accuracy split",NOT_APPLICABLE,concat::cached_feature_head_only,NOT_APPLICABLE,,,,,NO_INTERVAL: warm median over repeated passes; the across-pass spread is recorded in the source artefact,NOT_APPLICABLE,,,,latency_and_memory_components,SECONDARY,DESCRIPTIVE_ONLY,VERIFIED,no training; measurement only,,VE0-FIG-A6,VE0-TAB-06,R8_COMPUTATIONAL_EFFICIENCY,,VE0-FIG-A6,"Development-set result on one GQA subset. The clean test is embargoed and unread, so no held-out generalisation is claimed. Latency efficiency only, measured on one node. No power or energy measurement exists anywhere in this project. E7b (otter155) and E9 (otter159) are separate frontiers and are never merged: the fusion bridge control failed its pre-registered 10 per cent tolerance at -18.69 per cent and no adjustment factor is applied. timing_kind=CACHED_FEATURE_HEAD_ONLY; node=otter155.eps.surrey.ac.uk; precision=fp32 inference; batch_size=1; comparable_with_end_to_end=false."
EV-EFF-E7b.concat.cached_image_question_side,EFF,E7b,S14_EFFICIENCY_TRADEOFF,CORE,E7b::concat::cached_image_question_side,CACHED_IMAGE_QUESTION_SIDE latency,results/experiments/e7b_serial_efficiency/e7b_results.json,c55d61600124ed76a6383f87d6f0a8744f4d51eec24b2f53ef8aa9edeb76bae4,"timing sample, not an accuracy split",NOT_APPLICABLE,concat::cached_image_question_side,NOT_APPLICABLE,,,,,NO_INTERVAL: warm median over repeated passes; the across-pass spread is recorded in the source artefact,NOT_APPLICABLE,,,,latency_and_memory_components,SECONDARY,DESCRIPTIVE_ONLY,VERIFIED,no training; measurement only,,VE0-FIG-A6,VE0-TAB-06,R8_COMPUTATIONAL_EFFICIENCY,,VE0-FIG-A6,"Development-set result on one GQA subset. The clean test is embargoed and unread, so no held-out generalisation is claimed. Latency efficiency only, measured on one node. No power or energy measurement exists anywhere in this project. E7b (otter155) and E9 (otter159) are separate frontiers and are never merged: the fusion bridge control failed its pre-registered 10 per cent tolerance at -18.69 per cent and no adjustment factor is applied. timing_kind=CACHED_IMAGE_QUESTION_SIDE; node=otter155.eps.surrey.ac.uk; precision=fp32 inference; batch_size=1; comparable_with_end_to_end=false."
EV-EFF-E7b.e8a_a0p,EFF,E7b,S14_EFFICIENCY_TRADEOFF,CORE,E7b::e8a_a0p,END_TO_END_SERIAL latency,results/experiments/e7b_serial_efficiency/e7b_results.json,c55d61600124ed76a6383f87d6f0a8744f4d51eec24b2f53ef8aa9edeb76bae4,"timing sample, not an accuracy split",NOT_APPLICABLE,e8a_a0p,NOT_APPLICABLE,,9.2117,,,NO_INTERVAL: warm median over repeated passes; the across-pass spread is recorded in the source artefact,NOT_APPLICABLE,,,,warm_median_serial_latency_ms,SECONDARY,DESCRIPTIVE_ONLY,VERIFIED,no training; measurement only,,VE0-FIG-09|VE0-FIG-A6,VE0-TAB-06,R8_COMPUTATIONAL_EFFICIENCY,SLIDE-11-COST-PER-QUERY,VE0-FIG-A6,"Development-set result on one GQA subset. The clean test is embargoed and unread, so no held-out generalisation is claimed. Latency efficiency only, measured on one node. No power or energy measurement exists anywhere in this project. E7b (otter155) and E9 (otter159) are separate frontiers and are never merged: the fusion bridge control failed its pre-registered 10 per cent tolerance at -18.69 per cent and no adjustment factor is applied. timing_kind=END_TO_END_SERIAL; node=otter155.eps.surrey.ac.uk; precision=fp32 inference; batch_size=1; comparable_with_end_to_end=true."
EV-EFF-E7b.e8a_a0p.cached_feature_head_only,EFF,E7b,S14_EFFICIENCY_TRADEOFF,CORE,E7b::e8a_a0p::cached_feature_head_only,CACHED_FEATURE_HEAD_ONLY latency,results/experiments/e7b_serial_efficiency/e7b_results.json,c55d61600124ed76a6383f87d6f0a8744f4d51eec24b2f53ef8aa9edeb76bae4,"timing sample, not an accuracy split",NOT_APPLICABLE,e8a_a0p::cached_feature_head_only,NOT_APPLICABLE,,,,,NO_INTERVAL: warm median over repeated passes; the across-pass spread is recorded in the source artefact,NOT_APPLICABLE,,,,latency_and_memory_components,SECONDARY,DESCRIPTIVE_ONLY,VERIFIED,no training; measurement only,,VE0-FIG-A6,VE0-TAB-06,R8_COMPUTATIONAL_EFFICIENCY,,VE0-FIG-A6,"Development-set result on one GQA subset. The clean test is embargoed and unread, so no held-out generalisation is claimed. Latency efficiency only, measured on one node. No power or energy measurement exists anywhere in this project. E7b (otter155) and E9 (otter159) are separate frontiers and are never merged: the fusion bridge control failed its pre-registered 10 per cent tolerance at -18.69 per cent and no adjustment factor is applied. timing_kind=CACHED_FEATURE_HEAD_ONLY; node=otter155.eps.surrey.ac.uk; precision=fp32 inference; batch_size=1; comparable_with_end_to_end=false."
EV-EFF-E7b.e8a_a0p.cached_image_question_side,EFF,E7b,S14_EFFICIENCY_TRADEOFF,CORE,E7b::e8a_a0p::cached_image_question_side,CACHED_IMAGE_QUESTION_SIDE latency,results/experiments/e7b_serial_efficiency/e7b_results.json,c55d61600124ed76a6383f87d6f0a8744f4d51eec24b2f53ef8aa9edeb76bae4,"timing sample, not an accuracy split",NOT_APPLICABLE,e8a_a0p::cached_image_question_side,NOT_APPLICABLE,,,,,NO_INTERVAL: warm median over repeated passes; the across-pass spread is recorded in the source artefact,NOT_APPLICABLE,,,,latency_and_memory_components,SECONDARY,DESCRIPTIVE_ONLY,VERIFIED,no training; measurement only,,VE0-FIG-A6,VE0-TAB-06,R8_COMPUTATIONAL_EFFICIENCY,,VE0-FIG-A6,"Development-set result on one GQA subset. The clean test is embargoed and unread, so no held-out generalisation is claimed. Latency efficiency only, measured on one node. No power or energy measurement exists anywhere in this project. E7b (otter155) and E9 (otter159) are separate frontiers and are never merged: the fusion bridge control failed its pre-registered 10 per cent tolerance at -18.69 per cent and no adjustment factor is applied. timing_kind=CACHED_IMAGE_QUESTION_SIDE; node=otter155.eps.surrey.ac.uk; precision=fp32 inference; batch_size=1; comparable_with_end_to_end=false."
EV-EFF-E7b.e8a_a1,EFF,E7b,S14_EFFICIENCY_TRADEOFF,CORE,E7b::e8a_a1,END_TO_END_SERIAL latency,results/experiments/e7b_serial_efficiency/e7b_results.json,c55d61600124ed76a6383f87d6f0a8744f4d51eec24b2f53ef8aa9edeb76bae4,"timing sample, not an accuracy split",NOT_APPLICABLE,e8a_a1,NOT_APPLICABLE,,20.146,,,NO_INTERVAL: warm median over repeated passes; the across-pass spread is recorded in the source artefact,NOT_APPLICABLE,,,,warm_median_serial_latency_ms,SECONDARY,DESCRIPTIVE_ONLY,VERIFIED,no training; measurement only,,VE0-FIG-09|VE0-FIG-A6,VE0-TAB-06,R8_COMPUTATIONAL_EFFICIENCY,SLIDE-11-COST-PER-QUERY,VE0-FIG-A6,"Development-set result on one GQA subset. The clean test is embargoed and unread, so no held-out generalisation is claimed. Latency efficiency only, measured on one node. No power or energy measurement exists anywhere in this project. E7b (otter155) and E9 (otter159) are separate frontiers and are never merged: the fusion bridge control failed its pre-registered 10 per cent tolerance at -18.69 per cent and no adjustment factor is applied. timing_kind=END_TO_END_SERIAL; node=otter155.eps.surrey.ac.uk; precision=fp32 inference; batch_size=1; comparable_with_end_to_end=true."
EV-EFF-E7b.e8a_a1.cached_feature_head_only,EFF,E7b,S14_EFFICIENCY_TRADEOFF,CORE,E7b::e8a_a1::cached_feature_head_only,CACHED_FEATURE_HEAD_ONLY latency,results/experiments/e7b_serial_efficiency/e7b_results.json,c55d61600124ed76a6383f87d6f0a8744f4d51eec24b2f53ef8aa9edeb76bae4,"timing sample, not an accuracy split",NOT_APPLICABLE,e8a_a1::cached_feature_head_only,NOT_APPLICABLE,,,,,NO_INTERVAL: warm median over repeated passes; the across-pass spread is recorded in the source artefact,NOT_APPLICABLE,,,,latency_and_memory_components,SECONDARY,DESCRIPTIVE_ONLY,VERIFIED,no training; measurement only,,VE0-FIG-A6,VE0-TAB-06,R8_COMPUTATIONAL_EFFICIENCY,,VE0-FIG-A6,"Development-set result on one GQA subset. The clean test is embargoed and unread, so no held-out generalisation is claimed. Latency efficiency only, measured on one node. No power or energy measurement exists anywhere in this project. E7b (otter155) and E9 (otter159) are separate frontiers and are never merged: the fusion bridge control failed its pre-registered 10 per cent tolerance at -18.69 per cent and no adjustment factor is applied. timing_kind=CACHED_FEATURE_HEAD_ONLY; node=otter155.eps.surrey.ac.uk; precision=fp32 inference; batch_size=1; comparable_with_end_to_end=false."
EV-EFF-E7b.e8a_a1.cached_image_question_side,EFF,E7b,S14_EFFICIENCY_TRADEOFF,CORE,E7b::e8a_a1::cached_image_question_side,CACHED_IMAGE_QUESTION_SIDE latency,results/experiments/e7b_serial_efficiency/e7b_results.json,c55d61600124ed76a6383f87d6f0a8744f4d51eec24b2f53ef8aa9edeb76bae4,"timing sample, not an accuracy split",NOT_APPLICABLE,e8a_a1::cached_image_question_side,NOT_APPLICABLE,,,,,NO_INTERVAL: warm median over repeated passes; the across-pass spread is recorded in the source artefact,NOT_APPLICABLE,,,,latency_and_memory_components,SECONDARY,DESCRIPTIVE_ONLY,VERIFIED,no training; measurement only,,VE0-FIG-A6,VE0-TAB-06,R8_COMPUTATIONAL_EFFICIENCY,,VE0-FIG-A6,"Development-set result on one GQA subset. The clean test is embargoed and unread, so no held-out generalisation is claimed. Latency efficiency only, measured on one node. No power or energy measurement exists anywhere in this project. E7b (otter155) and E9 (otter159) are separate frontiers and are never merged: the fusion bridge control failed its pre-registered 10 per cent tolerance at -18.69 per cent and no adjustment factor is applied. timing_kind=CACHED_IMAGE_QUESTION_SIDE; node=otter155.eps.surrey.ac.uk; precision=fp32 inference; batch_size=1; comparable_with_end_to_end=false."
EV-EFF-E7b.fusion,EFF,E7b,S14_EFFICIENCY_TRADEOFF,CORE,E7b::fusion,END_TO_END_SERIAL latency,results/experiments/e7b_serial_efficiency/e7b_results.json,c55d61600124ed76a6383f87d6f0a8744f4d51eec24b2f53ef8aa9edeb76bae4,"timing sample, not an accuracy split",NOT_APPLICABLE,fusion,NOT_APPLICABLE,,7.6351,,,NO_INTERVAL: warm median over repeated passes; the across-pass spread is recorded in the source artefact,NOT_APPLICABLE,,,,warm_median_serial_latency_ms,SECONDARY,DESCRIPTIVE_ONLY,VERIFIED,no training; measurement only,,VE0-FIG-09|VE0-FIG-A6,VE0-TAB-06,R8_COMPUTATIONAL_EFFICIENCY,SLIDE-11-COST-PER-QUERY,VE0-FIG-A6,"Development-set result on one GQA subset. The clean test is embargoed and unread, so no held-out generalisation is claimed. Latency efficiency only, measured on one node. No power or energy measurement exists anywhere in this project. E7b (otter155) and E9 (otter159) are separate frontiers and are never merged: the fusion bridge control failed its pre-registered 10 per cent tolerance at -18.69 per cent and no adjustment factor is applied. timing_kind=END_TO_END_SERIAL; node=otter155.eps.surrey.ac.uk; precision=fp32 inference; batch_size=1; comparable_with_end_to_end=true."
EV-EFF-E7b.fusion.cached_feature_head_only,EFF,E7b,S14_EFFICIENCY_TRADEOFF,CORE,E7b::fusion::cached_feature_head_only,CACHED_FEATURE_HEAD_ONLY latency,results/experiments/e7b_serial_efficiency/e7b_results.json,c55d61600124ed76a6383f87d6f0a8744f4d51eec24b2f53ef8aa9edeb76bae4,"timing sample, not an accuracy split",NOT_APPLICABLE,fusion::cached_feature_head_only,NOT_APPLICABLE,,,,,NO_INTERVAL: warm median over repeated passes; the across-pass spread is recorded in the source artefact,NOT_APPLICABLE,,,,latency_and_memory_components,SECONDARY,DESCRIPTIVE_ONLY,VERIFIED,no training; measurement only,,VE0-FIG-A6,VE0-TAB-06,R8_COMPUTATIONAL_EFFICIENCY,,VE0-FIG-A6,"Development-set result on one GQA subset. The clean test is embargoed and unread, so no held-out generalisation is claimed. Latency efficiency only, measured on one node. No power or energy measurement exists anywhere in this project. E7b (otter155) and E9 (otter159) are separate frontiers and are never merged: the fusion bridge control failed its pre-registered 10 per cent tolerance at -18.69 per cent and no adjustment factor is applied. timing_kind=CACHED_FEATURE_HEAD_ONLY; node=otter155.eps.surrey.ac.uk; precision=fp32 inference; batch_size=1; comparable_with_end_to_end=false."
EV-EFF-E7b.fusion.cached_image_question_side,EFF,E7b,S14_EFFICIENCY_TRADEOFF,CORE,E7b::fusion::cached_image_question_side,CACHED_IMAGE_QUESTION_SIDE latency,results/experiments/e7b_serial_efficiency/e7b_results.json,c55d61600124ed76a6383f87d6f0a8744f4d51eec24b2f53ef8aa9edeb76bae4,"timing sample, not an accuracy split",NOT_APPLICABLE,fusion::cached_image_question_side,NOT_APPLICABLE,,,,,NO_INTERVAL: warm median over repeated passes; the across-pass spread is recorded in the source artefact,NOT_APPLICABLE,,,,latency_and_memory_components,SECONDARY,DESCRIPTIVE_ONLY,VERIFIED,no training; measurement only,,VE0-FIG-A6,VE0-TAB-06,R8_COMPUTATIONAL_EFFICIENCY,,VE0-FIG-A6,"Development-set result on one GQA subset. The clean test is embargoed and unread, so no held-out generalisation is claimed. Latency efficiency only, measured on one node. No power or energy measurement exists anywhere in this project. E7b (otter155) and E9 (otter159) are separate frontiers and are never merged: the fusion bridge control failed its pre-registered 10 per cent tolerance at -18.69 per cent and no adjustment factor is applied. timing_kind=CACHED_IMAGE_QUESTION_SIDE; node=otter155.eps.surrey.ac.uk; precision=fp32 inference; batch_size=1; comparable_with_end_to_end=false."
EV-EFF-E7b.question_only,EFF,E7b,S14_EFFICIENCY_TRADEOFF,CORE,E7b::question_only,END_TO_END_SERIAL latency,results/experiments/e7b_serial_efficiency/e7b_results.json,c55d61600124ed76a6383f87d6f0a8744f4d51eec24b2f53ef8aa9edeb76bae4,"timing sample, not an accuracy split",NOT_APPLICABLE,question_only,NOT_APPLICABLE,,1.9603,,,NO_INTERVAL: warm median over repeated passes; the across-pass spread is recorded in the source artefact,NOT_APPLICABLE,,,,warm_median_serial_latency_ms,SECONDARY,DESCRIPTIVE_ONLY,VERIFIED,no training; measurement only,,VE0-FIG-09|VE0-FIG-A6,VE0-TAB-06,R8_COMPUTATIONAL_EFFICIENCY,SLIDE-11-COST-PER-QUERY,VE0-FIG-A6,"Development-set result on one GQA subset. The clean test is embargoed and unread, so no held-out generalisation is claimed. Latency efficiency only, measured on one node. No power or energy measurement exists anywhere in this project. E7b (otter155) and E9 (otter159) are separate frontiers and are never merged: the fusion bridge control failed its pre-registered 10 per cent tolerance at -18.69 per cent and no adjustment factor is applied. timing_kind=END_TO_END_SERIAL; node=otter155.eps.surrey.ac.uk; precision=fp32 inference; batch_size=1; comparable_with_end_to_end=true."
EV-EFF-E7b.question_only.cached_feature_head_only,EFF,E7b,S14_EFFICIENCY_TRADEOFF,CORE,E7b::question_only::cached_feature_head_only,CACHED_FEATURE_HEAD_ONLY latency,results/experiments/e7b_serial_efficiency/e7b_results.json,c55d61600124ed76a6383f87d6f0a8744f4d51eec24b2f53ef8aa9edeb76bae4,"timing sample, not an accuracy split",NOT_APPLICABLE,question_only::cached_feature_head_only,NOT_APPLICABLE,,,,,NO_INTERVAL: warm median over repeated passes; the across-pass spread is recorded in the source artefact,NOT_APPLICABLE,,,,latency_and_memory_components,SECONDARY,DESCRIPTIVE_ONLY,VERIFIED,no training; measurement only,,VE0-FIG-A6,VE0-TAB-06,R8_COMPUTATIONAL_EFFICIENCY,,VE0-FIG-A6,"Development-set result on one GQA subset. The clean test is embargoed and unread, so no held-out generalisation is claimed. Latency efficiency only, measured on one node. No power or energy measurement exists anywhere in this project. E7b (otter155) and E9 (otter159) are separate frontiers and are never merged: the fusion bridge control failed its pre-registered 10 per cent tolerance at -18.69 per cent and no adjustment factor is applied. timing_kind=CACHED_FEATURE_HEAD_ONLY; node=otter155.eps.surrey.ac.uk; precision=fp32 inference; batch_size=1; comparable_with_end_to_end=false."
EV-EFF-E7b.reasoner,EFF,E7b,S14_EFFICIENCY_TRADEOFF,CORE,E7b::reasoner,END_TO_END_SERIAL latency,results/experiments/e7b_serial_efficiency/e7b_results.json,c55d61600124ed76a6383f87d6f0a8744f4d51eec24b2f53ef8aa9edeb76bae4,"timing sample, not an accuracy split",NOT_APPLICABLE,reasoner,NOT_APPLICABLE,,9.1719,,,NO_INTERVAL: warm median over repeated passes; the across-pass spread is recorded in the source artefact,NOT_APPLICABLE,,,,warm_median_serial_latency_ms,SECONDARY,DESCRIPTIVE_ONLY,VERIFIED,no training; measurement only,,VE0-FIG-09|VE0-FIG-A6,VE0-TAB-06,R8_COMPUTATIONAL_EFFICIENCY,SLIDE-11-COST-PER-QUERY,VE0-FIG-A6,"Development-set result on one GQA subset. The clean test is embargoed and unread, so no held-out generalisation is claimed. Latency efficiency only, measured on one node. No power or energy measurement exists anywhere in this project. E7b (otter155) and E9 (otter159) are separate frontiers and are never merged: the fusion bridge control failed its pre-registered 10 per cent tolerance at -18.69 per cent and no adjustment factor is applied. timing_kind=END_TO_END_SERIAL; node=otter155.eps.surrey.ac.uk; precision=fp32 inference; batch_size=1; comparable_with_end_to_end=true."
EV-EFF-E7b.reasoner.cached_feature_head_only,EFF,E7b,S14_EFFICIENCY_TRADEOFF,CORE,E7b::reasoner::cached_feature_head_only,CACHED_FEATURE_HEAD_ONLY latency,results/experiments/e7b_serial_efficiency/e7b_results.json,c55d61600124ed76a6383f87d6f0a8744f4d51eec24b2f53ef8aa9edeb76bae4,"timing sample, not an accuracy split",NOT_APPLICABLE,reasoner::cached_feature_head_only,NOT_APPLICABLE,,,,,NO_INTERVAL: warm median over repeated passes; the across-pass spread is recorded in the source artefact,NOT_APPLICABLE,,,,latency_and_memory_components,SECONDARY,DESCRIPTIVE_ONLY,VERIFIED,no training; measurement only,,VE0-FIG-A6,VE0-TAB-06,R8_COMPUTATIONAL_EFFICIENCY,,VE0-FIG-A6,"Development-set result on one GQA subset. The clean test is embargoed and unread, so no held-out generalisation is claimed. Latency efficiency only, measured on one node. No power or energy measurement exists anywhere in this project. E7b (otter155) and E9 (otter159) are separate frontiers and are never merged: the fusion bridge control failed its pre-registered 10 per cent tolerance at -18.69 per cent and no adjustment factor is applied. timing_kind=CACHED_FEATURE_HEAD_ONLY; node=otter155.eps.surrey.ac.uk; precision=fp32 inference; batch_size=1; comparable_with_end_to_end=false."
EV-EFF-E7b.reasoner.cached_image_question_side,EFF,E7b,S14_EFFICIENCY_TRADEOFF,CORE,E7b::reasoner::cached_image_question_side,CACHED_IMAGE_QUESTION_SIDE latency,results/experiments/e7b_serial_efficiency/e7b_results.json,c55d61600124ed76a6383f87d6f0a8744f4d51eec24b2f53ef8aa9edeb76bae4,"timing sample, not an accuracy split",NOT_APPLICABLE,reasoner::cached_image_question_side,NOT_APPLICABLE,,,,,NO_INTERVAL: warm median over repeated passes; the across-pass spread is recorded in the source artefact,NOT_APPLICABLE,,,,latency_and_memory_components,SECONDARY,DESCRIPTIVE_ONLY,VERIFIED,no training; measurement only,,VE0-FIG-A6,VE0-TAB-06,R8_COMPUTATIONAL_EFFICIENCY,,VE0-FIG-A6,"Development-set result on one GQA subset. The clean test is embargoed and unread, so no held-out generalisation is claimed. Latency efficiency only, measured on one node. No power or energy measurement exists anywhere in this project. E7b (otter155) and E9 (otter159) are separate frontiers and are never merged: the fusion bridge control failed its pre-registered 10 per cent tolerance at -18.69 per cent and no adjustment factor is applied. timing_kind=CACHED_IMAGE_QUESTION_SIDE; node=otter155.eps.surrey.ac.uk; precision=fp32 inference; batch_size=1; comparable_with_end_to_end=false."
EV-EFF-E7b.siglip_fusion,EFF,E7b,S14_EFFICIENCY_TRADEOFF,CORE,E7b::siglip_fusion,END_TO_END_SERIAL latency,results/experiments/e7b_serial_efficiency/e7b_results.json,c55d61600124ed76a6383f87d6f0a8744f4d51eec24b2f53ef8aa9edeb76bae4,"timing sample, not an accuracy split",NOT_APPLICABLE,siglip_fusion,NOT_APPLICABLE,,9.8433,,,NO_INTERVAL: warm median over repeated passes; the across-pass spread is recorded in the source artefact,NOT_APPLICABLE,,,,warm_median_serial_latency_ms,SECONDARY,DESCRIPTIVE_ONLY,VERIFIED,no training; measurement only,,VE0-FIG-09|VE0-FIG-A6,VE0-TAB-06,R8_COMPUTATIONAL_EFFICIENCY,SLIDE-11-COST-PER-QUERY,VE0-FIG-A6,"Development-set result on one GQA subset. The clean test is embargoed and unread, so no held-out generalisation is claimed. Latency efficiency only, measured on one node. No power or energy measurement exists anywhere in this project. E7b (otter155) and E9 (otter159) are separate frontiers and are never merged: the fusion bridge control failed its pre-registered 10 per cent tolerance at -18.69 per cent and no adjustment factor is applied. timing_kind=END_TO_END_SERIAL; node=otter155.eps.surrey.ac.uk; precision=fp32 inference; batch_size=1; comparable_with_end_to_end=true."
EV-EFF-E7b.siglip_fusion.cached_feature_head_only,EFF,E7b,S14_EFFICIENCY_TRADEOFF,CORE,E7b::siglip_fusion::cached_feature_head_only,CACHED_FEATURE_HEAD_ONLY latency,results/experiments/e7b_serial_efficiency/e7b_results.json,c55d61600124ed76a6383f87d6f0a8744f4d51eec24b2f53ef8aa9edeb76bae4,"timing sample, not an accuracy split",NOT_APPLICABLE,siglip_fusion::cached_feature_head_only,NOT_APPLICABLE,,,,,NO_INTERVAL: warm median over repeated passes; the across-pass spread is recorded in the source artefact,NOT_APPLICABLE,,,,latency_and_memory_components,SECONDARY,DESCRIPTIVE_ONLY,VERIFIED,no training; measurement only,,VE0-FIG-A6,VE0-TAB-06,R8_COMPUTATIONAL_EFFICIENCY,,VE0-FIG-A6,"Development-set result on one GQA subset. The clean test is embargoed and unread, so no held-out generalisation is claimed. Latency efficiency only, measured on one node. No power or energy measurement exists anywhere in this project. E7b (otter155) and E9 (otter159) are separate frontiers and are never merged: the fusion bridge control failed its pre-registered 10 per cent tolerance at -18.69 per cent and no adjustment factor is applied. timing_kind=CACHED_FEATURE_HEAD_ONLY; node=otter155.eps.surrey.ac.uk; precision=fp32 inference; batch_size=1; comparable_with_end_to_end=false."
EV-EFF-E7b.siglip_fusion.cached_image_question_side,EFF,E7b,S14_EFFICIENCY_TRADEOFF,CORE,E7b::siglip_fusion::cached_image_question_side,CACHED_IMAGE_QUESTION_SIDE latency,results/experiments/e7b_serial_efficiency/e7b_results.json,c55d61600124ed76a6383f87d6f0a8744f4d51eec24b2f53ef8aa9edeb76bae4,"timing sample, not an accuracy split",NOT_APPLICABLE,siglip_fusion::cached_image_question_side,NOT_APPLICABLE,,,,,NO_INTERVAL: warm median over repeated passes; the across-pass spread is recorded in the source artefact,NOT_APPLICABLE,,,,latency_and_memory_components,SECONDARY,DESCRIPTIVE_ONLY,VERIFIED,no training; measurement only,,VE0-FIG-A6,VE0-TAB-06,R8_COMPUTATIONAL_EFFICIENCY,,VE0-FIG-A6,"Development-set result on one GQA subset. The clean test is embargoed and unread, so no held-out generalisation is claimed. Latency efficiency only, measured on one node. No power or energy measurement exists anywhere in this project. E7b (otter155) and E9 (otter159) are separate frontiers and are never merged: the fusion bridge control failed its pre-registered 10 per cent tolerance at -18.69 per cent and no adjustment factor is applied. timing_kind=CACHED_IMAGE_QUESTION_SIDE; node=otter155.eps.surrey.ac.uk; precision=fp32 inference; batch_size=1; comparable_with_end_to_end=false."
EV-EFF-E7b.vocab1000_product,EFF,E7b,S14_EFFICIENCY_TRADEOFF,CORE,E7b::vocab1000_product,END_TO_END_SERIAL latency,results/experiments/e7b_serial_efficiency/e7b_results.json,c55d61600124ed76a6383f87d6f0a8744f4d51eec24b2f53ef8aa9edeb76bae4,"timing sample, not an accuracy split",NOT_APPLICABLE,vocab1000_product,NOT_APPLICABLE,,7.6708,,,NO_INTERVAL: warm median over repeated passes; the across-pass spread is recorded in the source artefact,NOT_APPLICABLE,,,,warm_median_serial_latency_ms,SECONDARY,DESCRIPTIVE_ONLY,VERIFIED,no training; measurement only,,VE0-FIG-09|VE0-FIG-A6,VE0-TAB-06,R8_COMPUTATIONAL_EFFICIENCY,SLIDE-11-COST-PER-QUERY,VE0-FIG-A6,"Development-set result on one GQA subset. The clean test is embargoed and unread, so no held-out generalisation is claimed. Latency efficiency only, measured on one node. No power or energy measurement exists anywhere in this project. E7b (otter155) and E9 (otter159) are separate frontiers and are never merged: the fusion bridge control failed its pre-registered 10 per cent tolerance at -18.69 per cent and no adjustment factor is applied. timing_kind=END_TO_END_SERIAL; node=otter155.eps.surrey.ac.uk; precision=fp32 inference; batch_size=1; comparable_with_end_to_end=true."
EV-EFF-E7b.vocab1000_product.cached_feature_head_only,EFF,E7b,S14_EFFICIENCY_TRADEOFF,CORE,E7b::vocab1000_product::cached_feature_head_only,CACHED_FEATURE_HEAD_ONLY latency,results/experiments/e7b_serial_efficiency/e7b_results.json,c55d61600124ed76a6383f87d6f0a8744f4d51eec24b2f53ef8aa9edeb76bae4,"timing sample, not an accuracy split",NOT_APPLICABLE,vocab1000_product::cached_feature_head_only,NOT_APPLICABLE,,,,,NO_INTERVAL: warm median over repeated passes; the across-pass spread is recorded in the source artefact,NOT_APPLICABLE,,,,latency_and_memory_components,SECONDARY,DESCRIPTIVE_ONLY,VERIFIED,no training; measurement only,,VE0-FIG-A6,VE0-TAB-06,R8_COMPUTATIONAL_EFFICIENCY,,VE0-FIG-A6,"Development-set result on one GQA subset. The clean test is embargoed and unread, so no held-out generalisation is claimed. Latency efficiency only, measured on one node. No power or energy measurement exists anywhere in this project. E7b (otter155) and E9 (otter159) are separate frontiers and are never merged: the fusion bridge control failed its pre-registered 10 per cent tolerance at -18.69 per cent and no adjustment factor is applied. timing_kind=CACHED_FEATURE_HEAD_ONLY; node=otter155.eps.surrey.ac.uk; precision=fp32 inference; batch_size=1; comparable_with_end_to_end=false."
EV-EFF-E7b.vocab1000_product.cached_image_question_side,EFF,E7b,S14_EFFICIENCY_TRADEOFF,CORE,E7b::vocab1000_product::cached_image_question_side,CACHED_IMAGE_QUESTION_SIDE latency,results/experiments/e7b_serial_efficiency/e7b_results.json,c55d61600124ed76a6383f87d6f0a8744f4d51eec24b2f53ef8aa9edeb76bae4,"timing sample, not an accuracy split",NOT_APPLICABLE,vocab1000_product::cached_image_question_side,NOT_APPLICABLE,,,,,NO_INTERVAL: warm median over repeated passes; the across-pass spread is recorded in the source artefact,NOT_APPLICABLE,,,,latency_and_memory_components,SECONDARY,DESCRIPTIVE_ONLY,VERIFIED,no training; measurement only,,VE0-FIG-A6,VE0-TAB-06,R8_COMPUTATIONAL_EFFICIENCY,,VE0-FIG-A6,"Development-set result on one GQA subset. The clean test is embargoed and unread, so no held-out generalisation is claimed. Latency efficiency only, measured on one node. No power or energy measurement exists anywhere in this project. E7b (otter155) and E9 (otter159) are separate frontiers and are never merged: the fusion bridge control failed its pre-registered 10 per cent tolerance at -18.69 per cent and no adjustment factor is applied. timing_kind=CACHED_IMAGE_QUESTION_SIDE; node=otter155.eps.surrey.ac.uk; precision=fp32 inference; batch_size=1; comparable_with_end_to_end=false."
EV-EFF-E9.e8b_B1,EFF,E9,S14_EFFICIENCY_TRADEOFF,SUPPORTING,E9::e8b_B1,END_TO_END_SERIAL latency,results/experiments/e9_compact_vlm/e9_results.json,5d42ae9344fa9d7bcd48589645d62b4d0c20db9a3d9d03288bbddd6832ae2caa,"timing sample, not an accuracy split",NOT_APPLICABLE,e8b_B1,NOT_APPLICABLE,,10.242,,,NO_INTERVAL: warm median over repeated passes; the across-pass spread is recorded in the source artefact,NOT_APPLICABLE,,,,warm_median_serial_latency_ms,SECONDARY,DESCRIPTIVE_ONLY,VERIFIED,no training; evaluation only,,VE0-FIG-09|VE0-FIG-A5,VE0-TAB-06,R8_COMPUTATIONAL_EFFICIENCY,SLIDE-11-COST-PER-QUERY|SLIDE-BACKUP-COMPACT-VLM,VE0-FIG-A5,"Development-set result on one GQA subset. The clean test is embargoed and unread, so no held-out generalisation is claimed. Contextual positioning only, never a leaderboard or fair-protocol superiority claim. Training history, multimodal pretraining, answer support and output format all differ, and SmolVLM-256M's text backbone is the Instruct checkpoint where E8A and E8B use base. No comparison is made against published official GQA scores in either direction. timing_kind=END_TO_END_SERIAL; node=otter159.eps.surrey.ac.uk; precision=fp32 inference; batch_size=1; comparable_with_end_to_end=true."
EV-EFF-E9.e8b_B2_R2,EFF,E9,S14_EFFICIENCY_TRADEOFF,SUPPORTING,E9::e8b_B2_R2,END_TO_END_SERIAL latency,results/experiments/e9_compact_vlm/e9_results.json,5d42ae9344fa9d7bcd48589645d62b4d0c20db9a3d9d03288bbddd6832ae2caa,"timing sample, not an accuracy split",NOT_APPLICABLE,e8b_B2_R2,NOT_APPLICABLE,,39.7326,,,NO_INTERVAL: warm median over repeated passes; the across-pass spread is recorded in the source artefact,NOT_APPLICABLE,,,,warm_median_serial_latency_ms,SECONDARY,DESCRIPTIVE_ONLY,VERIFIED,no training; evaluation only,,VE0-FIG-09|VE0-FIG-A5,VE0-TAB-06,R8_COMPUTATIONAL_EFFICIENCY,SLIDE-11-COST-PER-QUERY|SLIDE-BACKUP-COMPACT-VLM,VE0-FIG-A5,"Development-set result on one GQA subset. The clean test is embargoed and unread, so no held-out generalisation is claimed. Contextual positioning only, never a leaderboard or fair-protocol superiority claim. Training history, multimodal pretraining, answer support and output format all differ, and SmolVLM-256M's text backbone is the Instruct checkpoint where E8A and E8B use base. No comparison is made against published official GQA scores in either direction. timing_kind=END_TO_END_SERIAL; node=otter159.eps.surrey.ac.uk; precision=fp32 inference; batch_size=1; comparable_with_end_to_end=true."
EV-EFF-E9.e8b_B2_R3,EFF,E9,S14_EFFICIENCY_TRADEOFF,SUPPORTING,E9::e8b_B2_R3,END_TO_END_SERIAL latency,results/experiments/e9_compact_vlm/e9_results.json,5d42ae9344fa9d7bcd48589645d62b4d0c20db9a3d9d03288bbddd6832ae2caa,"timing sample, not an accuracy split",NOT_APPLICABLE,e8b_B2_R3,NOT_APPLICABLE,,39.2394,,,NO_INTERVAL: warm median over repeated passes; the across-pass spread is recorded in the source artefact,NOT_APPLICABLE,,,,warm_median_serial_latency_ms,SECONDARY,DESCRIPTIVE_ONLY,VERIFIED,no training; evaluation only,,VE0-FIG-09|VE0-FIG-A5,VE0-TAB-06,R8_COMPUTATIONAL_EFFICIENCY,SLIDE-11-COST-PER-QUERY|SLIDE-BACKUP-COMPACT-VLM,VE0-FIG-A5,"Development-set result on one GQA subset. The clean test is embargoed and unread, so no held-out generalisation is claimed. Contextual positioning only, never a leaderboard or fair-protocol superiority claim. Training history, multimodal pretraining, answer support and output format all differ, and SmolVLM-256M's text backbone is the Instruct checkpoint where E8A and E8B use base. No comparison is made against published official GQA scores in either direction. timing_kind=END_TO_END_SERIAL; node=otter159.eps.surrey.ac.uk; precision=fp32 inference; batch_size=1; comparable_with_end_to_end=true."
EV-EFF-E9.e8b_B3_R2,EFF,E9,S14_EFFICIENCY_TRADEOFF,SUPPORTING,E9::e8b_B3_R2,END_TO_END_SERIAL latency,results/experiments/e9_compact_vlm/e9_results.json,5d42ae9344fa9d7bcd48589645d62b4d0c20db9a3d9d03288bbddd6832ae2caa,"timing sample, not an accuracy split",NOT_APPLICABLE,e8b_B3_R2,NOT_APPLICABLE,,39.6561,,,NO_INTERVAL: warm median over repeated passes; the across-pass spread is recorded in the source artefact,NOT_APPLICABLE,,,,warm_median_serial_latency_ms,SECONDARY,DESCRIPTIVE_ONLY,VERIFIED,no training; evaluation only,,VE0-FIG-09|VE0-FIG-A5,VE0-TAB-06,R8_COMPUTATIONAL_EFFICIENCY,SLIDE-11-COST-PER-QUERY|SLIDE-BACKUP-COMPACT-VLM,VE0-FIG-A5,"Development-set result on one GQA subset. The clean test is embargoed and unread, so no held-out generalisation is claimed. Contextual positioning only, never a leaderboard or fair-protocol superiority claim. Training history, multimodal pretraining, answer support and output format all differ, and SmolVLM-256M's text backbone is the Instruct checkpoint where E8A and E8B use base. No comparison is made against published official GQA scores in either direction. timing_kind=END_TO_END_SERIAL; node=otter159.eps.surrey.ac.uk; precision=fp32 inference; batch_size=1; comparable_with_end_to_end=true."
EV-EFF-E9.e8b_B3_R3,EFF,E9,S14_EFFICIENCY_TRADEOFF,SUPPORTING,E9::e8b_B3_R3,END_TO_END_SERIAL latency,results/experiments/e9_compact_vlm/e9_results.json,5d42ae9344fa9d7bcd48589645d62b4d0c20db9a3d9d03288bbddd6832ae2caa,"timing sample, not an accuracy split",NOT_APPLICABLE,e8b_B3_R3,NOT_APPLICABLE,,38.7963,,,NO_INTERVAL: warm median over repeated passes; the across-pass spread is recorded in the source artefact,NOT_APPLICABLE,,,,warm_median_serial_latency_ms,SECONDARY,DESCRIPTIVE_ONLY,VERIFIED,no training; evaluation only,,VE0-FIG-09|VE0-FIG-A5,VE0-TAB-06,R8_COMPUTATIONAL_EFFICIENCY,SLIDE-11-COST-PER-QUERY|SLIDE-BACKUP-COMPACT-VLM,VE0-FIG-A5,"Development-set result on one GQA subset. The clean test is embargoed and unread, so no held-out generalisation is claimed. Contextual positioning only, never a leaderboard or fair-protocol superiority claim. Training history, multimodal pretraining, answer support and output format all differ, and SmolVLM-256M's text backbone is the Instruct checkpoint where E8A and E8B use base. No comparison is made against published official GQA scores in either direction. timing_kind=END_TO_END_SERIAL; node=otter159.eps.surrey.ac.uk; precision=fp32 inference; batch_size=1; comparable_with_end_to_end=true."
EV-EFF-E9.e9_256m_constrained,EFF,E9,S14_EFFICIENCY_TRADEOFF,SUPPORTING,E9::e9_256m_constrained,END_TO_END_SERIAL latency,results/experiments/e9_compact_vlm/e9_results.json,5d42ae9344fa9d7bcd48589645d62b4d0c20db9a3d9d03288bbddd6832ae2caa,"timing sample, not an accuracy split",NOT_APPLICABLE,e9_256m_constrained,NOT_APPLICABLE,,142.6747,,,NO_INTERVAL: warm median over repeated passes; the across-pass spread is recorded in the source artefact,NOT_APPLICABLE,,,,warm_median_serial_latency_ms,SECONDARY,DESCRIPTIVE_ONLY,VERIFIED,no training; evaluation only,,VE0-FIG-09|VE0-FIG-A5,VE0-TAB-06,R8_COMPUTATIONAL_EFFICIENCY,SLIDE-11-COST-PER-QUERY|SLIDE-BACKUP-COMPACT-VLM,VE0-FIG-A5,"Development-set result on one GQA subset. The clean test is embargoed and unread, so no held-out generalisation is claimed. Contextual positioning only, never a leaderboard or fair-protocol superiority claim. Training history, multimodal pretraining, answer support and output format all differ, and SmolVLM-256M's text backbone is the Instruct checkpoint where E8A and E8B use base. No comparison is made against published official GQA scores in either direction. timing_kind=END_TO_END_SERIAL; node=otter159.eps.surrey.ac.uk; precision=fp32 inference; batch_size=1; comparable_with_end_to_end=true."
EV-EFF-E9.e9_256m_open,EFF,E9,S14_EFFICIENCY_TRADEOFF,SUPPORTING,E9::e9_256m_open,END_TO_END_SERIAL latency,results/experiments/e9_compact_vlm/e9_results.json,5d42ae9344fa9d7bcd48589645d62b4d0c20db9a3d9d03288bbddd6832ae2caa,"timing sample, not an accuracy split",NOT_APPLICABLE,e9_256m_open,NOT_APPLICABLE,,140.907,,,NO_INTERVAL: warm median over repeated passes; the across-pass spread is recorded in the source artefact,NOT_APPLICABLE,,,,warm_median_serial_latency_ms,SECONDARY,DESCRIPTIVE_ONLY,VERIFIED,no training; evaluation only,,VE0-FIG-09|VE0-FIG-A5,VE0-TAB-06,R8_COMPUTATIONAL_EFFICIENCY,SLIDE-11-COST-PER-QUERY|SLIDE-BACKUP-COMPACT-VLM,VE0-FIG-A5,"Development-set result on one GQA subset. The clean test is embargoed and unread, so no held-out generalisation is claimed. Contextual positioning only, never a leaderboard or fair-protocol superiority claim. Training history, multimodal pretraining, answer support and output format all differ, and SmolVLM-256M's text backbone is the Instruct checkpoint where E8A and E8B use base. No comparison is made against published official GQA scores in either direction. timing_kind=END_TO_END_SERIAL; node=otter159.eps.surrey.ac.uk; precision=fp32 inference; batch_size=1; comparable_with_end_to_end=true."
EV-EFF-E9.e9_500m_constrained,EFF,E9,S14_EFFICIENCY_TRADEOFF,SUPPORTING,E9::e9_500m_constrained,END_TO_END_SERIAL latency,results/experiments/e9_compact_vlm/e9_results.json,5d42ae9344fa9d7bcd48589645d62b4d0c20db9a3d9d03288bbddd6832ae2caa,"timing sample, not an accuracy split",NOT_APPLICABLE,e9_500m_constrained,NOT_APPLICABLE,,152.854,,,NO_INTERVAL: warm median over repeated passes; the across-pass spread is recorded in the source artefact,NOT_APPLICABLE,,,,warm_median_serial_latency_ms,SECONDARY,DESCRIPTIVE_ONLY,VERIFIED,no training; evaluation only,,VE0-FIG-09|VE0-FIG-A5,VE0-TAB-06,R8_COMPUTATIONAL_EFFICIENCY,SLIDE-11-COST-PER-QUERY|SLIDE-BACKUP-COMPACT-VLM,VE0-FIG-A5,"Development-set result on one GQA subset. The clean test is embargoed and unread, so no held-out generalisation is claimed. Contextual positioning only, never a leaderboard or fair-protocol superiority claim. Training history, multimodal pretraining, answer support and output format all differ, and SmolVLM-256M's text backbone is the Instruct checkpoint where E8A and E8B use base. No comparison is made against published official GQA scores in either direction. timing_kind=END_TO_END_SERIAL; node=otter159.eps.surrey.ac.uk; precision=fp32 inference; batch_size=1; comparable_with_end_to_end=true."
EV-EFF-E9.e9_500m_open,EFF,E9,S14_EFFICIENCY_TRADEOFF,SUPPORTING,E9::e9_500m_open,END_TO_END_SERIAL latency,results/experiments/e9_compact_vlm/e9_results.json,5d42ae9344fa9d7bcd48589645d62b4d0c20db9a3d9d03288bbddd6832ae2caa,"timing sample, not an accuracy split",NOT_APPLICABLE,e9_500m_open,NOT_APPLICABLE,,151.3801,,,NO_INTERVAL: warm median over repeated passes; the across-pass spread is recorded in the source artefact,NOT_APPLICABLE,,,,warm_median_serial_latency_ms,SECONDARY,DESCRIPTIVE_ONLY,VERIFIED,no training; evaluation only,,VE0-FIG-09|VE0-FIG-A5,VE0-TAB-06,R8_COMPUTATIONAL_EFFICIENCY,SLIDE-11-COST-PER-QUERY|SLIDE-BACKUP-COMPACT-VLM,VE0-FIG-A5,"Development-set result on one GQA subset. The clean test is embargoed and unread, so no held-out generalisation is claimed. Contextual positioning only, never a leaderboard or fair-protocol superiority claim. Training history, multimodal pretraining, answer support and output format all differ, and SmolVLM-256M's text backbone is the Instruct checkpoint where E8A and E8B use base. No comparison is made against published official GQA scores in either direction. timing_kind=END_TO_END_SERIAL; node=otter159.eps.surrey.ac.uk; precision=fp32 inference; batch_size=1; comparable_with_end_to_end=true."
EV-EFF-E9.fusion,EFF,E9,S14_EFFICIENCY_TRADEOFF,SUPPORTING,E9::fusion,END_TO_END_SERIAL latency,results/experiments/e9_compact_vlm/e9_results.json,5d42ae9344fa9d7bcd48589645d62b4d0c20db9a3d9d03288bbddd6832ae2caa,"timing sample, not an accuracy split",NOT_APPLICABLE,fusion,NOT_APPLICABLE,,6.2081,,,NO_INTERVAL: warm median over repeated passes; the across-pass spread is recorded in the source artefact,NOT_APPLICABLE,,,,warm_median_serial_latency_ms,SECONDARY,DESCRIPTIVE_ONLY,VERIFIED,no training; evaluation only,,VE0-FIG-09|VE0-FIG-A5,VE0-TAB-06,R8_COMPUTATIONAL_EFFICIENCY,SLIDE-11-COST-PER-QUERY|SLIDE-BACKUP-COMPACT-VLM,VE0-FIG-A5,"Development-set result on one GQA subset. The clean test is embargoed and unread, so no held-out generalisation is claimed. Contextual positioning only, never a leaderboard or fair-protocol superiority claim. Training history, multimodal pretraining, answer support and output format all differ, and SmolVLM-256M's text backbone is the Instruct checkpoint where E8A and E8B use base. No comparison is made against published official GQA scores in either direction. timing_kind=END_TO_END_SERIAL; node=otter159.eps.surrey.ac.uk; precision=fp32 inference; batch_size=1; comparable_with_end_to_end=true."
EV-EFF-E9.vocab1000_product,EFF,E9,S14_EFFICIENCY_TRADEOFF,SUPPORTING,E9::vocab1000_product,END_TO_END_SERIAL latency,results/experiments/e9_compact_vlm/e9_results.json,5d42ae9344fa9d7bcd48589645d62b4d0c20db9a3d9d03288bbddd6832ae2caa,"timing sample, not an accuracy split",NOT_APPLICABLE,vocab1000_product,NOT_APPLICABLE,,6.199,,,NO_INTERVAL: warm median over repeated passes; the across-pass spread is recorded in the source artefact,NOT_APPLICABLE,,,,warm_median_serial_latency_ms,SECONDARY,DESCRIPTIVE_ONLY,VERIFIED,no training; evaluation only,,VE0-FIG-09|VE0-FIG-A5,VE0-TAB-06,R8_COMPUTATIONAL_EFFICIENCY,SLIDE-11-COST-PER-QUERY|SLIDE-BACKUP-COMPACT-VLM,VE0-FIG-A5,"Development-set result on one GQA subset. The clean test is embargoed and unread, so no held-out generalisation is claimed. Contextual positioning only, never a leaderboard or fair-protocol superiority claim. Training history, multimodal pretraining, answer support and output format all differ, and SmolVLM-256M's text backbone is the Instruct checkpoint where E8A and E8B use base. No comparison is made against published official GQA scores in either direction. timing_kind=END_TO_END_SERIAL; node=otter159.eps.surrey.ac.uk; precision=fp32 inference; batch_size=1; comparable_with_end_to_end=true."
EV-SEED-E10.B4.train_250k,SEED,E10,S12_ANSWER_SIDE_SLM_360M,CORE,E10/B4/train_250k,across-training-seed mean and sample standard deviation (ddof=1). NOT a confidence interval and NOT evaluation-sampling uncertainty,results/experiments/e10_capacity_360m_core/e10_core_analysis.json,37ffdcd09aa2bcd306ca9b54229a1d0d17ff203b6b0900e09e5f876ad1ed0748,v2_dev,train_250k,B4,0|1|2,3,0.59407,0.0083,,NO_INTERVAL: this row carries training-seed dispersion only,NOT_APPLICABLE,7714,768,100,g21_pinned_normalised_exact_match,SECONDARY,DESCRIPTIVE_ONLY,READY,"fixed epoch 22, no early stopping; epoch 22 is the sole primary",,VE0-FIG-A2,VE0-TAB-04|VE0-TAB-A2,R6_QUESTION_SIDE_SLM|R7_ANSWER_SIDE_AND_CAPACITY|R_APPENDIX_STATISTICS,SLIDE-BACKUP-SEED-STABILITY,VE0-FIG-A2,"Development-set result on one GQA subset. The clean test is embargoed and unread, so no held-out generalisation is claimed. Both pretraining-effect intervals contain zero and the seeds disagree in sign; they establish neither equivalence nor the absence of an effect. The 135M-to-360M step is whole-system capacity sensitivity, not an isolated causal language-model-size effect: trainable capacity moves too, 21,343,808 to 21,540,800 parameters, because the projection width follows the hidden size."
EV-SEED-E10.B4.train_40k,SEED,E10,S12_ANSWER_SIDE_SLM_360M,CORE,E10/B4/train_40k,across-training-seed mean and sample standard deviation (ddof=1). NOT a confidence interval and NOT evaluation-sampling uncertainty,results/experiments/e10_capacity_360m_core/e10_core_analysis.json,37ffdcd09aa2bcd306ca9b54229a1d0d17ff203b6b0900e09e5f876ad1ed0748,v2_dev,train_40k,B4,0|1|2,3,0.52636,0.00465,,NO_INTERVAL: this row carries training-seed dispersion only,NOT_APPLICABLE,7714,768,100,g21_pinned_normalised_exact_match,SECONDARY,DESCRIPTIVE_ONLY,READY,"fixed epoch 22, no early stopping; epoch 22 is the sole primary",,VE0-FIG-A2,VE0-TAB-04|VE0-TAB-A2,R6_QUESTION_SIDE_SLM|R7_ANSWER_SIDE_AND_CAPACITY|R_APPENDIX_STATISTICS,SLIDE-BACKUP-SEED-STABILITY,VE0-FIG-A2,"Development-set result on one GQA subset. The clean test is embargoed and unread, so no held-out generalisation is claimed. Both pretraining-effect intervals contain zero and the seeds disagree in sign; they establish neither equivalence nor the absence of an effect. The 135M-to-360M step is whole-system capacity sensitivity, not an isolated causal language-model-size effect: trainable capacity moves too, 21,343,808 to 21,540,800 parameters, because the projection width follows the hidden size."
EV-SEED-E10.B4r.train_250k,SEED,E10,S12_ANSWER_SIDE_SLM_360M,CORE,E10/B4r/train_250k,across-training-seed mean and sample standard deviation (ddof=1). NOT a confidence interval and NOT evaluation-sampling uncertainty,results/experiments/e10_capacity_360m_core/e10_core_analysis.json,37ffdcd09aa2bcd306ca9b54229a1d0d17ff203b6b0900e09e5f876ad1ed0748,v2_dev,train_250k,B4r,0|1|2,3,0.59645,0.00343,,NO_INTERVAL: this row carries training-seed dispersion only,NOT_APPLICABLE,7714,768,100,g21_pinned_normalised_exact_match,SECONDARY,DESCRIPTIVE_ONLY,READY,"fixed epoch 22, no early stopping; epoch 22 is the sole primary",,VE0-FIG-A2,VE0-TAB-04|VE0-TAB-A2,R6_QUESTION_SIDE_SLM|R7_ANSWER_SIDE_AND_CAPACITY|R_APPENDIX_STATISTICS,SLIDE-BACKUP-SEED-STABILITY,VE0-FIG-A2,"Development-set result on one GQA subset. The clean test is embargoed and unread, so no held-out generalisation is claimed. Both pretraining-effect intervals contain zero and the seeds disagree in sign; they establish neither equivalence nor the absence of an effect. The 135M-to-360M step is whole-system capacity sensitivity, not an isolated causal language-model-size effect: trainable capacity moves too, 21,343,808 to 21,540,800 parameters, because the projection width follows the hidden size."
EV-SEED-E10.B4r.train_40k,SEED,E10,S12_ANSWER_SIDE_SLM_360M,CORE,E10/B4r/train_40k,across-training-seed mean and sample standard deviation (ddof=1). NOT a confidence interval and NOT evaluation-sampling uncertainty,results/experiments/e10_capacity_360m_core/e10_core_analysis.json,37ffdcd09aa2bcd306ca9b54229a1d0d17ff203b6b0900e09e5f876ad1ed0748,v2_dev,train_40k,B4r,0|1|2,3,0.53319,0.00474,,NO_INTERVAL: this row carries training-seed dispersion only,NOT_APPLICABLE,7714,768,100,g21_pinned_normalised_exact_match,SECONDARY,DESCRIPTIVE_ONLY,READY,"fixed epoch 22, no early stopping; epoch 22 is the sole primary",,VE0-FIG-A2,VE0-TAB-04|VE0-TAB-A2,R6_QUESTION_SIDE_SLM|R7_ANSWER_SIDE_AND_CAPACITY|R_APPENDIX_STATISTICS,SLIDE-BACKUP-SEED-STABILITY,VE0-FIG-A2,"Development-set result on one GQA subset. The clean test is embargoed and unread, so no held-out generalisation is claimed. Both pretraining-effect intervals contain zero and the seeds disagree in sign; they establish neither equivalence nor the absence of an effect. The 135M-to-360M step is whole-system capacity sensitivity, not an isolated causal language-model-size effect: trainable capacity moves too, 21,343,808 to 21,540,800 parameters, because the projection width follows the hidden size."
EV-SEED-E2.concat.train_250k,SEED,E2,S09_REPRESENTATION_QUALITY,CORE,E2/concat/train_250k,across-training-seed mean and sample standard deviation (ddof=1). NOT a confidence interval and NOT evaluation-sampling uncertainty,results/experiments/e2_siglip/results.json,4c51f60890bdac967915aa96dbad08b676262f2dfa13b5d10bfebd46c5af0a96,v2_dev,train_250k,concat,0|1|2|3|42,5,0.59176,0.00261,,NO_INTERVAL: this row carries training-seed dispersion only,NOT_APPLICABLE,7714,768,100,v2_closed_vocab_top1_index_match,SECONDARY,DESCRIPTIVE_ONLY,READY,best development epoch,,VE0-FIG-A2,VE0-TAB-A2|VE0-TAB-A3,R_APPENDIX_REPRESENTATION|R_APPENDIX_STATISTICS,SLIDE-BACKUP-SEED-STABILITY,VE0-FIG-A2,"Development-set result on one GQA subset. The clean test is embargoed and unread, so no held-out generalisation is claimed. Representation quality is not isolated: encoder, embedding width (512 against 768) and head input width all move together. At train_250k the direction rests on stored per-seed means with no clustered interval."
EV-SEED-E2.concat.train_40k,SEED,E2,S09_REPRESENTATION_QUALITY,CORE,E2/concat/train_40k,across-training-seed mean and sample standard deviation (ddof=1). NOT a confidence interval and NOT evaluation-sampling uncertainty,results/experiments/e2_siglip/results.json,4c51f60890bdac967915aa96dbad08b676262f2dfa13b5d10bfebd46c5af0a96,v2_dev,train_40k,concat,0|1|2|3|42,5,0.53938,0.00376,,NO_INTERVAL: this row carries training-seed dispersion only,NOT_APPLICABLE,7714,768,100,v2_closed_vocab_top1_index_match,SECONDARY,DESCRIPTIVE_ONLY,READY,best development epoch,,VE0-FIG-A2,VE0-TAB-A2|VE0-TAB-A3,R_APPENDIX_REPRESENTATION|R_APPENDIX_STATISTICS,SLIDE-BACKUP-SEED-STABILITY,VE0-FIG-A2,"Development-set result on one GQA subset. The clean test is embargoed and unread, so no held-out generalisation is claimed. Representation quality is not isolated: encoder, embedding width (512 against 768) and head input width all move together. At train_250k the direction rests on stored per-seed means with no clustered interval."
EV-SEED-E2.fusion.train_250k,SEED,E2,S09_REPRESENTATION_QUALITY,CORE,E2/fusion/train_250k,across-training-seed mean and sample standard deviation (ddof=1). NOT a confidence interval and NOT evaluation-sampling uncertainty,results/experiments/e2_siglip/results.json,4c51f60890bdac967915aa96dbad08b676262f2dfa13b5d10bfebd46c5af0a96,v2_dev,train_250k,fusion,0|1|2|3|42,5,0.59388,0.00317,,NO_INTERVAL: this row carries training-seed dispersion only,NOT_APPLICABLE,7714,768,100,v2_closed_vocab_top1_index_match,SECONDARY,DESCRIPTIVE_ONLY,READY,best development epoch,,VE0-FIG-A2,VE0-TAB-A2|VE0-TAB-A3,R_APPENDIX_REPRESENTATION|R_APPENDIX_STATISTICS,SLIDE-BACKUP-SEED-STABILITY,VE0-FIG-A2,"Development-set result on one GQA subset. The clean test is embargoed and unread, so no held-out generalisation is claimed. Representation quality is not isolated: encoder, embedding width (512 against 768) and head input width all move together. At train_250k the direction rests on stored per-seed means with no clustered interval."
EV-SEED-E2.fusion.train_40k,SEED,E2,S09_REPRESENTATION_QUALITY,CORE,E2/fusion/train_40k,across-training-seed mean and sample standard deviation (ddof=1). NOT a confidence interval and NOT evaluation-sampling uncertainty,results/experiments/e2_siglip/results.json,4c51f60890bdac967915aa96dbad08b676262f2dfa13b5d10bfebd46c5af0a96,v2_dev,train_40k,fusion,0|1|2|3|42,5,0.55315,0.00249,,NO_INTERVAL: this row carries training-seed dispersion only,NOT_APPLICABLE,7714,768,100,v2_closed_vocab_top1_index_match,SECONDARY,DESCRIPTIVE_ONLY,READY,best development epoch,,VE0-FIG-A2,VE0-TAB-A2|VE0-TAB-A3,R_APPENDIX_REPRESENTATION|R_APPENDIX_STATISTICS,SLIDE-BACKUP-SEED-STABILITY,VE0-FIG-A2,"Development-set result on one GQA subset. The clean test is embargoed and unread, so no held-out generalisation is claimed. Representation quality is not isolated: encoder, embedding width (512 against 768) and head input width all move together. At train_250k the direction rests on stored per-seed means with no clustered interval."
EV-SEED-E2.product.train_250k,SEED,E2,S09_REPRESENTATION_QUALITY,CORE,E2/product/train_250k,across-training-seed mean and sample standard deviation (ddof=1). NOT a confidence interval and NOT evaluation-sampling uncertainty,results/experiments/e2_siglip/results.json,4c51f60890bdac967915aa96dbad08b676262f2dfa13b5d10bfebd46c5af0a96,v2_dev,train_250k,product,0|1|2|3|42,5,0.59803,0.00355,,NO_INTERVAL: this row carries training-seed dispersion only,NOT_APPLICABLE,7714,768,100,v2_closed_vocab_top1_index_match,SECONDARY,DESCRIPTIVE_ONLY,READY,best development epoch,,VE0-FIG-A2,VE0-TAB-A2|VE0-TAB-A3,R_APPENDIX_REPRESENTATION|R_APPENDIX_STATISTICS,SLIDE-BACKUP-SEED-STABILITY,VE0-FIG-A2,"Development-set result on one GQA subset. The clean test is embargoed and unread, so no held-out generalisation is claimed. Representation quality is not isolated: encoder, embedding width (512 against 768) and head input width all move together. At train_250k the direction rests on stored per-seed means with no clustered interval."
EV-SEED-E2.product.train_40k,SEED,E2,S09_REPRESENTATION_QUALITY,CORE,E2/product/train_40k,across-training-seed mean and sample standard deviation (ddof=1). NOT a confidence interval and NOT evaluation-sampling uncertainty,results/experiments/e2_siglip/results.json,4c51f60890bdac967915aa96dbad08b676262f2dfa13b5d10bfebd46c5af0a96,v2_dev,train_40k,product,0|1|2|3|42,5,0.55027,0.00245,,NO_INTERVAL: this row carries training-seed dispersion only,NOT_APPLICABLE,7714,768,100,v2_closed_vocab_top1_index_match,SECONDARY,DESCRIPTIVE_ONLY,READY,best development epoch,,VE0-FIG-A2,VE0-TAB-A2|VE0-TAB-A3,R_APPENDIX_REPRESENTATION|R_APPENDIX_STATISTICS,SLIDE-BACKUP-SEED-STABILITY,VE0-FIG-A2,"Development-set result on one GQA subset. The clean test is embargoed and unread, so no held-out generalisation is claimed. Representation quality is not isolated: encoder, embedding width (512 against 768) and head input width all move together. At train_250k the direction rests on stored per-seed means with no clustered interval."
EV-SEED-E2.question_only.train_250k,SEED,E2,S09_REPRESENTATION_QUALITY,CORE,E2/question_only/train_250k,across-training-seed mean and sample standard deviation (ddof=1). NOT a confidence interval and NOT evaluation-sampling uncertainty,results/experiments/e2_siglip/results.json,4c51f60890bdac967915aa96dbad08b676262f2dfa13b5d10bfebd46c5af0a96,v2_dev,train_250k,question_only,0|1|2|3|42,5,0.50236,0.00449,,NO_INTERVAL: this row carries training-seed dispersion only,NOT_APPLICABLE,7714,768,100,v2_closed_vocab_top1_index_match,SECONDARY,DESCRIPTIVE_ONLY,READY,best development epoch,,VE0-FIG-A2,VE0-TAB-A2|VE0-TAB-A3,R_APPENDIX_REPRESENTATION|R_APPENDIX_STATISTICS,SLIDE-BACKUP-SEED-STABILITY,VE0-FIG-A2,"Development-set result on one GQA subset. The clean test is embargoed and unread, so no held-out generalisation is claimed. Representation quality is not isolated: encoder, embedding width (512 against 768) and head input width all move together. At train_250k the direction rests on stored per-seed means with no clustered interval."
EV-SEED-E2.question_only.train_40k,SEED,E2,S09_REPRESENTATION_QUALITY,CORE,E2/question_only/train_40k,across-training-seed mean and sample standard deviation (ddof=1). NOT a confidence interval and NOT evaluation-sampling uncertainty,results/experiments/e2_siglip/results.json,4c51f60890bdac967915aa96dbad08b676262f2dfa13b5d10bfebd46c5af0a96,v2_dev,train_40k,question_only,0|1|2|3|42,5,0.46611,0.00215,,NO_INTERVAL: this row carries training-seed dispersion only,NOT_APPLICABLE,7714,768,100,v2_closed_vocab_top1_index_match,SECONDARY,DESCRIPTIVE_ONLY,READY,best development epoch,,VE0-FIG-A2,VE0-TAB-A2|VE0-TAB-A3,R_APPENDIX_REPRESENTATION|R_APPENDIX_STATISTICS,SLIDE-BACKUP-SEED-STABILITY,VE0-FIG-A2,"Development-set result on one GQA subset. The clean test is embargoed and unread, so no held-out generalisation is claimed. Representation quality is not isolated: encoder, embedding width (512 against 768) and head input width all move together. At train_250k the direction rests on stored per-seed means with no clustered interval."
EV-SEED-E3.concat.train_250k,SEED,E3,S00_OFF_SEQUENCE,APPENDIX,E3/concat/train_250k,across-training-seed mean and sample standard deviation (ddof=1). NOT a confidence interval and NOT evaluation-sampling uncertainty,results/experiments/e3_vocab1000/results.json,bbdf65f724ee89cc6078628cd85684ad64a06585b6d34bdf0638b364c2a52be6,v2_1000_dev,train_250k,concat,0|1|2|3|42,5,0.49111,0.00176,,NO_INTERVAL: this row carries training-seed dispersion only,NOT_APPLICABLE,9823,776,1000,v2_closed_vocab_top1_index_match,SECONDARY,DESCRIPTIVE_ONLY,READY,best development epoch,,VE0-FIG-A2,VE0-TAB-A2,R_APPENDIX_STATISTICS,SLIDE-BACKUP-SEED-STABILITY,VE0-FIG-A2,"Development-set result on one GQA subset. The clean test is embargoed and unread, so no held-out generalisation is claimed. Top-100 and top-1000 results are never paired: different development rows (7,714 against 9,823), a different class count and different training rows."
EV-SEED-E3.concat.train_40k,SEED,E3,S00_OFF_SEQUENCE,APPENDIX,E3/concat/train_40k,across-training-seed mean and sample standard deviation (ddof=1). NOT a confidence interval and NOT evaluation-sampling uncertainty,results/experiments/e3_vocab1000/results.json,bbdf65f724ee89cc6078628cd85684ad64a06585b6d34bdf0638b364c2a52be6,v2_1000_dev,train_40k,concat,0|1|2|3|42,5,0.43262,0.00236,,NO_INTERVAL: this row carries training-seed dispersion only,NOT_APPLICABLE,9823,776,1000,v2_closed_vocab_top1_index_match,SECONDARY,DESCRIPTIVE_ONLY,READY,best development epoch,,VE0-FIG-A2,VE0-TAB-A2,R_APPENDIX_STATISTICS,SLIDE-BACKUP-SEED-STABILITY,VE0-FIG-A2,"Development-set result on one GQA subset. The clean test is embargoed and unread, so no held-out generalisation is claimed. Top-100 and top-1000 results are never paired: different development rows (7,714 against 9,823), a different class count and different training rows."
EV-SEED-E3.fusion.train_250k,SEED,E3,S00_OFF_SEQUENCE,APPENDIX,E3/fusion/train_250k,across-training-seed mean and sample standard deviation (ddof=1). NOT a confidence interval and NOT evaluation-sampling uncertainty,results/experiments/e3_vocab1000/results.json,bbdf65f724ee89cc6078628cd85684ad64a06585b6d34bdf0638b364c2a52be6,v2_1000_dev,train_250k,fusion,0|1|2|3|42,5,0.49547,0.00232,,NO_INTERVAL: this row carries training-seed dispersion only,NOT_APPLICABLE,9823,776,1000,v2_closed_vocab_top1_index_match,SECONDARY,DESCRIPTIVE_ONLY,READY,best development epoch,,VE0-FIG-A2,VE0-TAB-A2,R_APPENDIX_STATISTICS,SLIDE-BACKUP-SEED-STABILITY,VE0-FIG-A2,"Development-set result on one GQA subset. The clean test is embargoed and unread, so no held-out generalisation is claimed. Top-100 and top-1000 results are never paired: different development rows (7,714 against 9,823), a different class count and different training rows."
EV-SEED-E3.fusion.train_40k,SEED,E3,S00_OFF_SEQUENCE,APPENDIX,E3/fusion/train_40k,across-training-seed mean and sample standard deviation (ddof=1). NOT a confidence interval and NOT evaluation-sampling uncertainty,results/experiments/e3_vocab1000/results.json,bbdf65f724ee89cc6078628cd85684ad64a06585b6d34bdf0638b364c2a52be6,v2_1000_dev,train_40k,fusion,0|1|2|3|42,5,0.44691,0.00254,,NO_INTERVAL: this row carries training-seed dispersion only,NOT_APPLICABLE,9823,776,1000,v2_closed_vocab_top1_index_match,SECONDARY,DESCRIPTIVE_ONLY,READY,best development epoch,,VE0-FIG-A2,VE0-TAB-A2,R_APPENDIX_STATISTICS,SLIDE-BACKUP-SEED-STABILITY,VE0-FIG-A2,"Development-set result on one GQA subset. The clean test is embargoed and unread, so no held-out generalisation is claimed. Top-100 and top-1000 results are never paired: different development rows (7,714 against 9,823), a different class count and different training rows."
EV-SEED-E3.product.train_250k,SEED,E3,S00_OFF_SEQUENCE,APPENDIX,E3/product/train_250k,across-training-seed mean and sample standard deviation (ddof=1). NOT a confidence interval and NOT evaluation-sampling uncertainty,results/experiments/e3_vocab1000/results.json,bbdf65f724ee89cc6078628cd85684ad64a06585b6d34bdf0638b364c2a52be6,v2_1000_dev,train_250k,product,0|1|2|3|42,5,0.49946,0.00248,,NO_INTERVAL: this row carries training-seed dispersion only,NOT_APPLICABLE,9823,776,1000,v2_closed_vocab_top1_index_match,SECONDARY,DESCRIPTIVE_ONLY,READY,best development epoch,,VE0-FIG-A2,VE0-TAB-A2,R_APPENDIX_STATISTICS,SLIDE-BACKUP-SEED-STABILITY,VE0-FIG-A2,"Development-set result on one GQA subset. The clean test is embargoed and unread, so no held-out generalisation is claimed. Top-100 and top-1000 results are never paired: different development rows (7,714 against 9,823), a different class count and different training rows."
EV-SEED-E3.product.train_40k,SEED,E3,S00_OFF_SEQUENCE,APPENDIX,E3/product/train_40k,across-training-seed mean and sample standard deviation (ddof=1). NOT a confidence interval and NOT evaluation-sampling uncertainty,results/experiments/e3_vocab1000/results.json,bbdf65f724ee89cc6078628cd85684ad64a06585b6d34bdf0638b364c2a52be6,v2_1000_dev,train_40k,product,0|1|2|3|42,5,0.44382,0.00218,,NO_INTERVAL: this row carries training-seed dispersion only,NOT_APPLICABLE,9823,776,1000,v2_closed_vocab_top1_index_match,SECONDARY,DESCRIPTIVE_ONLY,READY,best development epoch,,VE0-FIG-A2,VE0-TAB-A2,R_APPENDIX_STATISTICS,SLIDE-BACKUP-SEED-STABILITY,VE0-FIG-A2,"Development-set result on one GQA subset. The clean test is embargoed and unread, so no held-out generalisation is claimed. Top-100 and top-1000 results are never paired: different development rows (7,714 against 9,823), a different class count and different training rows."
EV-SEED-E3.question_only.train_250k,SEED,E3,S00_OFF_SEQUENCE,APPENDIX,E3/question_only/train_250k,across-training-seed mean and sample standard deviation (ddof=1). NOT a confidence interval and NOT evaluation-sampling uncertainty,results/experiments/e3_vocab1000/results.json,bbdf65f724ee89cc6078628cd85684ad64a06585b6d34bdf0638b364c2a52be6,v2_1000_dev,train_250k,question_only,0|1|2|3|42,5,0.40625,0.00359,,NO_INTERVAL: this row carries training-seed dispersion only,NOT_APPLICABLE,9823,776,1000,v2_closed_vocab_top1_index_match,SECONDARY,DESCRIPTIVE_ONLY,READY,best development epoch,,VE0-FIG-A2,VE0-TAB-A2,R_APPENDIX_STATISTICS,SLIDE-BACKUP-SEED-STABILITY,VE0-FIG-A2,"Development-set result on one GQA subset. The clean test is embargoed and unread, so no held-out generalisation is claimed. Top-100 and top-1000 results are never paired: different development rows (7,714 against 9,823), a different class count and different training rows."
EV-SEED-E3.question_only.train_40k,SEED,E3,S00_OFF_SEQUENCE,APPENDIX,E3/question_only/train_40k,across-training-seed mean and sample standard deviation (ddof=1). NOT a confidence interval and NOT evaluation-sampling uncertainty,results/experiments/e3_vocab1000/results.json,bbdf65f724ee89cc6078628cd85684ad64a06585b6d34bdf0638b364c2a52be6,v2_1000_dev,train_40k,question_only,0|1|2|3|42,5,0.36738,0.00084,,NO_INTERVAL: this row carries training-seed dispersion only,NOT_APPLICABLE,9823,776,1000,v2_closed_vocab_top1_index_match,SECONDARY,DESCRIPTIVE_ONLY,READY,best development epoch,,VE0-FIG-A2,VE0-TAB-A2,R_APPENDIX_STATISTICS,SLIDE-BACKUP-SEED-STABILITY,VE0-FIG-A2,"Development-set result on one GQA subset. The clean test is embargoed and unread, so no held-out generalisation is claimed. Top-100 and top-1000 results are never paired: different development rows (7,714 against 9,823), a different class count and different training rows."
EV-SEED-E8A.A0p.train_250k,SEED,E8A,S10_QUESTION_SIDE_SLM,CORE,E8A/A0p/train_250k,across-training-seed mean and sample standard deviation (ddof=1). NOT a confidence interval and NOT evaluation-sampling uncertainty,results/experiments/e8a_question_encoder/core_analysis_g21.json,9774bd5bf4ead561635327645397314a9cc4dd7262dccc20f9c184f73ef31562,v2_dev,train_250k,A0p,0|1|2,3,0.59446,0.0003,,NO_INTERVAL: this row carries training-seed dispersion only,NOT_APPLICABLE,7714,768,100,g21_pinned_normalised_exact_match,SECONDARY,DESCRIPTIVE_ONLY,READY,"best development epoch, patience 10, at most 100 epochs",,VE0-FIG-A2,VE0-TAB-04|VE0-TAB-A2,R6_QUESTION_SIDE_SLM|R7_ANSWER_SIDE_AND_CAPACITY|R_APPENDIX_STATISTICS,SLIDE-BACKUP-SEED-STABILITY,VE0-FIG-A2,"Development-set result on one GQA subset. The clean test is embargoed and unread, so no held-out generalisation is claimed. E8A's projected interface is a learned common width, not a naturally shared pretrained embedding space. A1 minus A1r is the only clean within-size question-side pretraining contrast; A1 minus A0p also changes the representation space and the interface."
EV-SEED-E8A.A0p.train_40k,SEED,E8A,S10_QUESTION_SIDE_SLM,CORE,E8A/A0p/train_40k,across-training-seed mean and sample standard deviation (ddof=1). NOT a confidence interval and NOT evaluation-sampling uncertainty,results/experiments/e8a_question_encoder/core_analysis_g21.json,9774bd5bf4ead561635327645397314a9cc4dd7262dccc20f9c184f73ef31562,v2_dev,train_40k,A0p,0|1|2,3,0.54044,0.00438,,NO_INTERVAL: this row carries training-seed dispersion only,NOT_APPLICABLE,7714,768,100,g21_pinned_normalised_exact_match,SECONDARY,DESCRIPTIVE_ONLY,READY,"best development epoch, patience 10, at most 100 epochs",,VE0-FIG-A2,VE0-TAB-04|VE0-TAB-A2,R6_QUESTION_SIDE_SLM|R7_ANSWER_SIDE_AND_CAPACITY|R_APPENDIX_STATISTICS,SLIDE-BACKUP-SEED-STABILITY,VE0-FIG-A2,"Development-set result on one GQA subset. The clean test is embargoed and unread, so no held-out generalisation is claimed. E8A's projected interface is a learned common width, not a naturally shared pretrained embedding space. A1 minus A1r is the only clean within-size question-side pretraining contrast; A1 minus A0p also changes the representation space and the interface."
EV-SEED-E8A.A1.train_250k,SEED,E8A,S10_QUESTION_SIDE_SLM,CORE,E8A/A1/train_250k,across-training-seed mean and sample standard deviation (ddof=1). NOT a confidence interval and NOT evaluation-sampling uncertainty,results/experiments/e8a_question_encoder/core_analysis_g21.json,9774bd5bf4ead561635327645397314a9cc4dd7262dccc20f9c184f73ef31562,v2_dev,train_250k,A1,0|1|2,3,0.57316,0.00153,,NO_INTERVAL: this row carries training-seed dispersion only,NOT_APPLICABLE,7714,768,100,g21_pinned_normalised_exact_match,SECONDARY,DESCRIPTIVE_ONLY,READY,"best development epoch, patience 10, at most 100 epochs",,VE0-FIG-A2,VE0-TAB-04|VE0-TAB-A2,R6_QUESTION_SIDE_SLM|R7_ANSWER_SIDE_AND_CAPACITY|R_APPENDIX_STATISTICS,SLIDE-BACKUP-SEED-STABILITY,VE0-FIG-A2,"Development-set result on one GQA subset. The clean test is embargoed and unread, so no held-out generalisation is claimed. E8A's projected interface is a learned common width, not a naturally shared pretrained embedding space. A1 minus A1r is the only clean within-size question-side pretraining contrast; A1 minus A0p also changes the representation space and the interface."
EV-SEED-E8A.A1.train_40k,SEED,E8A,S10_QUESTION_SIDE_SLM,CORE,E8A/A1/train_40k,across-training-seed mean and sample standard deviation (ddof=1). NOT a confidence interval and NOT evaluation-sampling uncertainty,results/experiments/e8a_question_encoder/core_analysis_g21.json,9774bd5bf4ead561635327645397314a9cc4dd7262dccc20f9c184f73ef31562,v2_dev,train_40k,A1,0|1|2,3,0.52861,0.00296,,NO_INTERVAL: this row carries training-seed dispersion only,NOT_APPLICABLE,7714,768,100,g21_pinned_normalised_exact_match,SECONDARY,DESCRIPTIVE_ONLY,READY,"best development epoch, patience 10, at most 100 epochs",,VE0-FIG-A2,VE0-TAB-04|VE0-TAB-A2,R6_QUESTION_SIDE_SLM|R7_ANSWER_SIDE_AND_CAPACITY|R_APPENDIX_STATISTICS,SLIDE-BACKUP-SEED-STABILITY,VE0-FIG-A2,"Development-set result on one GQA subset. The clean test is embargoed and unread, so no held-out generalisation is claimed. E8A's projected interface is a learned common width, not a naturally shared pretrained embedding space. A1 minus A1r is the only clean within-size question-side pretraining contrast; A1 minus A0p also changes the representation space and the interface."
EV-SEED-E8A.A1r.train_250k,SEED,E8A,S10_QUESTION_SIDE_SLM,CORE,E8A/A1r/train_250k,across-training-seed mean and sample standard deviation (ddof=1). NOT a confidence interval and NOT evaluation-sampling uncertainty,results/experiments/e8a_question_encoder/core_analysis_g21.json,9774bd5bf4ead561635327645397314a9cc4dd7262dccc20f9c184f73ef31562,v2_dev,train_250k,A1r,0|1|2,3,0.5248,0.00487,,NO_INTERVAL: this row carries training-seed dispersion only,NOT_APPLICABLE,7714,768,100,g21_pinned_normalised_exact_match,SECONDARY,DESCRIPTIVE_ONLY,READY,"best development epoch, patience 10, at most 100 epochs",,VE0-FIG-A2,VE0-TAB-04|VE0-TAB-A2,R6_QUESTION_SIDE_SLM|R7_ANSWER_SIDE_AND_CAPACITY|R_APPENDIX_STATISTICS,SLIDE-BACKUP-SEED-STABILITY,VE0-FIG-A2,"Development-set result on one GQA subset. The clean test is embargoed and unread, so no held-out generalisation is claimed. E8A's projected interface is a learned common width, not a naturally shared pretrained embedding space. A1 minus A1r is the only clean within-size question-side pretraining contrast; A1 minus A0p also changes the representation space and the interface."
EV-SEED-E8A.A1r.train_40k,SEED,E8A,S10_QUESTION_SIDE_SLM,CORE,E8A/A1r/train_40k,across-training-seed mean and sample standard deviation (ddof=1). NOT a confidence interval and NOT evaluation-sampling uncertainty,results/experiments/e8a_question_encoder/core_analysis_g21.json,9774bd5bf4ead561635327645397314a9cc4dd7262dccc20f9c184f73ef31562,v2_dev,train_40k,A1r,0|1|2,3,0.49041,0.00259,,NO_INTERVAL: this row carries training-seed dispersion only,NOT_APPLICABLE,7714,768,100,g21_pinned_normalised_exact_match,SECONDARY,DESCRIPTIVE_ONLY,READY,"best development epoch, patience 10, at most 100 epochs",,VE0-FIG-A2,VE0-TAB-04|VE0-TAB-A2,R6_QUESTION_SIDE_SLM|R7_ANSWER_SIDE_AND_CAPACITY|R_APPENDIX_STATISTICS,SLIDE-BACKUP-SEED-STABILITY,VE0-FIG-A2,"Development-set result on one GQA subset. The clean test is embargoed and unread, so no held-out generalisation is claimed. E8A's projected interface is a learned common width, not a naturally shared pretrained embedding space. A1 minus A1r is the only clean within-size question-side pretraining contrast; A1 minus A0p also changes the representation space and the interface."
EV-SEED-E8B.B1.train_250k,SEED,E8B,S11_ANSWER_SIDE_SLM_135M,CORE,E8B/B1/train_250k,across-training-seed mean and sample standard deviation (ddof=1). NOT a confidence interval and NOT evaluation-sampling uncertainty,results/experiments/e8b_readout_generation/e8b_final_report_20260810.json,0ce63d09454b13b157dd2f58ebefad315c2903f9c1f097497652d7085d466138,v2_dev,train_250k,B1,0|1|2,3,0.59394,0.00486,,NO_INTERVAL: this row carries training-seed dispersion only,NOT_APPLICABLE,7714,768,100,g21_pinned_normalised_exact_match,SECONDARY,DESCRIPTIVE_ONLY,READY,"fixed epoch 22, no early stopping; epoch 22 is the sole primary",,VE0-FIG-A2,VE0-TAB-04|VE0-TAB-A2,R6_QUESTION_SIDE_SLM|R7_ANSWER_SIDE_AND_CAPACITY|R_APPENDIX_STATISTICS,SLIDE-BACKUP-SEED-STABILITY,VE0-FIG-A2,"Development-set result on one GQA subset. The clean test is embargoed and unread, so no held-out generalisation is claimed. An interval containing zero is an absence of a detected effect and establishes neither equivalence nor the absence of an effect. B3 at train_40k has an across-training-seed sd of 0.02795 and must always be shown with its seed spread."
EV-SEED-E8B.B1.train_40k,SEED,E8B,S11_ANSWER_SIDE_SLM_135M,CORE,E8B/B1/train_40k,across-training-seed mean and sample standard deviation (ddof=1). NOT a confidence interval and NOT evaluation-sampling uncertainty,results/experiments/e8b_readout_generation/e8b_final_report_20260810.json,0ce63d09454b13b157dd2f58ebefad315c2903f9c1f097497652d7085d466138,v2_dev,train_40k,B1,0|1|2,3,0.54507,0.0039,,NO_INTERVAL: this row carries training-seed dispersion only,NOT_APPLICABLE,7714,768,100,g21_pinned_normalised_exact_match,SECONDARY,DESCRIPTIVE_ONLY,READY,"fixed epoch 22, no early stopping; epoch 22 is the sole primary",,VE0-FIG-A2,VE0-TAB-04|VE0-TAB-A2,R6_QUESTION_SIDE_SLM|R7_ANSWER_SIDE_AND_CAPACITY|R_APPENDIX_STATISTICS,SLIDE-BACKUP-SEED-STABILITY,VE0-FIG-A2,"Development-set result on one GQA subset. The clean test is embargoed and unread, so no held-out generalisation is claimed. An interval containing zero is an absence of a detected effect and establishes neither equivalence nor the absence of an effect. B3 at train_40k has an across-training-seed sd of 0.02795 and must always be shown with its seed spread."
EV-SEED-E8B.B2.train_250k,SEED,E8B,S11_ANSWER_SIDE_SLM_135M,CORE,E8B/B2/train_250k,across-training-seed mean and sample standard deviation (ddof=1). NOT a confidence interval and NOT evaluation-sampling uncertainty,results/experiments/e8b_readout_generation/e8b_final_report_20260810.json,0ce63d09454b13b157dd2f58ebefad315c2903f9c1f097497652d7085d466138,v2_dev,train_250k,B2,0|1|2,3,0.60086,0.00528,,NO_INTERVAL: this row carries training-seed dispersion only,NOT_APPLICABLE,7714,768,100,g21_pinned_normalised_exact_match,SECONDARY,DESCRIPTIVE_ONLY,READY,"fixed epoch 22, no early stopping; epoch 22 is the sole primary",,VE0-FIG-A2,VE0-TAB-04|VE0-TAB-A2,R6_QUESTION_SIDE_SLM|R7_ANSWER_SIDE_AND_CAPACITY|R_APPENDIX_STATISTICS,SLIDE-BACKUP-SEED-STABILITY,VE0-FIG-A2,"Development-set result on one GQA subset. The clean test is embargoed and unread, so no held-out generalisation is claimed. An interval containing zero is an absence of a detected effect and establishes neither equivalence nor the absence of an effect. B3 at train_40k has an across-training-seed sd of 0.02795 and must always be shown with its seed spread."
EV-SEED-E8B.B2.train_40k,SEED,E8B,S11_ANSWER_SIDE_SLM_135M,CORE,E8B/B2/train_40k,across-training-seed mean and sample standard deviation (ddof=1). NOT a confidence interval and NOT evaluation-sampling uncertainty,results/experiments/e8b_readout_generation/e8b_final_report_20260810.json,0ce63d09454b13b157dd2f58ebefad315c2903f9c1f097497652d7085d466138,v2_dev,train_40k,B2,0|1|2,3,0.53392,0.00233,,NO_INTERVAL: this row carries training-seed dispersion only,NOT_APPLICABLE,7714,768,100,g21_pinned_normalised_exact_match,SECONDARY,DESCRIPTIVE_ONLY,READY,"fixed epoch 22, no early stopping; epoch 22 is the sole primary",,VE0-FIG-A2,VE0-TAB-04|VE0-TAB-A2,R6_QUESTION_SIDE_SLM|R7_ANSWER_SIDE_AND_CAPACITY|R_APPENDIX_STATISTICS,SLIDE-BACKUP-SEED-STABILITY,VE0-FIG-A2,"Development-set result on one GQA subset. The clean test is embargoed and unread, so no held-out generalisation is claimed. An interval containing zero is an absence of a detected effect and establishes neither equivalence nor the absence of an effect. B3 at train_40k has an across-training-seed sd of 0.02795 and must always be shown with its seed spread."
EV-SEED-E8B.B3.train_250k,SEED,E8B,S11_ANSWER_SIDE_SLM_135M,CORE,E8B/B3/train_250k,across-training-seed mean and sample standard deviation (ddof=1). NOT a confidence interval and NOT evaluation-sampling uncertainty,results/experiments/e8b_readout_generation/e8b_final_report_20260810.json,0ce63d09454b13b157dd2f58ebefad315c2903f9c1f097497652d7085d466138,v2_dev,train_250k,B3,0|1|2,3,0.5961,0.0027,,NO_INTERVAL: this row carries training-seed dispersion only,NOT_APPLICABLE,7714,768,100,g21_pinned_normalised_exact_match,SECONDARY,DESCRIPTIVE_ONLY,READY,"fixed epoch 22, no early stopping; epoch 22 is the sole primary",,VE0-FIG-A2,VE0-TAB-04|VE0-TAB-A2,R6_QUESTION_SIDE_SLM|R7_ANSWER_SIDE_AND_CAPACITY|R_APPENDIX_STATISTICS,SLIDE-BACKUP-SEED-STABILITY,VE0-FIG-A2,"Development-set result on one GQA subset. The clean test is embargoed and unread, so no held-out generalisation is claimed. An interval containing zero is an absence of a detected effect and establishes neither equivalence nor the absence of an effect. B3 at train_40k has an across-training-seed sd of 0.02795 and must always be shown with its seed spread."
EV-SEED-E8B.B3.train_40k,SEED,E8B,S11_ANSWER_SIDE_SLM_135M,CORE,E8B/B3/train_40k,across-training-seed mean and sample standard deviation (ddof=1). NOT a confidence interval and NOT evaluation-sampling uncertainty,results/experiments/e8b_readout_generation/e8b_final_report_20260810.json,0ce63d09454b13b157dd2f58ebefad315c2903f9c1f097497652d7085d466138,v2_dev,train_40k,B3,0|1|2,3,0.50929,0.02795,,NO_INTERVAL: this row carries training-seed dispersion only,NOT_APPLICABLE,7714,768,100,g21_pinned_normalised_exact_match,SECONDARY,DESCRIPTIVE_ONLY,READY,"fixed epoch 22, no early stopping; epoch 22 is the sole primary",,VE0-FIG-A2,VE0-TAB-04|VE0-TAB-A2,R6_QUESTION_SIDE_SLM|R7_ANSWER_SIDE_AND_CAPACITY|R_APPENDIX_STATISTICS,SLIDE-BACKUP-SEED-STABILITY,VE0-FIG-A2,"Development-set result on one GQA subset. The clean test is embargoed and unread, so no held-out generalisation is claimed. An interval containing zero is an absence of a detected effect and establishes neither equivalence nor the absence of an effect. B3 at train_40k has an across-training-seed sd of 0.02795 and must always be shown with its seed spread. HIGH SEED DISPERSION: sd 0.02795 across 3 seeds, range 0.05341. This row must always be shown with its per-seed spread; its mean alone is misleading."
EV-SEED-v2_02.concat.train_40k,SEED,v2_02,S02_MULTIMODAL_FUSION,CORE,v2_02/concat/train_40k,across-training-seed mean and sample standard deviation (ddof=1). NOT a confidence interval and NOT evaluation-sampling uncertainty,results/experiments/v2_02_multiseed/results.json,306c1d1bdf31e081c90ab57ef4474b7fc6aeb7c5b34af4697d52a84fd44a8e6d,v2_dev,train_40k,concat,0|1|2|3|42,5,0.52398,0.00276,,NO_INTERVAL: this row carries training-seed dispersion only,NOT_APPLICABLE,7714,768,100,v2_closed_vocab_top1_index_match,SECONDARY,DESCRIPTIVE_ONLY,READY,"best development epoch (early stopping on development accuracy, best-on-development checkpointing)",,VE0-FIG-A2,VE0-TAB-A2,R_APPENDIX_STATISTICS,SLIDE-BACKUP-SEED-STABILITY,VE0-FIG-A2,"Development-set result on one GQA subset. The clean test is embargoed and unread, so no held-out generalisation is claimed."
EV-SEED-v2_02.fusion.train_40k,SEED,v2_02,S02_MULTIMODAL_FUSION,CORE,v2_02/fusion/train_40k,across-training-seed mean and sample standard deviation (ddof=1). NOT a confidence interval and NOT evaluation-sampling uncertainty,results/experiments/v2_02_multiseed/results.json,306c1d1bdf31e081c90ab57ef4474b7fc6aeb7c5b34af4697d52a84fd44a8e6d,v2_dev,train_40k,fusion,0|1|2|3|42,5,0.5384,0.00218,,NO_INTERVAL: this row carries training-seed dispersion only,NOT_APPLICABLE,7714,768,100,v2_closed_vocab_top1_index_match,SECONDARY,DESCRIPTIVE_ONLY,READY,"best development epoch (early stopping on development accuracy, best-on-development checkpointing)",,VE0-FIG-A2,VE0-TAB-A2,R_APPENDIX_STATISTICS,SLIDE-BACKUP-SEED-STABILITY,VE0-FIG-A2,"Development-set result on one GQA subset. The clean test is embargoed and unread, so no held-out generalisation is claimed."
EV-SEED-v2_02.image_only.train_40k,SEED,v2_02,S02_MULTIMODAL_FUSION,CORE,v2_02/image_only/train_40k,across-training-seed mean and sample standard deviation (ddof=1). NOT a confidence interval and NOT evaluation-sampling uncertainty,results/experiments/v2_02_multiseed/results.json,306c1d1bdf31e081c90ab57ef4474b7fc6aeb7c5b34af4697d52a84fd44a8e6d,v2_dev,train_40k,image_only,0|1|2|3|42,5,0.23438,0.00033,,NO_INTERVAL: this row carries training-seed dispersion only,NOT_APPLICABLE,7714,768,100,v2_closed_vocab_top1_index_match,SECONDARY,DESCRIPTIVE_ONLY,READY,"best development epoch (early stopping on development accuracy, best-on-development checkpointing)",,VE0-FIG-A2,VE0-TAB-A2,R_APPENDIX_STATISTICS,SLIDE-BACKUP-SEED-STABILITY,VE0-FIG-A2,"Development-set result on one GQA subset. The clean test is embargoed and unread, so no held-out generalisation is claimed."
EV-SEED-v2_02.question_only.train_40k,SEED,v2_02,S02_MULTIMODAL_FUSION,CORE,v2_02/question_only/train_40k,across-training-seed mean and sample standard deviation (ddof=1). NOT a confidence interval and NOT evaluation-sampling uncertainty,results/experiments/v2_02_multiseed/results.json,306c1d1bdf31e081c90ab57ef4474b7fc6aeb7c5b34af4697d52a84fd44a8e6d,v2_dev,train_40k,question_only,0|1|2|3|42,5,0.45797,0.0029,,NO_INTERVAL: this row carries training-seed dispersion only,NOT_APPLICABLE,7714,768,100,v2_closed_vocab_top1_index_match,SECONDARY,DESCRIPTIVE_ONLY,READY,"best development epoch (early stopping on development accuracy, best-on-development checkpointing)",,VE0-FIG-A2,VE0-TAB-A2,R_APPENDIX_STATISTICS,SLIDE-BACKUP-SEED-STABILITY,VE0-FIG-A2,"Development-set result on one GQA subset. The clean test is embargoed and unread, so no held-out generalisation is claimed."
EV-SEED-v2_03.concat_wide.train_40k,SEED,v2_03,S03_CAPACITY_MATCHING,CORE,v2_03/concat_wide/train_40k,across-training-seed mean and sample standard deviation (ddof=1). NOT a confidence interval and NOT evaluation-sampling uncertainty,results/experiments/v2_03_param_match/results.json,9494f8a706b26dc82a66bb28280411acbd079991f353da8467248ac0c1947f92,v2_dev,train_40k,concat_wide,0|1|2|3|42,5,0.53262,0.00259,,NO_INTERVAL: this row carries training-seed dispersion only,NOT_APPLICABLE,7714,768,100,v2_closed_vocab_top1_index_match,SECONDARY,DESCRIPTIVE_ONLY,READY,best development epoch,,VE0-FIG-A2,VE0-TAB-A2,R_APPENDIX_STATISTICS,SLIDE-BACKUP-SEED-STABILITY,VE0-FIG-A2,"Development-set result on one GQA subset. The clean test is embargoed and unread, so no held-out generalisation is claimed."
EV-SEED-v2_03.fusion_narrow.train_40k,SEED,v2_03,S03_CAPACITY_MATCHING,CORE,v2_03/fusion_narrow/train_40k,across-training-seed mean and sample standard deviation (ddof=1). NOT a confidence interval and NOT evaluation-sampling uncertainty,results/experiments/v2_03_param_match/results.json,9494f8a706b26dc82a66bb28280411acbd079991f353da8467248ac0c1947f92,v2_dev,train_40k,fusion_narrow,0|1|2|3|42,5,0.53342,0.00139,,NO_INTERVAL: this row carries training-seed dispersion only,NOT_APPLICABLE,7714,768,100,v2_closed_vocab_top1_index_match,SECONDARY,DESCRIPTIVE_ONLY,READY,best development epoch,,VE0-FIG-A2,VE0-TAB-A2,R_APPENDIX_STATISTICS,SLIDE-BACKUP-SEED-STABILITY,VE0-FIG-A2,"Development-set result on one GQA subset. The clean test is embargoed and unread, so no held-out generalisation is claimed."
EV-SEED-v2_04.difference_576k.train_40k,SEED,v2_04,S04_FEATURE_ABLATION,SUPPORTING,v2_04/difference_576k/train_40k,across-training-seed mean and sample standard deviation (ddof=1). NOT a confidence interval and NOT evaluation-sampling uncertainty,results/experiments/v2_04_ablation/results.json,3e4a7652dd1e7418b1a19244d85017a4442b6638e86c3d85b1c4888cbceed608,v2_dev,train_40k,difference_576k,0|1|2|3|42,5,0.53342,0.00107,,NO_INTERVAL: this row carries training-seed dispersion only,NOT_APPLICABLE,7714,768,100,v2_closed_vocab_top1_index_match,SECONDARY,DESCRIPTIVE_ONLY,READY,best development epoch,,VE0-FIG-A2,VE0-TAB-A2,R_APPENDIX_STATISTICS,SLIDE-BACKUP-SEED-STABILITY,VE0-FIG-A2,"Development-set result on one GQA subset. The clean test is embargoed and unread, so no held-out generalisation is claimed."
EV-SEED-v2_04.difference_natural.train_40k,SEED,v2_04,S04_FEATURE_ABLATION,SUPPORTING,v2_04/difference_natural/train_40k,across-training-seed mean and sample standard deviation (ddof=1). NOT a confidence interval and NOT evaluation-sampling uncertainty,results/experiments/v2_04_ablation/results.json,3e4a7652dd1e7418b1a19244d85017a4442b6638e86c3d85b1c4888cbceed608,v2_dev,train_40k,difference_natural,0|1|2|3|42,5,0.53399,0.00026,,NO_INTERVAL: this row carries training-seed dispersion only,NOT_APPLICABLE,7714,768,100,v2_closed_vocab_top1_index_match,SECONDARY,DESCRIPTIVE_ONLY,READY,best development epoch,,VE0-FIG-A2,VE0-TAB-A2,R_APPENDIX_STATISTICS,SLIDE-BACKUP-SEED-STABILITY,VE0-FIG-A2,"Development-set result on one GQA subset. The clean test is embargoed and unread, so no held-out generalisation is claimed."
EV-SEED-v2_04.product_576k.train_40k,SEED,v2_04,S04_FEATURE_ABLATION,SUPPORTING,v2_04/product_576k/train_40k,across-training-seed mean and sample standard deviation (ddof=1). NOT a confidence interval and NOT evaluation-sampling uncertainty,results/experiments/v2_04_ablation/results.json,3e4a7652dd1e7418b1a19244d85017a4442b6638e86c3d85b1c4888cbceed608,v2_dev,train_40k,product_576k,0|1|2|3|42,5,0.53355,0.00312,,NO_INTERVAL: this row carries training-seed dispersion only,NOT_APPLICABLE,7714,768,100,v2_closed_vocab_top1_index_match,SECONDARY,DESCRIPTIVE_ONLY,READY,best development epoch,,VE0-FIG-A2,VE0-TAB-A2,R_APPENDIX_STATISTICS,SLIDE-BACKUP-SEED-STABILITY,VE0-FIG-A2,"Development-set result on one GQA subset. The clean test is embargoed and unread, so no held-out generalisation is claimed."
EV-SEED-v2_04.product_natural.train_40k,SEED,v2_04,S04_FEATURE_ABLATION,SUPPORTING,v2_04/product_natural/train_40k,across-training-seed mean and sample standard deviation (ddof=1). NOT a confidence interval and NOT evaluation-sampling uncertainty,results/experiments/v2_04_ablation/results.json,3e4a7652dd1e7418b1a19244d85017a4442b6638e86c3d85b1c4888cbceed608,v2_dev,train_40k,product_natural,0|1|2|3|42,5,0.53671,0.00101,,NO_INTERVAL: this row carries training-seed dispersion only,NOT_APPLICABLE,7714,768,100,v2_closed_vocab_top1_index_match,SECONDARY,DESCRIPTIVE_ONLY,READY,best development epoch,,VE0-FIG-A2,VE0-TAB-A2,R_APPENDIX_STATISTICS,SLIDE-BACKUP-SEED-STABILITY,VE0-FIG-A2,"Development-set result on one GQA subset. The clean test is embargoed and unread, so no held-out generalisation is claimed."
EV-SEED-v2_06.concat.shuffled.train_40k,SEED,v2_06,S07_VISUAL_RELIANCE,CORE,v2_06/concat/shuffled/train_40k,across-training-seed mean and sample standard deviation (ddof=1). NOT a confidence interval and NOT evaluation-sampling uncertainty,results/experiments/v2_06_reliance/results.json,45763fe56be11d42421a968922ac3212b5d1a21af77ccd87706ed44549b6a66b,v2_dev,train_40k,concat/shuffled,0|1|2|3|42,5,0.4069,0.00329,,NO_INTERVAL: this row carries training-seed dispersion only,NOT_APPLICABLE,7714,768,100,v2_closed_vocab_top1_index_match,SECONDARY,DESCRIPTIVE_ONLY,READY,best development epoch,,VE0-FIG-A2,VE0-TAB-A2,R_APPENDIX_STATISTICS,SLIDE-BACKUP-SEED-STABILITY,VE0-FIG-A2,"Development-set result on one GQA subset. The clean test is embargoed and unread, so no held-out generalisation is claimed. A drop under a wrong or removed image demonstrates reliance on the image. It is NOT proof of robust visual reasoning, of grounding or of compositional understanding. The question-only drop is exactly zero by construction and is a control, not a result."
EV-SEED-v2_06.concat.zeroed.train_40k,SEED,v2_06,S07_VISUAL_RELIANCE,CORE,v2_06/concat/zeroed/train_40k,across-training-seed mean and sample standard deviation (ddof=1). NOT a confidence interval and NOT evaluation-sampling uncertainty,results/experiments/v2_06_reliance/results.json,45763fe56be11d42421a968922ac3212b5d1a21af77ccd87706ed44549b6a66b,v2_dev,train_40k,concat/zeroed,0|1|2|3|42,5,0.42411,0.0028,,NO_INTERVAL: this row carries training-seed dispersion only,NOT_APPLICABLE,7714,768,100,v2_closed_vocab_top1_index_match,SECONDARY,DESCRIPTIVE_ONLY,READY,best development epoch,,VE0-FIG-A2,VE0-TAB-A2,R_APPENDIX_STATISTICS,SLIDE-BACKUP-SEED-STABILITY,VE0-FIG-A2,"Development-set result on one GQA subset. The clean test is embargoed and unread, so no held-out generalisation is claimed. A drop under a wrong or removed image demonstrates reliance on the image. It is NOT proof of robust visual reasoning, of grounding or of compositional understanding. The question-only drop is exactly zero by construction and is a control, not a result."
EV-SEED-v2_06.fusion.shuffled.train_40k,SEED,v2_06,S07_VISUAL_RELIANCE,CORE,v2_06/fusion/shuffled/train_40k,across-training-seed mean and sample standard deviation (ddof=1). NOT a confidence interval and NOT evaluation-sampling uncertainty,results/experiments/v2_06_reliance/results.json,45763fe56be11d42421a968922ac3212b5d1a21af77ccd87706ed44549b6a66b,v2_dev,train_40k,fusion/shuffled,0|1|2|3|42,5,0.3957,0.00258,,NO_INTERVAL: this row carries training-seed dispersion only,NOT_APPLICABLE,7714,768,100,v2_closed_vocab_top1_index_match,SECONDARY,DESCRIPTIVE_ONLY,READY,best development epoch,,VE0-FIG-A2,VE0-TAB-A2,R_APPENDIX_STATISTICS,SLIDE-BACKUP-SEED-STABILITY,VE0-FIG-A2,"Development-set result on one GQA subset. The clean test is embargoed and unread, so no held-out generalisation is claimed. A drop under a wrong or removed image demonstrates reliance on the image. It is NOT proof of robust visual reasoning, of grounding or of compositional understanding. The question-only drop is exactly zero by construction and is a control, not a result."
EV-SEED-v2_06.fusion.zeroed.train_40k,SEED,v2_06,S07_VISUAL_RELIANCE,CORE,v2_06/fusion/zeroed/train_40k,across-training-seed mean and sample standard deviation (ddof=1). NOT a confidence interval and NOT evaluation-sampling uncertainty,results/experiments/v2_06_reliance/results.json,45763fe56be11d42421a968922ac3212b5d1a21af77ccd87706ed44549b6a66b,v2_dev,train_40k,fusion/zeroed,0|1|2|3|42,5,0.4196,0.00487,,NO_INTERVAL: this row carries training-seed dispersion only,NOT_APPLICABLE,7714,768,100,v2_closed_vocab_top1_index_match,SECONDARY,DESCRIPTIVE_ONLY,READY,best development epoch,,VE0-FIG-A2,VE0-TAB-A2,R_APPENDIX_STATISTICS,SLIDE-BACKUP-SEED-STABILITY,VE0-FIG-A2,"Development-set result on one GQA subset. The clean test is embargoed and unread, so no held-out generalisation is claimed. A drop under a wrong or removed image demonstrates reliance on the image. It is NOT proof of robust visual reasoning, of grounding or of compositional understanding. The question-only drop is exactly zero by construction and is a control, not a result."
EV-SEED-v2_06.image_only.shuffled.train_40k,SEED,v2_06,S07_VISUAL_RELIANCE,CORE,v2_06/image_only/shuffled/train_40k,across-training-seed mean and sample standard deviation (ddof=1). NOT a confidence interval and NOT evaluation-sampling uncertainty,results/experiments/v2_06_reliance/results.json,45763fe56be11d42421a968922ac3212b5d1a21af77ccd87706ed44549b6a66b,v2_dev,train_40k,image_only/shuffled,0|1|2|3|42,5,0.21076,0.01012,,NO_INTERVAL: this row carries training-seed dispersion only,NOT_APPLICABLE,7714,768,100,v2_closed_vocab_top1_index_match,SECONDARY,DESCRIPTIVE_ONLY,READY,best development epoch,,VE0-FIG-A2,VE0-TAB-A2,R_APPENDIX_STATISTICS,SLIDE-BACKUP-SEED-STABILITY,VE0-FIG-A2,"Development-set result on one GQA subset. The clean test is embargoed and unread, so no held-out generalisation is claimed. A drop under a wrong or removed image demonstrates reliance on the image. It is NOT proof of robust visual reasoning, of grounding or of compositional understanding. The question-only drop is exactly zero by construction and is a control, not a result. HIGH SEED DISPERSION: sd 0.01012 across 5 seeds, range 0.02593. This row must always be shown with its per-seed spread; its mean alone is misleading."
EV-SEED-v2_06.image_only.zeroed.train_40k,SEED,v2_06,S07_VISUAL_RELIANCE,CORE,v2_06/image_only/zeroed/train_40k,across-training-seed mean and sample standard deviation (ddof=1). NOT a confidence interval and NOT evaluation-sampling uncertainty,results/experiments/v2_06_reliance/results.json,45763fe56be11d42421a968922ac3212b5d1a21af77ccd87706ed44549b6a66b,v2_dev,train_40k,image_only/zeroed,0|1|2|3|42,5,0.22588,0.00272,,NO_INTERVAL: this row carries training-seed dispersion only,NOT_APPLICABLE,7714,768,100,v2_closed_vocab_top1_index_match,SECONDARY,DESCRIPTIVE_ONLY,READY,best development epoch,,VE0-FIG-A2,VE0-TAB-A2,R_APPENDIX_STATISTICS,SLIDE-BACKUP-SEED-STABILITY,VE0-FIG-A2,"Development-set result on one GQA subset. The clean test is embargoed and unread, so no held-out generalisation is claimed. A drop under a wrong or removed image demonstrates reliance on the image. It is NOT proof of robust visual reasoning, of grounding or of compositional understanding. The question-only drop is exactly zero by construction and is a control, not a result."
EV-SEED-v2_06.product_576k.shuffled.train_40k,SEED,v2_06,S07_VISUAL_RELIANCE,CORE,v2_06/product_576k/shuffled/train_40k,across-training-seed mean and sample standard deviation (ddof=1). NOT a confidence interval and NOT evaluation-sampling uncertainty,results/experiments/v2_06_reliance/results.json,45763fe56be11d42421a968922ac3212b5d1a21af77ccd87706ed44549b6a66b,v2_dev,train_40k,product_576k/shuffled,0|1|2|3|42,5,0.40539,0.002,,NO_INTERVAL: this row carries training-seed dispersion only,NOT_APPLICABLE,7714,768,100,v2_closed_vocab_top1_index_match,SECONDARY,DESCRIPTIVE_ONLY,READY,best development epoch,,VE0-FIG-A2,VE0-TAB-A2,R_APPENDIX_STATISTICS,SLIDE-BACKUP-SEED-STABILITY,VE0-FIG-A2,"Development-set result on one GQA subset. The clean test is embargoed and unread, so no held-out generalisation is claimed. A drop under a wrong or removed image demonstrates reliance on the image. It is NOT proof of robust visual reasoning, of grounding or of compositional understanding. The question-only drop is exactly zero by construction and is a control, not a result."
EV-SEED-v2_06.product_576k.zeroed.train_40k,SEED,v2_06,S07_VISUAL_RELIANCE,CORE,v2_06/product_576k/zeroed/train_40k,across-training-seed mean and sample standard deviation (ddof=1). NOT a confidence interval and NOT evaluation-sampling uncertainty,results/experiments/v2_06_reliance/results.json,45763fe56be11d42421a968922ac3212b5d1a21af77ccd87706ed44549b6a66b,v2_dev,train_40k,product_576k/zeroed,0|1|2|3|42,5,0.42113,0.00302,,NO_INTERVAL: this row carries training-seed dispersion only,NOT_APPLICABLE,7714,768,100,v2_closed_vocab_top1_index_match,SECONDARY,DESCRIPTIVE_ONLY,READY,best development epoch,,VE0-FIG-A2,VE0-TAB-A2,R_APPENDIX_STATISTICS,SLIDE-BACKUP-SEED-STABILITY,VE0-FIG-A2,"Development-set result on one GQA subset. The clean test is embargoed and unread, so no held-out generalisation is claimed. A drop under a wrong or removed image demonstrates reliance on the image. It is NOT proof of robust visual reasoning, of grounding or of compositional understanding. The question-only drop is exactly zero by construction and is a control, not a result."
EV-SEED-v2_06.question_only.shuffled.train_40k,SEED,v2_06,S07_VISUAL_RELIANCE,CORE,v2_06/question_only/shuffled/train_40k,across-training-seed mean and sample standard deviation (ddof=1). NOT a confidence interval and NOT evaluation-sampling uncertainty,results/experiments/v2_06_reliance/results.json,45763fe56be11d42421a968922ac3212b5d1a21af77ccd87706ed44549b6a66b,v2_dev,train_40k,question_only/shuffled,0|1|2|3|42,5,0.45797,0.0029,,NO_INTERVAL: this row carries training-seed dispersion only,NOT_APPLICABLE,7714,768,100,v2_closed_vocab_top1_index_match,SECONDARY,DESCRIPTIVE_ONLY,READY,best development epoch,,VE0-FIG-A2,VE0-TAB-A2,R_APPENDIX_STATISTICS,SLIDE-BACKUP-SEED-STABILITY,VE0-FIG-A2,"Development-set result on one GQA subset. The clean test is embargoed and unread, so no held-out generalisation is claimed. A drop under a wrong or removed image demonstrates reliance on the image. It is NOT proof of robust visual reasoning, of grounding or of compositional understanding. The question-only drop is exactly zero by construction and is a control, not a result."
EV-SEED-v2_06.question_only.zeroed.train_40k,SEED,v2_06,S07_VISUAL_RELIANCE,CORE,v2_06/question_only/zeroed/train_40k,across-training-seed mean and sample standard deviation (ddof=1). NOT a confidence interval and NOT evaluation-sampling uncertainty,results/experiments/v2_06_reliance/results.json,45763fe56be11d42421a968922ac3212b5d1a21af77ccd87706ed44549b6a66b,v2_dev,train_40k,question_only/zeroed,0|1|2|3|42,5,0.45797,0.0029,,NO_INTERVAL: this row carries training-seed dispersion only,NOT_APPLICABLE,7714,768,100,v2_closed_vocab_top1_index_match,SECONDARY,DESCRIPTIVE_ONLY,READY,best development epoch,,VE0-FIG-A2,VE0-TAB-A2,R_APPENDIX_STATISTICS,SLIDE-BACKUP-SEED-STABILITY,VE0-FIG-A2,"Development-set result on one GQA subset. The clean test is embargoed and unread, so no held-out generalisation is claimed. A drop under a wrong or removed image demonstrates reliance on the image. It is NOT proof of robust visual reasoning, of grounding or of compositional understanding. The question-only drop is exactly zero by construction and is a control, not a result."
EV-SEED-v2_07.concat.train_100k,SEED,v2_07,S05_TRAINING_SCALE,CORE,v2_07/concat/train_100k,across-training-seed mean and sample standard deviation (ddof=1). NOT a confidence interval and NOT evaluation-sampling uncertainty,results/experiments/v2_07_scaling/results.json,852206e1b0a404955ed66c5b56a3b9bd7215c15fb35b438dd703cc6c497b79fc,v2_dev,train_100k,concat,0|1|2|3|42,5,0.55084,0.00201,,NO_INTERVAL: this row carries training-seed dispersion only,NOT_APPLICABLE,7714,768,100,v2_closed_vocab_top1_index_match,SECONDARY,DESCRIPTIVE_ONLY,READY_SEED_ONLY_NO_INTERVAL,best development epoch,,VE0-FIG-03|VE0-FIG-A2,VE0-TAB-01|VE0-TAB-A2|VE0-TAB-A3,R1_BASELINES_AND_FUSION|R3_SCALING_BEHAVIOUR|R_APPENDIX_REPRESENTATION|R_APPENDIX_STATISTICS,SLIDE-05-SCALE-CLOSES-THE-GAP|SLIDE-BACKUP-SEED-STABILITY,VE0-FIG-A2,"Development-set result on one GQA subset. The clean test is embargoed and unread, so no held-out generalisation is claimed. v2_07 ACCEPTED DOCUMENTED LIMITATION. No image-clustered evaluation interval is available for this family: row-level reconstruction was attempted and stopped by a point-estimate reproduction mismatch, and one of forty cells differs from reconstruction by one numerically tied row (v2_07::question_only::train_250k::seed2::normal, stored 0.49767 against recomputed 0.49754, a single float32 argmax tie on row index 6213 of 7,714). Report per-seed means and the across-training-seed sample sd only. No post-hoc partial-family reconstruction is authorised."
EV-SEED-v2_07.concat.train_250k,SEED,v2_07,S05_TRAINING_SCALE,CORE,v2_07/concat/train_250k,across-training-seed mean and sample standard deviation (ddof=1). NOT a confidence interval and NOT evaluation-sampling uncertainty,results/experiments/v2_07_scaling/results.json,852206e1b0a404955ed66c5b56a3b9bd7215c15fb35b438dd703cc6c497b79fc,v2_dev,train_250k,concat,0|1|2|3|42,5,0.57861,0.00264,,NO_INTERVAL: this row carries training-seed dispersion only,NOT_APPLICABLE,7714,768,100,v2_closed_vocab_top1_index_match,SECONDARY,DESCRIPTIVE_ONLY,READY_SEED_ONLY_NO_INTERVAL,best development epoch,,VE0-FIG-03|VE0-FIG-A2,VE0-TAB-01|VE0-TAB-A2|VE0-TAB-A3,R1_BASELINES_AND_FUSION|R3_SCALING_BEHAVIOUR|R_APPENDIX_REPRESENTATION|R_APPENDIX_STATISTICS,SLIDE-05-SCALE-CLOSES-THE-GAP|SLIDE-BACKUP-SEED-STABILITY,VE0-FIG-A2,"Development-set result on one GQA subset. The clean test is embargoed and unread, so no held-out generalisation is claimed. v2_07 ACCEPTED DOCUMENTED LIMITATION. No image-clustered evaluation interval is available for this family: row-level reconstruction was attempted and stopped by a point-estimate reproduction mismatch, and one of forty cells differs from reconstruction by one numerically tied row (v2_07::question_only::train_250k::seed2::normal, stored 0.49767 against recomputed 0.49754, a single float32 argmax tie on row index 6213 of 7,714). Report per-seed means and the across-training-seed sample sd only. No post-hoc partial-family reconstruction is authorised."
EV-SEED-v2_07.concat.train_40k,SEED,v2_07,S05_TRAINING_SCALE,CORE,v2_07/concat/train_40k,across-training-seed mean and sample standard deviation (ddof=1). NOT a confidence interval and NOT evaluation-sampling uncertainty,results/experiments/v2_07_scaling/results.json,852206e1b0a404955ed66c5b56a3b9bd7215c15fb35b438dd703cc6c497b79fc,v2_dev,train_40k,concat,0|1|2|3|42,5,0.52398,0.00276,,NO_INTERVAL: this row carries training-seed dispersion only,NOT_APPLICABLE,7714,768,100,v2_closed_vocab_top1_index_match,SECONDARY,DESCRIPTIVE_ONLY,READY_SEED_ONLY_NO_INTERVAL,best development epoch,,VE0-FIG-03|VE0-FIG-A2,VE0-TAB-01|VE0-TAB-A2|VE0-TAB-A3,R1_BASELINES_AND_FUSION|R3_SCALING_BEHAVIOUR|R_APPENDIX_REPRESENTATION|R_APPENDIX_STATISTICS,SLIDE-05-SCALE-CLOSES-THE-GAP|SLIDE-BACKUP-SEED-STABILITY,VE0-FIG-A2,"Development-set result on one GQA subset. The clean test is embargoed and unread, so no held-out generalisation is claimed. v2_07 ACCEPTED DOCUMENTED LIMITATION. No image-clustered evaluation interval is available for this family: row-level reconstruction was attempted and stopped by a point-estimate reproduction mismatch, and one of forty cells differs from reconstruction by one numerically tied row (v2_07::question_only::train_250k::seed2::normal, stored 0.49767 against recomputed 0.49754, a single float32 argmax tie on row index 6213 of 7,714). Report per-seed means and the across-training-seed sample sd only. No post-hoc partial-family reconstruction is authorised."
EV-SEED-v2_07.fusion.train_100k,SEED,v2_07,S05_TRAINING_SCALE,CORE,v2_07/fusion/train_100k,across-training-seed mean and sample standard deviation (ddof=1). NOT a confidence interval and NOT evaluation-sampling uncertainty,results/experiments/v2_07_scaling/results.json,852206e1b0a404955ed66c5b56a3b9bd7215c15fb35b438dd703cc6c497b79fc,v2_dev,train_100k,fusion,0|1|2|3|42,5,0.56308,0.00268,,NO_INTERVAL: this row carries training-seed dispersion only,NOT_APPLICABLE,7714,768,100,v2_closed_vocab_top1_index_match,SECONDARY,DESCRIPTIVE_ONLY,READY_SEED_ONLY_NO_INTERVAL,best development epoch,,VE0-FIG-03|VE0-FIG-A2,VE0-TAB-01|VE0-TAB-A2|VE0-TAB-A3,R1_BASELINES_AND_FUSION|R3_SCALING_BEHAVIOUR|R_APPENDIX_REPRESENTATION|R_APPENDIX_STATISTICS,SLIDE-05-SCALE-CLOSES-THE-GAP|SLIDE-BACKUP-SEED-STABILITY,VE0-FIG-A2,"Development-set result on one GQA subset. The clean test is embargoed and unread, so no held-out generalisation is claimed. v2_07 ACCEPTED DOCUMENTED LIMITATION. No image-clustered evaluation interval is available for this family: row-level reconstruction was attempted and stopped by a point-estimate reproduction mismatch, and one of forty cells differs from reconstruction by one numerically tied row (v2_07::question_only::train_250k::seed2::normal, stored 0.49767 against recomputed 0.49754, a single float32 argmax tie on row index 6213 of 7,714). Report per-seed means and the across-training-seed sample sd only. No post-hoc partial-family reconstruction is authorised."
EV-SEED-v2_07.fusion.train_250k,SEED,v2_07,S05_TRAINING_SCALE,CORE,v2_07/fusion/train_250k,across-training-seed mean and sample standard deviation (ddof=1). NOT a confidence interval and NOT evaluation-sampling uncertainty,results/experiments/v2_07_scaling/results.json,852206e1b0a404955ed66c5b56a3b9bd7215c15fb35b438dd703cc6c497b79fc,v2_dev,train_250k,fusion,0|1|2|3|42,5,0.58226,0.00197,,NO_INTERVAL: this row carries training-seed dispersion only,NOT_APPLICABLE,7714,768,100,v2_closed_vocab_top1_index_match,SECONDARY,DESCRIPTIVE_ONLY,READY_SEED_ONLY_NO_INTERVAL,best development epoch,,VE0-FIG-03|VE0-FIG-A2,VE0-TAB-01|VE0-TAB-A2|VE0-TAB-A3,R1_BASELINES_AND_FUSION|R3_SCALING_BEHAVIOUR|R_APPENDIX_REPRESENTATION|R_APPENDIX_STATISTICS,SLIDE-05-SCALE-CLOSES-THE-GAP|SLIDE-BACKUP-SEED-STABILITY,VE0-FIG-A2,"Development-set result on one GQA subset. The clean test is embargoed and unread, so no held-out generalisation is claimed. v2_07 ACCEPTED DOCUMENTED LIMITATION. No image-clustered evaluation interval is available for this family: row-level reconstruction was attempted and stopped by a point-estimate reproduction mismatch, and one of forty cells differs from reconstruction by one numerically tied row (v2_07::question_only::train_250k::seed2::normal, stored 0.49767 against recomputed 0.49754, a single float32 argmax tie on row index 6213 of 7,714). Report per-seed means and the across-training-seed sample sd only. No post-hoc partial-family reconstruction is authorised."
EV-SEED-v2_07.fusion.train_40k,SEED,v2_07,S05_TRAINING_SCALE,CORE,v2_07/fusion/train_40k,across-training-seed mean and sample standard deviation (ddof=1). NOT a confidence interval and NOT evaluation-sampling uncertainty,results/experiments/v2_07_scaling/results.json,852206e1b0a404955ed66c5b56a3b9bd7215c15fb35b438dd703cc6c497b79fc,v2_dev,train_40k,fusion,0|1|2|3|42,5,0.5384,0.00218,,NO_INTERVAL: this row carries training-seed dispersion only,NOT_APPLICABLE,7714,768,100,v2_closed_vocab_top1_index_match,SECONDARY,DESCRIPTIVE_ONLY,READY_SEED_ONLY_NO_INTERVAL,best development epoch,,VE0-FIG-03|VE0-FIG-A2,VE0-TAB-01|VE0-TAB-A2|VE0-TAB-A3,R1_BASELINES_AND_FUSION|R3_SCALING_BEHAVIOUR|R_APPENDIX_REPRESENTATION|R_APPENDIX_STATISTICS,SLIDE-05-SCALE-CLOSES-THE-GAP|SLIDE-BACKUP-SEED-STABILITY,VE0-FIG-A2,"Development-set result on one GQA subset. The clean test is embargoed and unread, so no held-out generalisation is claimed. v2_07 ACCEPTED DOCUMENTED LIMITATION. No image-clustered evaluation interval is available for this family: row-level reconstruction was attempted and stopped by a point-estimate reproduction mismatch, and one of forty cells differs from reconstruction by one numerically tied row (v2_07::question_only::train_250k::seed2::normal, stored 0.49767 against recomputed 0.49754, a single float32 argmax tie on row index 6213 of 7,714). Report per-seed means and the across-training-seed sample sd only. No post-hoc partial-family reconstruction is authorised."
EV-SEED-v2_07.product_576k.train_100k,SEED,v2_07,S05_TRAINING_SCALE,CORE,v2_07/product_576k/train_100k,across-training-seed mean and sample standard deviation (ddof=1). NOT a confidence interval and NOT evaluation-sampling uncertainty,results/experiments/v2_07_scaling/results.json,852206e1b0a404955ed66c5b56a3b9bd7215c15fb35b438dd703cc6c497b79fc,v2_dev,train_100k,product_576k,0|1|2|3|42,5,0.56365,0.00223,,NO_INTERVAL: this row carries training-seed dispersion only,NOT_APPLICABLE,7714,768,100,v2_closed_vocab_top1_index_match,SECONDARY,DESCRIPTIVE_ONLY,READY_SEED_ONLY_NO_INTERVAL,best development epoch,,VE0-FIG-03|VE0-FIG-A2,VE0-TAB-01|VE0-TAB-A2|VE0-TAB-A3,R1_BASELINES_AND_FUSION|R3_SCALING_BEHAVIOUR|R_APPENDIX_REPRESENTATION|R_APPENDIX_STATISTICS,SLIDE-05-SCALE-CLOSES-THE-GAP|SLIDE-BACKUP-SEED-STABILITY,VE0-FIG-A2,"Development-set result on one GQA subset. The clean test is embargoed and unread, so no held-out generalisation is claimed. v2_07 ACCEPTED DOCUMENTED LIMITATION. No image-clustered evaluation interval is available for this family: row-level reconstruction was attempted and stopped by a point-estimate reproduction mismatch, and one of forty cells differs from reconstruction by one numerically tied row (v2_07::question_only::train_250k::seed2::normal, stored 0.49767 against recomputed 0.49754, a single float32 argmax tie on row index 6213 of 7,714). Report per-seed means and the across-training-seed sample sd only. No post-hoc partial-family reconstruction is authorised."
EV-SEED-v2_07.product_576k.train_250k,SEED,v2_07,S05_TRAINING_SCALE,CORE,v2_07/product_576k/train_250k,across-training-seed mean and sample standard deviation (ddof=1). NOT a confidence interval and NOT evaluation-sampling uncertainty,results/experiments/v2_07_scaling/results.json,852206e1b0a404955ed66c5b56a3b9bd7215c15fb35b438dd703cc6c497b79fc,v2_dev,train_250k,product_576k,0|1|2|3|42,5,0.58242,0.00318,,NO_INTERVAL: this row carries training-seed dispersion only,NOT_APPLICABLE,7714,768,100,v2_closed_vocab_top1_index_match,SECONDARY,DESCRIPTIVE_ONLY,READY_SEED_ONLY_NO_INTERVAL,best development epoch,,VE0-FIG-03|VE0-FIG-A2,VE0-TAB-01|VE0-TAB-A2|VE0-TAB-A3,R1_BASELINES_AND_FUSION|R3_SCALING_BEHAVIOUR|R_APPENDIX_REPRESENTATION|R_APPENDIX_STATISTICS,SLIDE-05-SCALE-CLOSES-THE-GAP|SLIDE-BACKUP-SEED-STABILITY,VE0-FIG-A2,"Development-set result on one GQA subset. The clean test is embargoed and unread, so no held-out generalisation is claimed. v2_07 ACCEPTED DOCUMENTED LIMITATION. No image-clustered evaluation interval is available for this family: row-level reconstruction was attempted and stopped by a point-estimate reproduction mismatch, and one of forty cells differs from reconstruction by one numerically tied row (v2_07::question_only::train_250k::seed2::normal, stored 0.49767 against recomputed 0.49754, a single float32 argmax tie on row index 6213 of 7,714). Report per-seed means and the across-training-seed sample sd only. No post-hoc partial-family reconstruction is authorised."
EV-SEED-v2_07.product_576k.train_40k,SEED,v2_07,S05_TRAINING_SCALE,CORE,v2_07/product_576k/train_40k,across-training-seed mean and sample standard deviation (ddof=1). NOT a confidence interval and NOT evaluation-sampling uncertainty,results/experiments/v2_07_scaling/results.json,852206e1b0a404955ed66c5b56a3b9bd7215c15fb35b438dd703cc6c497b79fc,v2_dev,train_40k,product_576k,0|1|2|3|42,5,0.53355,0.00312,,NO_INTERVAL: this row carries training-seed dispersion only,NOT_APPLICABLE,7714,768,100,v2_closed_vocab_top1_index_match,SECONDARY,DESCRIPTIVE_ONLY,READY_SEED_ONLY_NO_INTERVAL,best development epoch,,VE0-FIG-03|VE0-FIG-A2,VE0-TAB-01|VE0-TAB-A2|VE0-TAB-A3,R1_BASELINES_AND_FUSION|R3_SCALING_BEHAVIOUR|R_APPENDIX_REPRESENTATION|R_APPENDIX_STATISTICS,SLIDE-05-SCALE-CLOSES-THE-GAP|SLIDE-BACKUP-SEED-STABILITY,VE0-FIG-A2,"Development-set result on one GQA subset. The clean test is embargoed and unread, so no held-out generalisation is claimed. v2_07 ACCEPTED DOCUMENTED LIMITATION. No image-clustered evaluation interval is available for this family: row-level reconstruction was attempted and stopped by a point-estimate reproduction mismatch, and one of forty cells differs from reconstruction by one numerically tied row (v2_07::question_only::train_250k::seed2::normal, stored 0.49767 against recomputed 0.49754, a single float32 argmax tie on row index 6213 of 7,714). Report per-seed means and the across-training-seed sample sd only. No post-hoc partial-family reconstruction is authorised."
EV-SEED-v2_07.question_only.train_100k,SEED,v2_07,S05_TRAINING_SCALE,CORE,v2_07/question_only/train_100k,across-training-seed mean and sample standard deviation (ddof=1). NOT a confidence interval and NOT evaluation-sampling uncertainty,results/experiments/v2_07_scaling/results.json,852206e1b0a404955ed66c5b56a3b9bd7215c15fb35b438dd703cc6c497b79fc,v2_dev,train_100k,question_only,0|1|2|3|42,5,0.48294,0.00151,,NO_INTERVAL: this row carries training-seed dispersion only,NOT_APPLICABLE,7714,768,100,v2_closed_vocab_top1_index_match,SECONDARY,DESCRIPTIVE_ONLY,READY_SEED_ONLY_NO_INTERVAL,best development epoch,,VE0-FIG-03|VE0-FIG-A2,VE0-TAB-01|VE0-TAB-A2|VE0-TAB-A3,R1_BASELINES_AND_FUSION|R3_SCALING_BEHAVIOUR|R_APPENDIX_REPRESENTATION|R_APPENDIX_STATISTICS,SLIDE-05-SCALE-CLOSES-THE-GAP|SLIDE-BACKUP-SEED-STABILITY,VE0-FIG-A2,"Development-set result on one GQA subset. The clean test is embargoed and unread, so no held-out generalisation is claimed. v2_07 ACCEPTED DOCUMENTED LIMITATION. No image-clustered evaluation interval is available for this family: row-level reconstruction was attempted and stopped by a point-estimate reproduction mismatch, and one of forty cells differs from reconstruction by one numerically tied row (v2_07::question_only::train_250k::seed2::normal, stored 0.49767 against recomputed 0.49754, a single float32 argmax tie on row index 6213 of 7,714). Report per-seed means and the across-training-seed sample sd only. No post-hoc partial-family reconstruction is authorised."
EV-SEED-v2_07.question_only.train_250k,SEED,v2_07,S05_TRAINING_SCALE,CORE,v2_07/question_only/train_250k,across-training-seed mean and sample standard deviation (ddof=1). NOT a confidence interval and NOT evaluation-sampling uncertainty,results/experiments/v2_07_scaling/results.json,852206e1b0a404955ed66c5b56a3b9bd7215c15fb35b438dd703cc6c497b79fc,v2_dev,train_250k,question_only,0|1|2|3|42,5,0.49769,0.00439,,NO_INTERVAL: this row carries training-seed dispersion only,NOT_APPLICABLE,7714,768,100,v2_closed_vocab_top1_index_match,SECONDARY,DESCRIPTIVE_ONLY,READY_SEED_ONLY_NO_INTERVAL,best development epoch,,VE0-FIG-03|VE0-FIG-A2,VE0-TAB-01|VE0-TAB-A2|VE0-TAB-A3,R1_BASELINES_AND_FUSION|R3_SCALING_BEHAVIOUR|R_APPENDIX_REPRESENTATION|R_APPENDIX_STATISTICS,SLIDE-05-SCALE-CLOSES-THE-GAP|SLIDE-BACKUP-SEED-STABILITY,VE0-FIG-A2,"Development-set result on one GQA subset. The clean test is embargoed and unread, so no held-out generalisation is claimed. v2_07 ACCEPTED DOCUMENTED LIMITATION. No image-clustered evaluation interval is available for this family: row-level reconstruction was attempted and stopped by a point-estimate reproduction mismatch, and one of forty cells differs from reconstruction by one numerically tied row (v2_07::question_only::train_250k::seed2::normal, stored 0.49767 against recomputed 0.49754, a single float32 argmax tie on row index 6213 of 7,714). Report per-seed means and the across-training-seed sample sd only. No post-hoc partial-family reconstruction is authorised."
EV-SEED-v2_07.question_only.train_40k,SEED,v2_07,S05_TRAINING_SCALE,CORE,v2_07/question_only/train_40k,across-training-seed mean and sample standard deviation (ddof=1). NOT a confidence interval and NOT evaluation-sampling uncertainty,results/experiments/v2_07_scaling/results.json,852206e1b0a404955ed66c5b56a3b9bd7215c15fb35b438dd703cc6c497b79fc,v2_dev,train_40k,question_only,0|1|2|3|42,5,0.45797,0.0029,,NO_INTERVAL: this row carries training-seed dispersion only,NOT_APPLICABLE,7714,768,100,v2_closed_vocab_top1_index_match,SECONDARY,DESCRIPTIVE_ONLY,READY_SEED_ONLY_NO_INTERVAL,best development epoch,,VE0-FIG-03|VE0-FIG-A2,VE0-TAB-01|VE0-TAB-A2|VE0-TAB-A3,R1_BASELINES_AND_FUSION|R3_SCALING_BEHAVIOUR|R_APPENDIX_REPRESENTATION|R_APPENDIX_STATISTICS,SLIDE-05-SCALE-CLOSES-THE-GAP|SLIDE-BACKUP-SEED-STABILITY,VE0-FIG-A2,"Development-set result on one GQA subset. The clean test is embargoed and unread, so no held-out generalisation is claimed. v2_07 ACCEPTED DOCUMENTED LIMITATION. No image-clustered evaluation interval is available for this family: row-level reconstruction was attempted and stopped by a point-estimate reproduction mismatch, and one of forty cells differs from reconstruction by one numerically tied row (v2_07::question_only::train_250k::seed2::normal, stored 0.49767 against recomputed 0.49754, a single float32 argmax tie on row index 6213 of 7,714). Report per-seed means and the across-training-seed sample sd only. No post-hoc partial-family reconstruction is authorised."
EV-SEED-v3_03.reasoner.train_100k,SEED,v3_03,S08_LATENT_REASONER,CORE,v3_03/reasoner/train_100k,across-training-seed mean and sample standard deviation (ddof=1). NOT a confidence interval and NOT evaluation-sampling uncertainty,results/experiments/v3_03_scaling/results.json,b618e239e051e6201b8a3b4c6833c43ceb5369a3059a07883314783012da3339,v2_dev,train_100k,reasoner,0|1|2,3,0.57061,0.0002,,NO_INTERVAL: this row carries training-seed dispersion only,NOT_APPLICABLE,7714,768,100,v2_closed_vocab_top1_index_match,SECONDARY,DESCRIPTIVE_ONLY,READY,"best development epoch, patience 10",,VE0-FIG-06|VE0-FIG-A2,VE0-TAB-A2,R5_LATENT_REASONING_AND_REPRESENTATION|R_APPENDIX_STATISTICS,SLIDE-08-BIGGER-REASONER-DID-NOT-PAY|SLIDE-BACKUP-SEED-STABILITY,VE0-FIG-A2,"Development-set result on one GQA subset. The clean test is embargoed and unread, so no held-out generalisation is claimed. A system-level comparison. Input granularity, architecture and parameter count change together, so token-level access is not isolated as the cause."
EV-SEED-v3_03.reasoner.train_250k,SEED,v3_03,S08_LATENT_REASONER,CORE,v3_03/reasoner/train_250k,across-training-seed mean and sample standard deviation (ddof=1). NOT a confidence interval and NOT evaluation-sampling uncertainty,results/experiments/v3_03_scaling/results.json,b618e239e051e6201b8a3b4c6833c43ceb5369a3059a07883314783012da3339,v2_dev,train_250k,reasoner,0|1|2,3,0.5958,0.00741,,NO_INTERVAL: this row carries training-seed dispersion only,NOT_APPLICABLE,7714,768,100,v2_closed_vocab_top1_index_match,SECONDARY,DESCRIPTIVE_ONLY,READY,"best development epoch, patience 10",,VE0-FIG-06|VE0-FIG-A2,VE0-TAB-A2,R5_LATENT_REASONING_AND_REPRESENTATION|R_APPENDIX_STATISTICS,SLIDE-08-BIGGER-REASONER-DID-NOT-PAY|SLIDE-BACKUP-SEED-STABILITY,VE0-FIG-A2,"Development-set result on one GQA subset. The clean test is embargoed and unread, so no held-out generalisation is claimed. A system-level comparison. Input granularity, architecture and parameter count change together, so token-level access is not isolated as the cause."
EV-SLC-E8A.A0p.train_250k.semantic-attr.accuracy,SLC,E8A,S06_TYPE_AND_DEPTH,DIAGNOSTIC,E8A/A0p/train_250k/semantic:attr/accuracy,accuracy on the semantic slice attr,results/experiments/e8a_question_encoder/core_analysis_g21.json,9774bd5bf4ead561635327645397314a9cc4dd7262dccc20f9c184f73ef31562,v2_dev,train_250k,A0p,0|1|2,3,0.51395,0.00152,0.50017|0.52779,"evaluation-sampling, image-clustered",represented development imageId,2964,691,100,g21_pinned_normalised_exact_match,DIAGNOSTIC,DESCRIPTIVE_ONLY,READY,"best development epoch, patience 10, at most 100 epochs",,,VE0-TAB-A1,R_APPENDIX_SLICES,,APPENDIX_SLICE_TABLES,"Development-set result on one GQA subset. The clean test is embargoed and unread, so no held-out generalisation is claimed. E8A's projected interface is a learned common width, not a naturally shared pretrained embedding space. A1 minus A1r is the only clean within-size question-side pretraining contrast; A1 minus A0p also changes the representation space and the interface. Slices are unequal and dependent; every interval is clustered on the slice's own represented development images, never on rows."
EV-SLC-E8A.A0p.train_250k.semantic-cat.accuracy,SLC,E8A,S06_TYPE_AND_DEPTH,DIAGNOSTIC,E8A/A0p/train_250k/semantic:cat/accuracy,accuracy on the semantic slice cat,results/experiments/e8a_question_encoder/core_analysis_g21.json,9774bd5bf4ead561635327645397314a9cc4dd7262dccc20f9c184f73ef31562,v2_dev,train_250k,A0p,0|1|2,3,0.63857,0.01517,0.58923|0.68417,"evaluation-sampling, image-clustered",represented development imageId,439,219,100,g21_pinned_normalised_exact_match,DIAGNOSTIC,DESCRIPTIVE_ONLY,READY,"best development epoch, patience 10, at most 100 epochs",,,VE0-TAB-A1,R_APPENDIX_SLICES,,APPENDIX_SLICE_TABLES,"Development-set result on one GQA subset. The clean test is embargoed and unread, so no held-out generalisation is claimed. E8A's projected interface is a learned common width, not a naturally shared pretrained embedding space. A1 minus A1r is the only clean within-size question-side pretraining contrast; A1 minus A0p also changes the representation space and the interface. Slices are unequal and dependent; every interval is clustered on the slice's own represented development images, never on rows."
EV-SLC-E8A.A0p.train_250k.semantic-global.accuracy,SLC,E8A,S06_TYPE_AND_DEPTH,DIAGNOSTIC,E8A/A0p/train_250k/semantic:global/accuracy,accuracy on the semantic slice global,results/experiments/e8a_question_encoder/core_analysis_g21.json,9774bd5bf4ead561635327645397314a9cc4dd7262dccc20f9c184f73ef31562,v2_dev,train_250k,A0p,0|1|2,3,0.8589,0.01623,0.81045|0.90389,"evaluation-sampling, image-clustered",represented development imageId,163,133,100,g21_pinned_normalised_exact_match,DIAGNOSTIC,DESCRIPTIVE_ONLY,READY,"best development epoch, patience 10, at most 100 epochs",,,VE0-TAB-A1,R_APPENDIX_SLICES,,APPENDIX_SLICE_TABLES,"Development-set result on one GQA subset. The clean test is embargoed and unread, so no held-out generalisation is claimed. E8A's projected interface is a learned common width, not a naturally shared pretrained embedding space. A1 minus A1r is the only clean within-size question-side pretraining contrast; A1 minus A0p also changes the representation space and the interface. Slices are unequal and dependent; every interval is clustered on the slice's own represented development images, never on rows."
EV-SLC-E8A.A0p.train_250k.semantic-obj.accuracy,SLC,E8A,S06_TYPE_AND_DEPTH,DIAGNOSTIC,E8A/A0p/train_250k/semantic:obj/accuracy,accuracy on the semantic slice obj,results/experiments/e8a_question_encoder/core_analysis_g21.json,9774bd5bf4ead561635327645397314a9cc4dd7262dccc20f9c184f73ef31562,v2_dev,train_250k,A0p,0|1|2,3,0.72108,0.00522,0.70117|0.74087,"evaluation-sampling, image-clustered",represented development imageId,1170,547,100,g21_pinned_normalised_exact_match,DIAGNOSTIC,DESCRIPTIVE_ONLY,READY,"best development epoch, patience 10, at most 100 epochs",,,VE0-TAB-A1,R_APPENDIX_SLICES,,APPENDIX_SLICE_TABLES,"Development-set result on one GQA subset. The clean test is embargoed and unread, so no held-out generalisation is claimed. E8A's projected interface is a learned common width, not a naturally shared pretrained embedding space. A1 minus A1r is the only clean within-size question-side pretraining contrast; A1 minus A0p also changes the representation space and the interface. Slices are unequal and dependent; every interval is clustered on the slice's own represented development images, never on rows."
EV-SLC-E8A.A0p.train_250k.semantic-rel.accuracy,SLC,E8A,S06_TYPE_AND_DEPTH,DIAGNOSTIC,E8A/A0p/train_250k/semantic:rel/accuracy,accuracy on the semantic slice rel,results/experiments/e8a_question_encoder/core_analysis_g21.json,9774bd5bf4ead561635327645397314a9cc4dd7262dccc20f9c184f73ef31562,v2_dev,train_250k,A0p,0|1|2,3,0.60387,0.00097,0.58426|0.62269,"evaluation-sampling, image-clustered",represented development imageId,2978,570,100,g21_pinned_normalised_exact_match,DIAGNOSTIC,DESCRIPTIVE_ONLY,READY,"best development epoch, patience 10, at most 100 epochs",,,VE0-TAB-A1,R_APPENDIX_SLICES,,APPENDIX_SLICE_TABLES,"Development-set result on one GQA subset. The clean test is embargoed and unread, so no held-out generalisation is claimed. E8A's projected interface is a learned common width, not a naturally shared pretrained embedding space. A1 minus A1r is the only clean within-size question-side pretraining contrast; A1 minus A0p also changes the representation space and the interface. Slices are unequal and dependent; every interval is clustered on the slice's own represented development images, never on rows."
EV-SLC-E8A.A0p.train_250k.steps-3.accuracy,SLC,E8A,S06_TYPE_AND_DEPTH,DIAGNOSTIC,E8A/A0p/train_250k/steps:3/accuracy,accuracy on the steps slice 3,results/experiments/e8a_question_encoder/core_analysis_g21.json,9774bd5bf4ead561635327645397314a9cc4dd7262dccc20f9c184f73ef31562,v2_dev,train_250k,A0p,0|1|2,3,0.55536,0.00796,0.53992|0.57135,"evaluation-sampling, image-clustered",represented development imageId,3330,658,100,g21_pinned_normalised_exact_match,DIAGNOSTIC,DESCRIPTIVE_ONLY,READY,"best development epoch, patience 10, at most 100 epochs",,,VE0-TAB-A1,R_APPENDIX_SLICES,,APPENDIX_SLICE_TABLES,"Development-set result on one GQA subset. The clean test is embargoed and unread, so no held-out generalisation is claimed. E8A's projected interface is a learned common width, not a naturally shared pretrained embedding space. A1 minus A1r is the only clean within-size question-side pretraining contrast; A1 minus A0p also changes the representation space and the interface. Slices are unequal and dependent; every interval is clustered on the slice's own represented development images, never on rows."
EV-SLC-E8A.A0p.train_250k.steps-4.accuracy,SLC,E8A,S06_TYPE_AND_DEPTH,DIAGNOSTIC,E8A/A0p/train_250k/steps:4/accuracy,accuracy on the steps slice 4,results/experiments/e8a_question_encoder/core_analysis_g21.json,9774bd5bf4ead561635327645397314a9cc4dd7262dccc20f9c184f73ef31562,v2_dev,train_250k,A0p,0|1|2,3,0.5728,0.02018,0.54215|0.60215,"evaluation-sampling, image-clustered",represented development imageId,870,396,100,g21_pinned_normalised_exact_match,DIAGNOSTIC,DESCRIPTIVE_ONLY,READY,"best development epoch, patience 10, at most 100 epochs",,,VE0-TAB-A1,R_APPENDIX_SLICES,,APPENDIX_SLICE_TABLES,"Development-set result on one GQA subset. The clean test is embargoed and unread, so no held-out generalisation is claimed. E8A's projected interface is a learned common width, not a naturally shared pretrained embedding space. A1 minus A1r is the only clean within-size question-side pretraining contrast; A1 minus A0p also changes the representation space and the interface. Slices are unequal and dependent; every interval is clustered on the slice's own represented development images, never on rows."
EV-SLC-E8A.A0p.train_250k.steps-ge5.accuracy,SLC,E8A,S06_TYPE_AND_DEPTH,DIAGNOSTIC,E8A/A0p/train_250k/steps:>=5/accuracy,accuracy on the steps slice >=5,results/experiments/e8a_question_encoder/core_analysis_g21.json,9774bd5bf4ead561635327645397314a9cc4dd7262dccc20f9c184f73ef31562,v2_dev,train_250k,A0p,0|1|2,3,0.71424,0.00226,0.69256|0.7358,"evaluation-sampling, image-clustered",represented development imageId,1114,531,100,g21_pinned_normalised_exact_match,DIAGNOSTIC,DESCRIPTIVE_ONLY,READY,"best development epoch, patience 10, at most 100 epochs",,,VE0-TAB-A1,R_APPENDIX_SLICES,,APPENDIX_SLICE_TABLES,"Development-set result on one GQA subset. The clean test is embargoed and unread, so no held-out generalisation is claimed. E8A's projected interface is a learned common width, not a naturally shared pretrained embedding space. A1 minus A1r is the only clean within-size question-side pretraining contrast; A1 minus A0p also changes the representation space and the interface. Slices are unequal and dependent; every interval is clustered on the slice's own represented development images, never on rows."
EV-SLC-E8A.A0p.train_250k.steps-le2.accuracy,SLC,E8A,S06_TYPE_AND_DEPTH,DIAGNOSTIC,E8A/A0p/train_250k/steps:<=2/accuracy,accuracy on the steps slice <=2,results/experiments/e8a_question_encoder/core_analysis_g21.json,9774bd5bf4ead561635327645397314a9cc4dd7262dccc20f9c184f73ef31562,v2_dev,train_250k,A0p,0|1|2,3,0.60097,0.00347,0.58492|0.61661,"evaluation-sampling, image-clustered",represented development imageId,2400,674,100,g21_pinned_normalised_exact_match,DIAGNOSTIC,DESCRIPTIVE_ONLY,READY,"best development epoch, patience 10, at most 100 epochs",,,VE0-TAB-A1,R_APPENDIX_SLICES,,APPENDIX_SLICE_TABLES,"Development-set result on one GQA subset. The clean test is embargoed and unread, so no held-out generalisation is claimed. E8A's projected interface is a learned common width, not a naturally shared pretrained embedding space. A1 minus A1r is the only clean within-size question-side pretraining contrast; A1 minus A0p also changes the representation space and the interface. Slices are unequal and dependent; every interval is clustered on the slice's own represented development images, never on rows."
EV-SLC-E8A.A0p.train_250k.structural-choose.accuracy,SLC,E8A,S06_TYPE_AND_DEPTH,DIAGNOSTIC,E8A/A0p/train_250k/structural:choose/accuracy,accuracy on the structural slice choose,results/experiments/e8a_question_encoder/core_analysis_g21.json,9774bd5bf4ead561635327645397314a9cc4dd7262dccc20f9c184f73ef31562,v2_dev,train_250k,A0p,0|1|2,3,0.67115,0.01153,0.64953|0.69314,"evaluation-sampling, image-clustered",represented development imageId,1042,465,100,g21_pinned_normalised_exact_match,DIAGNOSTIC,DESCRIPTIVE_ONLY,READY,"best development epoch, patience 10, at most 100 epochs",,,VE0-TAB-A1,R_APPENDIX_SLICES,,APPENDIX_SLICE_TABLES,"Development-set result on one GQA subset. The clean test is embargoed and unread, so no held-out generalisation is claimed. E8A's projected interface is a learned common width, not a naturally shared pretrained embedding space. A1 minus A1r is the only clean within-size question-side pretraining contrast; A1 minus A0p also changes the representation space and the interface. Slices are unequal and dependent; every interval is clustered on the slice's own represented development images, never on rows."
EV-SLC-E8A.A0p.train_250k.structural-compare.accuracy,SLC,E8A,S06_TYPE_AND_DEPTH,DIAGNOSTIC,E8A/A0p/train_250k/structural:compare/accuracy,accuracy on the structural slice compare,results/experiments/e8a_question_encoder/core_analysis_g21.json,9774bd5bf4ead561635327645397314a9cc4dd7262dccc20f9c184f73ef31562,v2_dev,train_250k,A0p,0|1|2,3,0.59934,0.01194,0.56311|0.63574,"evaluation-sampling, image-clustered",represented development imageId,302,226,100,g21_pinned_normalised_exact_match,DIAGNOSTIC,DESCRIPTIVE_ONLY,READY,"best development epoch, patience 10, at most 100 epochs",,,VE0-TAB-A1,R_APPENDIX_SLICES,,APPENDIX_SLICE_TABLES,"Development-set result on one GQA subset. The clean test is embargoed and unread, so no held-out generalisation is claimed. E8A's projected interface is a learned common width, not a naturally shared pretrained embedding space. A1 minus A1r is the only clean within-size question-side pretraining contrast; A1 minus A0p also changes the representation space and the interface. Slices are unequal and dependent; every interval is clustered on the slice's own represented development images, never on rows."
EV-SLC-E8A.A0p.train_250k.structural-logical.accuracy,SLC,E8A,S06_TYPE_AND_DEPTH,DIAGNOSTIC,E8A/A0p/train_250k/structural:logical/accuracy,accuracy on the structural slice logical,results/experiments/e8a_question_encoder/core_analysis_g21.json,9774bd5bf4ead561635327645397314a9cc4dd7262dccc20f9c184f73ef31562,v2_dev,train_250k,A0p,0|1|2,3,0.69552,0.01024,0.67546|0.71566,"evaluation-sampling, image-clustered",represented development imageId,1236,561,100,g21_pinned_normalised_exact_match,DIAGNOSTIC,DESCRIPTIVE_ONLY,READY,"best development epoch, patience 10, at most 100 epochs",,,VE0-TAB-A1,R_APPENDIX_SLICES,,APPENDIX_SLICE_TABLES,"Development-set result on one GQA subset. The clean test is embargoed and unread, so no held-out generalisation is claimed. E8A's projected interface is a learned common width, not a naturally shared pretrained embedding space. A1 minus A1r is the only clean within-size question-side pretraining contrast; A1 minus A0p also changes the representation space and the interface. Slices are unequal and dependent; every interval is clustered on the slice's own represented development images, never on rows."
EV-SLC-E8A.A0p.train_250k.structural-query.accuracy,SLC,E8A,S06_TYPE_AND_DEPTH,DIAGNOSTIC,E8A/A0p/train_250k/structural:query/accuracy,accuracy on the structural slice query,results/experiments/e8a_question_encoder/core_analysis_g21.json,9774bd5bf4ead561635327645397314a9cc4dd7262dccc20f9c184f73ef31562,v2_dev,train_250k,A0p,0|1|2,3,0.51847,0.01209,0.49685|0.5405,"evaluation-sampling, image-clustered",represented development imageId,3104,687,100,g21_pinned_normalised_exact_match,DIAGNOSTIC,DESCRIPTIVE_ONLY,READY,"best development epoch, patience 10, at most 100 epochs",,,VE0-TAB-A1,R_APPENDIX_SLICES,,APPENDIX_SLICE_TABLES,"Development-set result on one GQA subset. The clean test is embargoed and unread, so no held-out generalisation is claimed. E8A's projected interface is a learned common width, not a naturally shared pretrained embedding space. A1 minus A1r is the only clean within-size question-side pretraining contrast; A1 minus A0p also changes the representation space and the interface. Slices are unequal and dependent; every interval is clustered on the slice's own represented development images, never on rows."
EV-SLC-E8A.A0p.train_250k.structural-verify.accuracy,SLC,E8A,S06_TYPE_AND_DEPTH,DIAGNOSTIC,E8A/A0p/train_250k/structural:verify/accuracy,accuracy on the structural slice verify,results/experiments/e8a_question_encoder/core_analysis_g21.json,9774bd5bf4ead561635327645397314a9cc4dd7262dccc20f9c184f73ef31562,v2_dev,train_250k,A0p,0|1|2,3,0.60903,0.00828,0.59372|0.6242,"evaluation-sampling, image-clustered",represented development imageId,2030,615,100,g21_pinned_normalised_exact_match,DIAGNOSTIC,DESCRIPTIVE_ONLY,READY,"best development epoch, patience 10, at most 100 epochs",,,VE0-TAB-A1,R_APPENDIX_SLICES,,APPENDIX_SLICE_TABLES,"Development-set result on one GQA subset. The clean test is embargoed and unread, so no held-out generalisation is claimed. E8A's projected interface is a learned common width, not a naturally shared pretrained embedding space. A1 minus A1r is the only clean within-size question-side pretraining contrast; A1 minus A0p also changes the representation space and the interface. Slices are unequal and dependent; every interval is clustered on the slice's own represented development images, never on rows."
EV-SLC-E8A.A0p.train_40k.semantic-attr.accuracy,SLC,E8A,S06_TYPE_AND_DEPTH,DIAGNOSTIC,E8A/A0p/train_40k/semantic:attr/accuracy,accuracy on the semantic slice attr,results/experiments/e8a_question_encoder/core_analysis_g21.json,9774bd5bf4ead561635327645397314a9cc4dd7262dccc20f9c184f73ef31562,v2_dev,train_40k,A0p,0|1|2,3,0.48201,0.00624,0.46877|0.496,"evaluation-sampling, image-clustered",represented development imageId,2964,691,100,g21_pinned_normalised_exact_match,DIAGNOSTIC,DESCRIPTIVE_ONLY,READY,"best development epoch, patience 10, at most 100 epochs",,,VE0-TAB-A1,R_APPENDIX_SLICES,,APPENDIX_SLICE_TABLES,"Development-set result on one GQA subset. The clean test is embargoed and unread, so no held-out generalisation is claimed. E8A's projected interface is a learned common width, not a naturally shared pretrained embedding space. A1 minus A1r is the only clean within-size question-side pretraining contrast; A1 minus A0p also changes the representation space and the interface. Slices are unequal and dependent; every interval is clustered on the slice's own represented development images, never on rows."
EV-SLC-E8A.A0p.train_40k.semantic-cat.accuracy,SLC,E8A,S06_TYPE_AND_DEPTH,DIAGNOSTIC,E8A/A0p/train_40k/semantic:cat/accuracy,accuracy on the semantic slice cat,results/experiments/e8a_question_encoder/core_analysis_g21.json,9774bd5bf4ead561635327645397314a9cc4dd7262dccc20f9c184f73ef31562,v2_dev,train_40k,A0p,0|1|2,3,0.58466,0.02338,0.53364|0.63377,"evaluation-sampling, image-clustered",represented development imageId,439,219,100,g21_pinned_normalised_exact_match,DIAGNOSTIC,DESCRIPTIVE_ONLY,READY,"best development epoch, patience 10, at most 100 epochs",,,VE0-TAB-A1,R_APPENDIX_SLICES,,APPENDIX_SLICE_TABLES,"Development-set result on one GQA subset. The clean test is embargoed and unread, so no held-out generalisation is claimed. E8A's projected interface is a learned common width, not a naturally shared pretrained embedding space. A1 minus A1r is the only clean within-size question-side pretraining contrast; A1 minus A0p also changes the representation space and the interface. Slices are unequal and dependent; every interval is clustered on the slice's own represented development images, never on rows."
EV-SLC-E8A.A0p.train_40k.semantic-global.accuracy,SLC,E8A,S06_TYPE_AND_DEPTH,DIAGNOSTIC,E8A/A0p/train_40k/semantic:global/accuracy,accuracy on the semantic slice global,results/experiments/e8a_question_encoder/core_analysis_g21.json,9774bd5bf4ead561635327645397314a9cc4dd7262dccc20f9c184f73ef31562,v2_dev,train_40k,A0p,0|1|2,3,0.81595,0.01063,0.76534|0.8667,"evaluation-sampling, image-clustered",represented development imageId,163,133,100,g21_pinned_normalised_exact_match,DIAGNOSTIC,DESCRIPTIVE_ONLY,READY,"best development epoch, patience 10, at most 100 epochs",,,VE0-TAB-A1,R_APPENDIX_SLICES,,APPENDIX_SLICE_TABLES,"Development-set result on one GQA subset. The clean test is embargoed and unread, so no held-out generalisation is claimed. E8A's projected interface is a learned common width, not a naturally shared pretrained embedding space. A1 minus A1r is the only clean within-size question-side pretraining contrast; A1 minus A0p also changes the representation space and the interface. Slices are unequal and dependent; every interval is clustered on the slice's own represented development images, never on rows."
EV-SLC-E8A.A0p.train_40k.semantic-obj.accuracy,SLC,E8A,S06_TYPE_AND_DEPTH,DIAGNOSTIC,E8A/A0p/train_40k/semantic:obj/accuracy,accuracy on the semantic slice obj,results/experiments/e8a_question_encoder/core_analysis_g21.json,9774bd5bf4ead561635327645397314a9cc4dd7262dccc20f9c184f73ef31562,v2_dev,train_40k,A0p,0|1|2,3,0.62194,0.0168,0.60143|0.64301,"evaluation-sampling, image-clustered",represented development imageId,1170,547,100,g21_pinned_normalised_exact_match,DIAGNOSTIC,DESCRIPTIVE_ONLY,READY,"best development epoch, patience 10, at most 100 epochs",,,VE0-TAB-A1,R_APPENDIX_SLICES,,APPENDIX_SLICE_TABLES,"Development-set result on one GQA subset. The clean test is embargoed and unread, so no held-out generalisation is claimed. E8A's projected interface is a learned common width, not a naturally shared pretrained embedding space. A1 minus A1r is the only clean within-size question-side pretraining contrast; A1 minus A0p also changes the representation space and the interface. Slices are unequal and dependent; every interval is clustered on the slice's own represented development images, never on rows."
EV-SLC-E8A.A0p.train_40k.semantic-rel.accuracy,SLC,E8A,S06_TYPE_AND_DEPTH,DIAGNOSTIC,E8A/A0p/train_40k/semantic:rel/accuracy,accuracy on the semantic slice rel,results/experiments/e8a_question_encoder/core_analysis_g21.json,9774bd5bf4ead561635327645397314a9cc4dd7262dccc20f9c184f73ef31562,v2_dev,train_40k,A0p,0|1|2,3,0.545,0.02182,0.52537|0.56501,"evaluation-sampling, image-clustered",represented development imageId,2978,570,100,g21_pinned_normalised_exact_match,DIAGNOSTIC,DESCRIPTIVE_ONLY,READY,"best development epoch, patience 10, at most 100 epochs",,,VE0-TAB-A1,R_APPENDIX_SLICES,,APPENDIX_SLICE_TABLES,"Development-set result on one GQA subset. The clean test is embargoed and unread, so no held-out generalisation is claimed. E8A's projected interface is a learned common width, not a naturally shared pretrained embedding space. A1 minus A1r is the only clean within-size question-side pretraining contrast; A1 minus A0p also changes the representation space and the interface. Slices are unequal and dependent; every interval is clustered on the slice's own represented development images, never on rows."
EV-SLC-E8A.A0p.train_40k.steps-3.accuracy,SLC,E8A,S06_TYPE_AND_DEPTH,DIAGNOSTIC,E8A/A0p/train_40k/steps:3/accuracy,accuracy on the steps slice 3,results/experiments/e8a_question_encoder/core_analysis_g21.json,9774bd5bf4ead561635327645397314a9cc4dd7262dccc20f9c184f73ef31562,v2_dev,train_40k,A0p,0|1|2,3,0.50731,0.00313,0.49094|0.52392,"evaluation-sampling, image-clustered",represented development imageId,3330,658,100,g21_pinned_normalised_exact_match,DIAGNOSTIC,DESCRIPTIVE_ONLY,READY,"best development epoch, patience 10, at most 100 epochs",,,VE0-TAB-A1,R_APPENDIX_SLICES,,APPENDIX_SLICE_TABLES,"Development-set result on one GQA subset. The clean test is embargoed and unread, so no held-out generalisation is claimed. E8A's projected interface is a learned common width, not a naturally shared pretrained embedding space. A1 minus A1r is the only clean within-size question-side pretraining contrast; A1 minus A0p also changes the representation space and the interface. Slices are unequal and dependent; every interval is clustered on the slice's own represented development images, never on rows."
EV-SLC-E8A.A0p.train_40k.steps-4.accuracy,SLC,E8A,S06_TYPE_AND_DEPTH,DIAGNOSTIC,E8A/A0p/train_40k/steps:4/accuracy,accuracy on the steps slice 4,results/experiments/e8a_question_encoder/core_analysis_g21.json,9774bd5bf4ead561635327645397314a9cc4dd7262dccc20f9c184f73ef31562,v2_dev,train_40k,A0p,0|1|2,3,0.53295,0.03035,0.50381|0.56314,"evaluation-sampling, image-clustered",represented development imageId,870,396,100,g21_pinned_normalised_exact_match,DIAGNOSTIC,DESCRIPTIVE_ONLY,READY,"best development epoch, patience 10, at most 100 epochs",,,VE0-TAB-A1,R_APPENDIX_SLICES,,APPENDIX_SLICE_TABLES,"Development-set result on one GQA subset. The clean test is embargoed and unread, so no held-out generalisation is claimed. E8A's projected interface is a learned common width, not a naturally shared pretrained embedding space. A1 minus A1r is the only clean within-size question-side pretraining contrast; A1 minus A0p also changes the representation space and the interface. Slices are unequal and dependent; every interval is clustered on the slice's own represented development images, never on rows."
EV-SLC-E8A.A0p.train_40k.steps-ge5.accuracy,SLC,E8A,S06_TYPE_AND_DEPTH,DIAGNOSTIC,E8A/A0p/train_40k/steps:>=5/accuracy,accuracy on the steps slice >=5,results/experiments/e8a_question_encoder/core_analysis_g21.json,9774bd5bf4ead561635327645397314a9cc4dd7262dccc20f9c184f73ef31562,v2_dev,train_40k,A0p,0|1|2,3,0.62208,0.01855,0.60188|0.64383,"evaluation-sampling, image-clustered",represented development imageId,1114,531,100,g21_pinned_normalised_exact_match,DIAGNOSTIC,DESCRIPTIVE_ONLY,READY,"best development epoch, patience 10, at most 100 epochs",,,VE0-TAB-A1,R_APPENDIX_SLICES,,APPENDIX_SLICE_TABLES,"Development-set result on one GQA subset. The clean test is embargoed and unread, so no held-out generalisation is claimed. E8A's projected interface is a learned common width, not a naturally shared pretrained embedding space. A1 minus A1r is the only clean within-size question-side pretraining contrast; A1 minus A0p also changes the representation space and the interface. Slices are unequal and dependent; every interval is clustered on the slice's own represented development images, never on rows."
EV-SLC-E8A.A0p.train_40k.steps-le2.accuracy,SLC,E8A,S06_TYPE_AND_DEPTH,DIAGNOSTIC,E8A/A0p/train_40k/steps:<=2/accuracy,accuracy on the steps slice <=2,results/experiments/e8a_question_encoder/core_analysis_g21.json,9774bd5bf4ead561635327645397314a9cc4dd7262dccc20f9c184f73ef31562,v2_dev,train_40k,A0p,0|1|2,3,0.55125,0.00711,0.53467|0.56767,"evaluation-sampling, image-clustered",represented development imageId,2400,674,100,g21_pinned_normalised_exact_match,DIAGNOSTIC,DESCRIPTIVE_ONLY,READY,"best development epoch, patience 10, at most 100 epochs",,,VE0-TAB-A1,R_APPENDIX_SLICES,,APPENDIX_SLICE_TABLES,"Development-set result on one GQA subset. The clean test is embargoed and unread, so no held-out generalisation is claimed. E8A's projected interface is a learned common width, not a naturally shared pretrained embedding space. A1 minus A1r is the only clean within-size question-side pretraining contrast; A1 minus A0p also changes the representation space and the interface. Slices are unequal and dependent; every interval is clustered on the slice's own represented development images, never on rows."
EV-SLC-E8A.A0p.train_40k.structural-choose.accuracy,SLC,E8A,S06_TYPE_AND_DEPTH,DIAGNOSTIC,E8A/A0p/train_40k/structural:choose/accuracy,accuracy on the structural slice choose,results/experiments/e8a_question_encoder/core_analysis_g21.json,9774bd5bf4ead561635327645397314a9cc4dd7262dccc20f9c184f73ef31562,v2_dev,train_40k,A0p,0|1|2,3,0.62572,0.0158,0.60375|0.64822,"evaluation-sampling, image-clustered",represented development imageId,1042,465,100,g21_pinned_normalised_exact_match,DIAGNOSTIC,DESCRIPTIVE_ONLY,READY,"best development epoch, patience 10, at most 100 epochs",,,VE0-TAB-A1,R_APPENDIX_SLICES,,APPENDIX_SLICE_TABLES,"Development-set result on one GQA subset. The clean test is embargoed and unread, so no held-out generalisation is claimed. E8A's projected interface is a learned common width, not a naturally shared pretrained embedding space. A1 minus A1r is the only clean within-size question-side pretraining contrast; A1 minus A0p also changes the representation space and the interface. Slices are unequal and dependent; every interval is clustered on the slice's own represented development images, never on rows."
EV-SLC-E8A.A0p.train_40k.structural-compare.accuracy,SLC,E8A,S06_TYPE_AND_DEPTH,DIAGNOSTIC,E8A/A0p/train_40k/structural:compare/accuracy,accuracy on the structural slice compare,results/experiments/e8a_question_encoder/core_analysis_g21.json,9774bd5bf4ead561635327645397314a9cc4dd7262dccc20f9c184f73ef31562,v2_dev,train_40k,A0p,0|1|2,3,0.60375,0.03978,0.5625|0.64422,"evaluation-sampling, image-clustered",represented development imageId,302,226,100,g21_pinned_normalised_exact_match,DIAGNOSTIC,DESCRIPTIVE_ONLY,READY,"best development epoch, patience 10, at most 100 epochs",,,VE0-TAB-A1,R_APPENDIX_SLICES,,APPENDIX_SLICE_TABLES,"Development-set result on one GQA subset. The clean test is embargoed and unread, so no held-out generalisation is claimed. E8A's projected interface is a learned common width, not a naturally shared pretrained embedding space. A1 minus A1r is the only clean within-size question-side pretraining contrast; A1 minus A0p also changes the representation space and the interface. Slices are unequal and dependent; every interval is clustered on the slice's own represented development images, never on rows."
EV-SLC-E8A.A0p.train_40k.structural-logical.accuracy,SLC,E8A,S06_TYPE_AND_DEPTH,DIAGNOSTIC,E8A/A0p/train_40k/structural:logical/accuracy,accuracy on the structural slice logical,results/experiments/e8a_question_encoder/core_analysis_g21.json,9774bd5bf4ead561635327645397314a9cc4dd7262dccc20f9c184f73ef31562,v2_dev,train_40k,A0p,0|1|2,3,0.60518,0.01624,0.58479|0.62612,"evaluation-sampling, image-clustered",represented development imageId,1236,561,100,g21_pinned_normalised_exact_match,DIAGNOSTIC,DESCRIPTIVE_ONLY,READY,"best development epoch, patience 10, at most 100 epochs",,,VE0-TAB-A1,R_APPENDIX_SLICES,,APPENDIX_SLICE_TABLES,"Development-set result on one GQA subset. The clean test is embargoed and unread, so no held-out generalisation is claimed. E8A's projected interface is a learned common width, not a naturally shared pretrained embedding space. A1 minus A1r is the only clean within-size question-side pretraining contrast; A1 minus A0p also changes the representation space and the interface. Slices are unequal and dependent; every interval is clustered on the slice's own represented development images, never on rows."
EV-SLC-E8A.A0p.train_40k.structural-query.accuracy,SLC,E8A,S06_TYPE_AND_DEPTH,DIAGNOSTIC,E8A/A0p/train_40k/structural:query/accuracy,accuracy on the structural slice query,results/experiments/e8a_question_encoder/core_analysis_g21.json,9774bd5bf4ead561635327645397314a9cc4dd7262dccc20f9c184f73ef31562,v2_dev,train_40k,A0p,0|1|2,3,0.47541,0.01202,0.45461|0.4981,"evaluation-sampling, image-clustered",represented development imageId,3104,687,100,g21_pinned_normalised_exact_match,DIAGNOSTIC,DESCRIPTIVE_ONLY,READY,"best development epoch, patience 10, at most 100 epochs",,,VE0-TAB-A1,R_APPENDIX_SLICES,,APPENDIX_SLICE_TABLES,"Development-set result on one GQA subset. The clean test is embargoed and unread, so no held-out generalisation is claimed. E8A's projected interface is a learned common width, not a naturally shared pretrained embedding space. A1 minus A1r is the only clean within-size question-side pretraining contrast; A1 minus A0p also changes the representation space and the interface. Slices are unequal and dependent; every interval is clustered on the slice's own represented development images, never on rows."
EV-SLC-E8A.A0p.train_40k.structural-verify.accuracy,SLC,E8A,S06_TYPE_AND_DEPTH,DIAGNOSTIC,E8A/A0p/train_40k/structural:verify/accuracy,accuracy on the structural slice verify,results/experiments/e8a_question_encoder/core_analysis_g21.json,9774bd5bf4ead561635327645397314a9cc4dd7262dccc20f9c184f73ef31562,v2_dev,train_40k,A0p,0|1|2,3,0.54729,0.01234,0.53109|0.56323,"evaluation-sampling, image-clustered",represented development imageId,2030,615,100,g21_pinned_normalised_exact_match,DIAGNOSTIC,DESCRIPTIVE_ONLY,READY,"best development epoch, patience 10, at most 100 epochs",,,VE0-TAB-A1,R_APPENDIX_SLICES,,APPENDIX_SLICE_TABLES,"Development-set result on one GQA subset. The clean test is embargoed and unread, so no held-out generalisation is claimed. E8A's projected interface is a learned common width, not a naturally shared pretrained embedding space. A1 minus A1r is the only clean within-size question-side pretraining contrast; A1 minus A0p also changes the representation space and the interface. Slices are unequal and dependent; every interval is clustered on the slice's own represented development images, never on rows."
EV-SLC-E8A.A1.train_250k.semantic-attr.accuracy,SLC,E8A,S06_TYPE_AND_DEPTH,DIAGNOSTIC,E8A/A1/train_250k/semantic:attr/accuracy,accuracy on the semantic slice attr,results/experiments/e8a_question_encoder/core_analysis_g21.json,9774bd5bf4ead561635327645397314a9cc4dd7262dccc20f9c184f73ef31562,v2_dev,train_250k,A1,0|1|2,3,0.50124,0.01282,0.48818|0.51424,"evaluation-sampling, image-clustered",represented development imageId,2964,691,100,g21_pinned_normalised_exact_match,DIAGNOSTIC,DESCRIPTIVE_ONLY,READY,"best development epoch, patience 10, at most 100 epochs",,,VE0-TAB-A1,R_APPENDIX_SLICES,,APPENDIX_SLICE_TABLES,"Development-set result on one GQA subset. The clean test is embargoed and unread, so no held-out generalisation is claimed. E8A's projected interface is a learned common width, not a naturally shared pretrained embedding space. A1 minus A1r is the only clean within-size question-side pretraining contrast; A1 minus A0p also changes the representation space and the interface. Slices are unequal and dependent; every interval is clustered on the slice's own represented development images, never on rows."
EV-SLC-E8A.A1.train_250k.semantic-cat.accuracy,SLC,E8A,S06_TYPE_AND_DEPTH,DIAGNOSTIC,E8A/A1/train_250k/semantic:cat/accuracy,accuracy on the semantic slice cat,results/experiments/e8a_question_encoder/core_analysis_g21.json,9774bd5bf4ead561635327645397314a9cc4dd7262dccc20f9c184f73ef31562,v2_dev,train_250k,A1,0|1|2,3,0.61731,0.02762,0.56674|0.66594,"evaluation-sampling, image-clustered",represented development imageId,439,219,100,g21_pinned_normalised_exact_match,DIAGNOSTIC,DESCRIPTIVE_ONLY,READY,"best development epoch, patience 10, at most 100 epochs",,,VE0-TAB-A1,R_APPENDIX_SLICES,,APPENDIX_SLICE_TABLES,"Development-set result on one GQA subset. The clean test is embargoed and unread, so no held-out generalisation is claimed. E8A's projected interface is a learned common width, not a naturally shared pretrained embedding space. A1 minus A1r is the only clean within-size question-side pretraining contrast; A1 minus A0p also changes the representation space and the interface. Slices are unequal and dependent; every interval is clustered on the slice's own represented development images, never on rows."
EV-SLC-E8A.A1.train_250k.semantic-global.accuracy,SLC,E8A,S06_TYPE_AND_DEPTH,DIAGNOSTIC,E8A/A1/train_250k/semantic:global/accuracy,accuracy on the semantic slice global,results/experiments/e8a_question_encoder/core_analysis_g21.json,9774bd5bf4ead561635327645397314a9cc4dd7262dccc20f9c184f73ef31562,v2_dev,train_250k,A1,0|1|2,3,0.86094,0.00937,0.81687|0.90357,"evaluation-sampling, image-clustered",represented development imageId,163,133,100,g21_pinned_normalised_exact_match,DIAGNOSTIC,DESCRIPTIVE_ONLY,READY,"best development epoch, patience 10, at most 100 epochs",,,VE0-TAB-A1,R_APPENDIX_SLICES,,APPENDIX_SLICE_TABLES,"Development-set result on one GQA subset. The clean test is embargoed and unread, so no held-out generalisation is claimed. E8A's projected interface is a learned common width, not a naturally shared pretrained embedding space. A1 minus A1r is the only clean within-size question-side pretraining contrast; A1 minus A0p also changes the representation space and the interface. Slices are unequal and dependent; every interval is clustered on the slice's own represented development images, never on rows."
EV-SLC-E8A.A1.train_250k.semantic-obj.accuracy,SLC,E8A,S06_TYPE_AND_DEPTH,DIAGNOSTIC,E8A/A1/train_250k/semantic:obj/accuracy,accuracy on the semantic slice obj,results/experiments/e8a_question_encoder/core_analysis_g21.json,9774bd5bf4ead561635327645397314a9cc4dd7262dccc20f9c184f73ef31562,v2_dev,train_250k,A1,0|1|2,3,0.6792,0.0116,0.65826|0.69989,"evaluation-sampling, image-clustered",represented development imageId,1170,547,100,g21_pinned_normalised_exact_match,DIAGNOSTIC,DESCRIPTIVE_ONLY,READY,"best development epoch, patience 10, at most 100 epochs",,,VE0-TAB-A1,R_APPENDIX_SLICES,,APPENDIX_SLICE_TABLES,"Development-set result on one GQA subset. The clean test is embargoed and unread, so no held-out generalisation is claimed. E8A's projected interface is a learned common width, not a naturally shared pretrained embedding space. A1 minus A1r is the only clean within-size question-side pretraining contrast; A1 minus A0p also changes the representation space and the interface. Slices are unequal and dependent; every interval is clustered on the slice's own represented development images, never on rows."
EV-SLC-E8A.A1.train_250k.semantic-rel.accuracy,SLC,E8A,S06_TYPE_AND_DEPTH,DIAGNOSTIC,E8A/A1/train_250k/semantic:rel/accuracy,accuracy on the semantic slice rel,results/experiments/e8a_question_encoder/core_analysis_g21.json,9774bd5bf4ead561635327645397314a9cc4dd7262dccc20f9c184f73ef31562,v2_dev,train_250k,A1,0|1|2,3,0.58081,0.00356,0.56113|0.59975,"evaluation-sampling, image-clustered",represented development imageId,2978,570,100,g21_pinned_normalised_exact_match,DIAGNOSTIC,DESCRIPTIVE_ONLY,READY,"best development epoch, patience 10, at most 100 epochs",,,VE0-TAB-A1,R_APPENDIX_SLICES,,APPENDIX_SLICE_TABLES,"Development-set result on one GQA subset. The clean test is embargoed and unread, so no held-out generalisation is claimed. E8A's projected interface is a learned common width, not a naturally shared pretrained embedding space. A1 minus A1r is the only clean within-size question-side pretraining contrast; A1 minus A0p also changes the representation space and the interface. Slices are unequal and dependent; every interval is clustered on the slice's own represented development images, never on rows."
EV-SLC-E8A.A1.train_250k.steps-3.accuracy,SLC,E8A,S06_TYPE_AND_DEPTH,DIAGNOSTIC,E8A/A1/train_250k/steps:3/accuracy,accuracy on the steps slice 3,results/experiments/e8a_question_encoder/core_analysis_g21.json,9774bd5bf4ead561635327645397314a9cc4dd7262dccc20f9c184f73ef31562,v2_dev,train_250k,A1,0|1|2,3,0.53383,0.0063,0.51646|0.5514,"evaluation-sampling, image-clustered",represented development imageId,3330,658,100,g21_pinned_normalised_exact_match,DIAGNOSTIC,DESCRIPTIVE_ONLY,READY,"best development epoch, patience 10, at most 100 epochs",,,VE0-TAB-A1,R_APPENDIX_SLICES,,APPENDIX_SLICE_TABLES,"Development-set result on one GQA subset. The clean test is embargoed and unread, so no held-out generalisation is claimed. E8A's projected interface is a learned common width, not a naturally shared pretrained embedding space. A1 minus A1r is the only clean within-size question-side pretraining contrast; A1 minus A0p also changes the representation space and the interface. Slices are unequal and dependent; every interval is clustered on the slice's own represented development images, never on rows."
EV-SLC-E8A.A1.train_250k.steps-4.accuracy,SLC,E8A,S06_TYPE_AND_DEPTH,DIAGNOSTIC,E8A/A1/train_250k/steps:4/accuracy,accuracy on the steps slice 4,results/experiments/e8a_question_encoder/core_analysis_g21.json,9774bd5bf4ead561635327645397314a9cc4dd7262dccc20f9c184f73ef31562,v2_dev,train_250k,A1,0|1|2,3,0.55057,0.01494,0.5213|0.58095,"evaluation-sampling, image-clustered",represented development imageId,870,396,100,g21_pinned_normalised_exact_match,DIAGNOSTIC,DESCRIPTIVE_ONLY,READY,"best development epoch, patience 10, at most 100 epochs",,,VE0-TAB-A1,R_APPENDIX_SLICES,,APPENDIX_SLICE_TABLES,"Development-set result on one GQA subset. The clean test is embargoed and unread, so no held-out generalisation is claimed. E8A's projected interface is a learned common width, not a naturally shared pretrained embedding space. A1 minus A1r is the only clean within-size question-side pretraining contrast; A1 minus A0p also changes the representation space and the interface. Slices are unequal and dependent; every interval is clustered on the slice's own represented development images, never on rows."
EV-SLC-E8A.A1.train_250k.steps-ge5.accuracy,SLC,E8A,S06_TYPE_AND_DEPTH,DIAGNOSTIC,E8A/A1/train_250k/steps:>=5/accuracy,accuracy on the steps slice >=5,results/experiments/e8a_question_encoder/core_analysis_g21.json,9774bd5bf4ead561635327645397314a9cc4dd7262dccc20f9c184f73ef31562,v2_dev,train_250k,A1,0|1|2,3,0.67923,0.00363,0.65904|0.70012,"evaluation-sampling, image-clustered",represented development imageId,1114,531,100,g21_pinned_normalised_exact_match,DIAGNOSTIC,DESCRIPTIVE_ONLY,READY,"best development epoch, patience 10, at most 100 epochs",,,VE0-TAB-A1,R_APPENDIX_SLICES,,APPENDIX_SLICE_TABLES,"Development-set result on one GQA subset. The clean test is embargoed and unread, so no held-out generalisation is claimed. E8A's projected interface is a learned common width, not a naturally shared pretrained embedding space. A1 minus A1r is the only clean within-size question-side pretraining contrast; A1 minus A0p also changes the representation space and the interface. Slices are unequal and dependent; every interval is clustered on the slice's own represented development images, never on rows."
EV-SLC-E8A.A1.train_250k.steps-le2.accuracy,SLC,E8A,S06_TYPE_AND_DEPTH,DIAGNOSTIC,E8A/A1/train_250k/steps:<=2/accuracy,accuracy on the steps slice <=2,results/experiments/e8a_question_encoder/core_analysis_g21.json,9774bd5bf4ead561635327645397314a9cc4dd7262dccc20f9c184f73ef31562,v2_dev,train_250k,A1,0|1|2,3,0.58667,0.00375,0.57193|0.60214,"evaluation-sampling, image-clustered",represented development imageId,2400,674,100,g21_pinned_normalised_exact_match,DIAGNOSTIC,DESCRIPTIVE_ONLY,READY,"best development epoch, patience 10, at most 100 epochs",,,VE0-TAB-A1,R_APPENDIX_SLICES,,APPENDIX_SLICE_TABLES,"Development-set result on one GQA subset. The clean test is embargoed and unread, so no held-out generalisation is claimed. E8A's projected interface is a learned common width, not a naturally shared pretrained embedding space. A1 minus A1r is the only clean within-size question-side pretraining contrast; A1 minus A0p also changes the representation space and the interface. Slices are unequal and dependent; every interval is clustered on the slice's own represented development images, never on rows."
EV-SLC-E8A.A1.train_250k.structural-choose.accuracy,SLC,E8A,S06_TYPE_AND_DEPTH,DIAGNOSTIC,E8A/A1/train_250k/structural:choose/accuracy,accuracy on the structural slice choose,results/experiments/e8a_question_encoder/core_analysis_g21.json,9774bd5bf4ead561635327645397314a9cc4dd7262dccc20f9c184f73ef31562,v2_dev,train_250k,A1,0|1|2,3,0.64651,0.01877,0.62404|0.66972,"evaluation-sampling, image-clustered",represented development imageId,1042,465,100,g21_pinned_normalised_exact_match,DIAGNOSTIC,DESCRIPTIVE_ONLY,READY,"best development epoch, patience 10, at most 100 epochs",,,VE0-TAB-A1,R_APPENDIX_SLICES,,APPENDIX_SLICE_TABLES,"Development-set result on one GQA subset. The clean test is embargoed and unread, so no held-out generalisation is claimed. E8A's projected interface is a learned common width, not a naturally shared pretrained embedding space. A1 minus A1r is the only clean within-size question-side pretraining contrast; A1 minus A0p also changes the representation space and the interface. Slices are unequal and dependent; every interval is clustered on the slice's own represented development images, never on rows."
EV-SLC-E8A.A1.train_250k.structural-compare.accuracy,SLC,E8A,S06_TYPE_AND_DEPTH,DIAGNOSTIC,E8A/A1/train_250k/structural:compare/accuracy,accuracy on the structural slice compare,results/experiments/e8a_question_encoder/core_analysis_g21.json,9774bd5bf4ead561635327645397314a9cc4dd7262dccc20f9c184f73ef31562,v2_dev,train_250k,A1,0|1|2,3,0.60927,0.00574,0.56982|0.64605,"evaluation-sampling, image-clustered",represented development imageId,302,226,100,g21_pinned_normalised_exact_match,DIAGNOSTIC,DESCRIPTIVE_ONLY,READY,"best development epoch, patience 10, at most 100 epochs",,,VE0-TAB-A1,R_APPENDIX_SLICES,,APPENDIX_SLICE_TABLES,"Development-set result on one GQA subset. The clean test is embargoed and unread, so no held-out generalisation is claimed. E8A's projected interface is a learned common width, not a naturally shared pretrained embedding space. A1 minus A1r is the only clean within-size question-side pretraining contrast; A1 minus A0p also changes the representation space and the interface. Slices are unequal and dependent; every interval is clustered on the slice's own represented development images, never on rows."
EV-SLC-E8A.A1.train_250k.structural-logical.accuracy,SLC,E8A,S06_TYPE_AND_DEPTH,DIAGNOSTIC,E8A/A1/train_250k/structural:logical/accuracy,accuracy on the structural slice logical,results/experiments/e8a_question_encoder/core_analysis_g21.json,9774bd5bf4ead561635327645397314a9cc4dd7262dccc20f9c184f73ef31562,v2_dev,train_250k,A1,0|1|2,3,0.65534,0.00821,0.63589|0.67464,"evaluation-sampling, image-clustered",represented development imageId,1236,561,100,g21_pinned_normalised_exact_match,DIAGNOSTIC,DESCRIPTIVE_ONLY,READY,"best development epoch, patience 10, at most 100 epochs",,,VE0-TAB-A1,R_APPENDIX_SLICES,,APPENDIX_SLICE_TABLES,"Development-set result on one GQA subset. The clean test is embargoed and unread, so no held-out generalisation is claimed. E8A's projected interface is a learned common width, not a naturally shared pretrained embedding space. A1 minus A1r is the only clean within-size question-side pretraining contrast; A1 minus A0p also changes the representation space and the interface. Slices are unequal and dependent; every interval is clustered on the slice's own represented development images, never on rows."
EV-SLC-E8A.A1.train_250k.structural-query.accuracy,SLC,E8A,S06_TYPE_AND_DEPTH,DIAGNOSTIC,E8A/A1/train_250k/structural:query/accuracy,accuracy on the structural slice query,results/experiments/e8a_question_encoder/core_analysis_g21.json,9774bd5bf4ead561635327645397314a9cc4dd7262dccc20f9c184f73ef31562,v2_dev,train_250k,A1,0|1|2,3,0.50784,0.00963,0.48643|0.5307,"evaluation-sampling, image-clustered",represented development imageId,3104,687,100,g21_pinned_normalised_exact_match,DIAGNOSTIC,DESCRIPTIVE_ONLY,READY,"best development epoch, patience 10, at most 100 epochs",,,VE0-TAB-A1,R_APPENDIX_SLICES,,APPENDIX_SLICE_TABLES,"Development-set result on one GQA subset. The clean test is embargoed and unread, so no held-out generalisation is claimed. E8A's projected interface is a learned common width, not a naturally shared pretrained embedding space. A1 minus A1r is the only clean within-size question-side pretraining contrast; A1 minus A0p also changes the representation space and the interface. Slices are unequal and dependent; every interval is clustered on the slice's own represented development images, never on rows."
EV-SLC-E8A.A1.train_250k.structural-verify.accuracy,SLC,E8A,S06_TYPE_AND_DEPTH,DIAGNOSTIC,E8A/A1/train_250k/structural:verify/accuracy,accuracy on the structural slice verify,results/experiments/e8a_question_encoder/core_analysis_g21.json,9774bd5bf4ead561635327645397314a9cc4dd7262dccc20f9c184f73ef31562,v2_dev,train_250k,A1,0|1|2,3,0.57997,0.00978,0.56411|0.59534,"evaluation-sampling, image-clustered",represented development imageId,2030,615,100,g21_pinned_normalised_exact_match,DIAGNOSTIC,DESCRIPTIVE_ONLY,READY,"best development epoch, patience 10, at most 100 epochs",,,VE0-TAB-A1,R_APPENDIX_SLICES,,APPENDIX_SLICE_TABLES,"Development-set result on one GQA subset. The clean test is embargoed and unread, so no held-out generalisation is claimed. E8A's projected interface is a learned common width, not a naturally shared pretrained embedding space. A1 minus A1r is the only clean within-size question-side pretraining contrast; A1 minus A0p also changes the representation space and the interface. Slices are unequal and dependent; every interval is clustered on the slice's own represented development images, never on rows."
EV-SLC-E8A.A1.train_40k.semantic-attr.accuracy,SLC,E8A,S06_TYPE_AND_DEPTH,DIAGNOSTIC,E8A/A1/train_40k/semantic:attr/accuracy,accuracy on the semantic slice attr,results/experiments/e8a_question_encoder/core_analysis_g21.json,9774bd5bf4ead561635327645397314a9cc4dd7262dccc20f9c184f73ef31562,v2_dev,train_40k,A1,0|1|2,3,0.48032,0.00693,0.46625|0.49449,"evaluation-sampling, image-clustered",represented development imageId,2964,691,100,g21_pinned_normalised_exact_match,DIAGNOSTIC,DESCRIPTIVE_ONLY,READY,"best development epoch, patience 10, at most 100 epochs",,,VE0-TAB-A1,R_APPENDIX_SLICES,,APPENDIX_SLICE_TABLES,"Development-set result on one GQA subset. The clean test is embargoed and unread, so no held-out generalisation is claimed. E8A's projected interface is a learned common width, not a naturally shared pretrained embedding space. A1 minus A1r is the only clean within-size question-side pretraining contrast; A1 minus A0p also changes the representation space and the interface. Slices are unequal and dependent; every interval is clustered on the slice's own represented development images, never on rows."
EV-SLC-E8A.A1.train_40k.semantic-cat.accuracy,SLC,E8A,S06_TYPE_AND_DEPTH,DIAGNOSTIC,E8A/A1/train_40k/semantic:cat/accuracy,accuracy on the semantic slice cat,results/experiments/e8a_question_encoder/core_analysis_g21.json,9774bd5bf4ead561635327645397314a9cc4dd7262dccc20f9c184f73ef31562,v2_dev,train_40k,A1,0|1|2,3,0.58162,0.00948,0.53218|0.63017,"evaluation-sampling, image-clustered",represented development imageId,439,219,100,g21_pinned_normalised_exact_match,DIAGNOSTIC,DESCRIPTIVE_ONLY,READY,"best development epoch, patience 10, at most 100 epochs",,,VE0-TAB-A1,R_APPENDIX_SLICES,,APPENDIX_SLICE_TABLES,"Development-set result on one GQA subset. The clean test is embargoed and unread, so no held-out generalisation is claimed. E8A's projected interface is a learned common width, not a naturally shared pretrained embedding space. A1 minus A1r is the only clean within-size question-side pretraining contrast; A1 minus A0p also changes the representation space and the interface. Slices are unequal and dependent; every interval is clustered on the slice's own represented development images, never on rows."
EV-SLC-E8A.A1.train_40k.semantic-global.accuracy,SLC,E8A,S06_TYPE_AND_DEPTH,DIAGNOSTIC,E8A/A1/train_40k/semantic:global/accuracy,accuracy on the semantic slice global,results/experiments/e8a_question_encoder/core_analysis_g21.json,9774bd5bf4ead561635327645397314a9cc4dd7262dccc20f9c184f73ef31562,v2_dev,train_40k,A1,0|1|2,3,0.73824,0.03088,0.68888|0.78788,"evaluation-sampling, image-clustered",represented development imageId,163,133,100,g21_pinned_normalised_exact_match,DIAGNOSTIC,DESCRIPTIVE_ONLY,READY,"best development epoch, patience 10, at most 100 epochs",,,VE0-TAB-A1,R_APPENDIX_SLICES,,APPENDIX_SLICE_TABLES,"Development-set result on one GQA subset. The clean test is embargoed and unread, so no held-out generalisation is claimed. E8A's projected interface is a learned common width, not a naturally shared pretrained embedding space. A1 minus A1r is the only clean within-size question-side pretraining contrast; A1 minus A0p also changes the representation space and the interface. Slices are unequal and dependent; every interval is clustered on the slice's own represented development images, never on rows."
EV-SLC-E8A.A1.train_40k.semantic-obj.accuracy,SLC,E8A,S06_TYPE_AND_DEPTH,DIAGNOSTIC,E8A/A1/train_40k/semantic:obj/accuracy,accuracy on the semantic slice obj,results/experiments/e8a_question_encoder/core_analysis_g21.json,9774bd5bf4ead561635327645397314a9cc4dd7262dccc20f9c184f73ef31562,v2_dev,train_40k,A1,0|1|2,3,0.57151,0.0089,0.55063|0.59325,"evaluation-sampling, image-clustered",represented development imageId,1170,547,100,g21_pinned_normalised_exact_match,DIAGNOSTIC,DESCRIPTIVE_ONLY,READY,"best development epoch, patience 10, at most 100 epochs",,,VE0-TAB-A1,R_APPENDIX_SLICES,,APPENDIX_SLICE_TABLES,"Development-set result on one GQA subset. The clean test is embargoed and unread, so no held-out generalisation is claimed. E8A's projected interface is a learned common width, not a naturally shared pretrained embedding space. A1 minus A1r is the only clean within-size question-side pretraining contrast; A1 minus A0p also changes the representation space and the interface. Slices are unequal and dependent; every interval is clustered on the slice's own represented development images, never on rows."
EV-SLC-E8A.A1.train_40k.semantic-rel.accuracy,SLC,E8A,S06_TYPE_AND_DEPTH,DIAGNOSTIC,E8A/A1/train_40k/semantic:rel/accuracy,accuracy on the semantic slice rel,results/experiments/e8a_question_encoder/core_analysis_g21.json,9774bd5bf4ead561635327645397314a9cc4dd7262dccc20f9c184f73ef31562,v2_dev,train_40k,A1,0|1|2,3,0.54052,0.00185,0.52044|0.56073,"evaluation-sampling, image-clustered",represented development imageId,2978,570,100,g21_pinned_normalised_exact_match,DIAGNOSTIC,DESCRIPTIVE_ONLY,READY,"best development epoch, patience 10, at most 100 epochs",,,VE0-TAB-A1,R_APPENDIX_SLICES,,APPENDIX_SLICE_TABLES,"Development-set result on one GQA subset. The clean test is embargoed and unread, so no held-out generalisation is claimed. E8A's projected interface is a learned common width, not a naturally shared pretrained embedding space. A1 minus A1r is the only clean within-size question-side pretraining contrast; A1 minus A0p also changes the representation space and the interface. Slices are unequal and dependent; every interval is clustered on the slice's own represented development images, never on rows."
EV-SLC-E8A.A1.train_40k.steps-3.accuracy,SLC,E8A,S06_TYPE_AND_DEPTH,DIAGNOSTIC,E8A/A1/train_40k/steps:3/accuracy,accuracy on the steps slice 3,results/experiments/e8a_question_encoder/core_analysis_g21.json,9774bd5bf4ead561635327645397314a9cc4dd7262dccc20f9c184f73ef31562,v2_dev,train_40k,A1,0|1|2,3,0.5011,0.00696,0.48417|0.51797,"evaluation-sampling, image-clustered",represented development imageId,3330,658,100,g21_pinned_normalised_exact_match,DIAGNOSTIC,DESCRIPTIVE_ONLY,READY,"best development epoch, patience 10, at most 100 epochs",,,VE0-TAB-A1,R_APPENDIX_SLICES,,APPENDIX_SLICE_TABLES,"Development-set result on one GQA subset. The clean test is embargoed and unread, so no held-out generalisation is claimed. E8A's projected interface is a learned common width, not a naturally shared pretrained embedding space. A1 minus A1r is the only clean within-size question-side pretraining contrast; A1 minus A0p also changes the representation space and the interface. Slices are unequal and dependent; every interval is clustered on the slice's own represented development images, never on rows."
EV-SLC-E8A.A1.train_40k.steps-4.accuracy,SLC,E8A,S06_TYPE_AND_DEPTH,DIAGNOSTIC,E8A/A1/train_40k/steps:4/accuracy,accuracy on the steps slice 4,results/experiments/e8a_question_encoder/core_analysis_g21.json,9774bd5bf4ead561635327645397314a9cc4dd7262dccc20f9c184f73ef31562,v2_dev,train_40k,A1,0|1|2,3,0.53716,0.01092,0.50736|0.56636,"evaluation-sampling, image-clustered",represented development imageId,870,396,100,g21_pinned_normalised_exact_match,DIAGNOSTIC,DESCRIPTIVE_ONLY,READY,"best development epoch, patience 10, at most 100 epochs",,,VE0-TAB-A1,R_APPENDIX_SLICES,,APPENDIX_SLICE_TABLES,"Development-set result on one GQA subset. The clean test is embargoed and unread, so no held-out generalisation is claimed. E8A's projected interface is a learned common width, not a naturally shared pretrained embedding space. A1 minus A1r is the only clean within-size question-side pretraining contrast; A1 minus A0p also changes the representation space and the interface. Slices are unequal and dependent; every interval is clustered on the slice's own represented development images, never on rows."
EV-SLC-E8A.A1.train_40k.steps-ge5.accuracy,SLC,E8A,S06_TYPE_AND_DEPTH,DIAGNOSTIC,E8A/A1/train_40k/steps:>=5/accuracy,accuracy on the steps slice >=5,results/experiments/e8a_question_encoder/core_analysis_g21.json,9774bd5bf4ead561635327645397314a9cc4dd7262dccc20f9c184f73ef31562,v2_dev,train_40k,A1,0|1|2,3,0.57032,0.01185,0.54841|0.59131,"evaluation-sampling, image-clustered",represented development imageId,1114,531,100,g21_pinned_normalised_exact_match,DIAGNOSTIC,DESCRIPTIVE_ONLY,READY,"best development epoch, patience 10, at most 100 epochs",,,VE0-TAB-A1,R_APPENDIX_SLICES,,APPENDIX_SLICE_TABLES,"Development-set result on one GQA subset. The clean test is embargoed and unread, so no held-out generalisation is claimed. E8A's projected interface is a learned common width, not a naturally shared pretrained embedding space. A1 minus A1r is the only clean within-size question-side pretraining contrast; A1 minus A0p also changes the representation space and the interface. Slices are unequal and dependent; every interval is clustered on the slice's own represented development images, never on rows."
EV-SLC-E8A.A1.train_40k.steps-le2.accuracy,SLC,E8A,S06_TYPE_AND_DEPTH,DIAGNOSTIC,E8A/A1/train_40k/steps:<=2/accuracy,accuracy on the steps slice <=2,results/experiments/e8a_question_encoder/core_analysis_g21.json,9774bd5bf4ead561635327645397314a9cc4dd7262dccc20f9c184f73ef31562,v2_dev,train_40k,A1,0|1|2,3,0.54431,0.00596,0.52861|0.55941,"evaluation-sampling, image-clustered",represented development imageId,2400,674,100,g21_pinned_normalised_exact_match,DIAGNOSTIC,DESCRIPTIVE_ONLY,READY,"best development epoch, patience 10, at most 100 epochs",,,VE0-TAB-A1,R_APPENDIX_SLICES,,APPENDIX_SLICE_TABLES,"Development-set result on one GQA subset. The clean test is embargoed and unread, so no held-out generalisation is claimed. E8A's projected interface is a learned common width, not a naturally shared pretrained embedding space. A1 minus A1r is the only clean within-size question-side pretraining contrast; A1 minus A0p also changes the representation space and the interface. Slices are unequal and dependent; every interval is clustered on the slice's own represented development images, never on rows."
EV-SLC-E8A.A1.train_40k.structural-choose.accuracy,SLC,E8A,S06_TYPE_AND_DEPTH,DIAGNOSTIC,E8A/A1/train_40k/structural:choose/accuracy,accuracy on the structural slice choose,results/experiments/e8a_question_encoder/core_analysis_g21.json,9774bd5bf4ead561635327645397314a9cc4dd7262dccc20f9c184f73ef31562,v2_dev,train_40k,A1,0|1|2,3,0.60781,0.00308,0.58279|0.63309,"evaluation-sampling, image-clustered",represented development imageId,1042,465,100,g21_pinned_normalised_exact_match,DIAGNOSTIC,DESCRIPTIVE_ONLY,READY,"best development epoch, patience 10, at most 100 epochs",,,VE0-TAB-A1,R_APPENDIX_SLICES,,APPENDIX_SLICE_TABLES,"Development-set result on one GQA subset. The clean test is embargoed and unread, so no held-out generalisation is claimed. E8A's projected interface is a learned common width, not a naturally shared pretrained embedding space. A1 minus A1r is the only clean within-size question-side pretraining contrast; A1 minus A0p also changes the representation space and the interface. Slices are unequal and dependent; every interval is clustered on the slice's own represented development images, never on rows."
EV-SLC-E8A.A1.train_40k.structural-compare.accuracy,SLC,E8A,S06_TYPE_AND_DEPTH,DIAGNOSTIC,E8A/A1/train_40k/structural:compare/accuracy,accuracy on the structural slice compare,results/experiments/e8a_question_encoder/core_analysis_g21.json,9774bd5bf4ead561635327645397314a9cc4dd7262dccc20f9c184f73ef31562,v2_dev,train_40k,A1,0|1|2,3,0.60927,0.00574,0.56902|0.64955,"evaluation-sampling, image-clustered",represented development imageId,302,226,100,g21_pinned_normalised_exact_match,DIAGNOSTIC,DESCRIPTIVE_ONLY,READY,"best development epoch, patience 10, at most 100 epochs",,,VE0-TAB-A1,R_APPENDIX_SLICES,,APPENDIX_SLICE_TABLES,"Development-set result on one GQA subset. The clean test is embargoed and unread, so no held-out generalisation is claimed. E8A's projected interface is a learned common width, not a naturally shared pretrained embedding space. A1 minus A1r is the only clean within-size question-side pretraining contrast; A1 minus A0p also changes the representation space and the interface. Slices are unequal and dependent; every interval is clustered on the slice's own represented development images, never on rows."
EV-SLC-E8A.A1.train_40k.structural-logical.accuracy,SLC,E8A,S06_TYPE_AND_DEPTH,DIAGNOSTIC,E8A/A1/train_40k/structural:logical/accuracy,accuracy on the structural slice logical,results/experiments/e8a_question_encoder/core_analysis_g21.json,9774bd5bf4ead561635327645397314a9cc4dd7262dccc20f9c184f73ef31562,v2_dev,train_40k,A1,0|1|2,3,0.56499,0.01098,0.54507|0.58542,"evaluation-sampling, image-clustered",represented development imageId,1236,561,100,g21_pinned_normalised_exact_match,DIAGNOSTIC,DESCRIPTIVE_ONLY,READY,"best development epoch, patience 10, at most 100 epochs",,,VE0-TAB-A1,R_APPENDIX_SLICES,,APPENDIX_SLICE_TABLES,"Development-set result on one GQA subset. The clean test is embargoed and unread, so no held-out generalisation is claimed. E8A's projected interface is a learned common width, not a naturally shared pretrained embedding space. A1 minus A1r is the only clean within-size question-side pretraining contrast; A1 minus A0p also changes the representation space and the interface. Slices are unequal and dependent; every interval is clustered on the slice's own represented development images, never on rows."
EV-SLC-E8A.A1.train_40k.structural-query.accuracy,SLC,E8A,S06_TYPE_AND_DEPTH,DIAGNOSTIC,E8A/A1/train_40k/structural:query/accuracy,accuracy on the structural slice query,results/experiments/e8a_question_encoder/core_analysis_g21.json,9774bd5bf4ead561635327645397314a9cc4dd7262dccc20f9c184f73ef31562,v2_dev,train_40k,A1,0|1|2,3,0.47025,0.01145,0.44792|0.49339,"evaluation-sampling, image-clustered",represented development imageId,3104,687,100,g21_pinned_normalised_exact_match,DIAGNOSTIC,DESCRIPTIVE_ONLY,READY,"best development epoch, patience 10, at most 100 epochs",,,VE0-TAB-A1,R_APPENDIX_SLICES,,APPENDIX_SLICE_TABLES,"Development-set result on one GQA subset. The clean test is embargoed and unread, so no held-out generalisation is claimed. E8A's projected interface is a learned common width, not a naturally shared pretrained embedding space. A1 minus A1r is the only clean within-size question-side pretraining contrast; A1 minus A0p also changes the representation space and the interface. Slices are unequal and dependent; every interval is clustered on the slice's own represented development images, never on rows."
EV-SLC-E8A.A1.train_40k.structural-verify.accuracy,SLC,E8A,S06_TYPE_AND_DEPTH,DIAGNOSTIC,E8A/A1/train_40k/structural:verify/accuracy,accuracy on the structural slice verify,results/experiments/e8a_question_encoder/core_analysis_g21.json,9774bd5bf4ead561635327645397314a9cc4dd7262dccc20f9c184f73ef31562,v2_dev,train_40k,A1,0|1|2,3,0.54302,0.00718,0.52558|0.55872,"evaluation-sampling, image-clustered",represented development imageId,2030,615,100,g21_pinned_normalised_exact_match,DIAGNOSTIC,DESCRIPTIVE_ONLY,READY,"best development epoch, patience 10, at most 100 epochs",,,VE0-TAB-A1,R_APPENDIX_SLICES,,APPENDIX_SLICE_TABLES,"Development-set result on one GQA subset. The clean test is embargoed and unread, so no held-out generalisation is claimed. E8A's projected interface is a learned common width, not a naturally shared pretrained embedding space. A1 minus A1r is the only clean within-size question-side pretraining contrast; A1 minus A0p also changes the representation space and the interface. Slices are unequal and dependent; every interval is clustered on the slice's own represented development images, never on rows."
EV-SLC-E8A.A1r.train_250k.semantic-attr.accuracy,SLC,E8A,S06_TYPE_AND_DEPTH,DIAGNOSTIC,E8A/A1r/train_250k/semantic:attr/accuracy,accuracy on the semantic slice attr,results/experiments/e8a_question_encoder/core_analysis_g21.json,9774bd5bf4ead561635327645397314a9cc4dd7262dccc20f9c184f73ef31562,v2_dev,train_250k,A1r,0|1|2,3,0.45502,0.00811,0.44004|0.46978,"evaluation-sampling, image-clustered",represented development imageId,2964,691,100,g21_pinned_normalised_exact_match,DIAGNOSTIC,DESCRIPTIVE_ONLY,READY,"best development epoch, patience 10, at most 100 epochs",,,VE0-TAB-A1,R_APPENDIX_SLICES,,APPENDIX_SLICE_TABLES,"Development-set result on one GQA subset. The clean test is embargoed and unread, so no held-out generalisation is claimed. E8A's projected interface is a learned common width, not a naturally shared pretrained embedding space. A1 minus A1r is the only clean within-size question-side pretraining contrast; A1 minus A0p also changes the representation space and the interface. Slices are unequal and dependent; every interval is clustered on the slice's own represented development images, never on rows."
EV-SLC-E8A.A1r.train_250k.semantic-cat.accuracy,SLC,E8A,S06_TYPE_AND_DEPTH,DIAGNOSTIC,E8A/A1r/train_250k/semantic:cat/accuracy,accuracy on the semantic slice cat,results/experiments/e8a_question_encoder/core_analysis_g21.json,9774bd5bf4ead561635327645397314a9cc4dd7262dccc20f9c184f73ef31562,v2_dev,train_250k,A1r,0|1|2,3,0.58238,0.01027,0.52739|0.63471,"evaluation-sampling, image-clustered",represented development imageId,439,219,100,g21_pinned_normalised_exact_match,DIAGNOSTIC,DESCRIPTIVE_ONLY,READY,"best development epoch, patience 10, at most 100 epochs",,,VE0-TAB-A1,R_APPENDIX_SLICES,,APPENDIX_SLICE_TABLES,"Development-set result on one GQA subset. The clean test is embargoed and unread, so no held-out generalisation is claimed. E8A's projected interface is a learned common width, not a naturally shared pretrained embedding space. A1 minus A1r is the only clean within-size question-side pretraining contrast; A1 minus A0p also changes the representation space and the interface. Slices are unequal and dependent; every interval is clustered on the slice's own represented development images, never on rows."
EV-SLC-E8A.A1r.train_250k.semantic-global.accuracy,SLC,E8A,S06_TYPE_AND_DEPTH,DIAGNOSTIC,E8A/A1r/train_250k/semantic:global/accuracy,accuracy on the semantic slice global,results/experiments/e8a_question_encoder/core_analysis_g21.json,9774bd5bf4ead561635327645397314a9cc4dd7262dccc20f9c184f73ef31562,v2_dev,train_250k,A1r,0|1|2,3,0.818,0.01874,0.76483|0.87026,"evaluation-sampling, image-clustered",represented development imageId,163,133,100,g21_pinned_normalised_exact_match,DIAGNOSTIC,DESCRIPTIVE_ONLY,READY,"best development epoch, patience 10, at most 100 epochs",,,VE0-TAB-A1,R_APPENDIX_SLICES,,APPENDIX_SLICE_TABLES,"Development-set result on one GQA subset. The clean test is embargoed and unread, so no held-out generalisation is claimed. E8A's projected interface is a learned common width, not a naturally shared pretrained embedding space. A1 minus A1r is the only clean within-size question-side pretraining contrast; A1 minus A0p also changes the representation space and the interface. Slices are unequal and dependent; every interval is clustered on the slice's own represented development images, never on rows."
EV-SLC-E8A.A1r.train_250k.semantic-obj.accuracy,SLC,E8A,S06_TYPE_AND_DEPTH,DIAGNOSTIC,E8A/A1r/train_250k/semantic:obj/accuracy,accuracy on the semantic slice obj,results/experiments/e8a_question_encoder/core_analysis_g21.json,9774bd5bf4ead561635327645397314a9cc4dd7262dccc20f9c184f73ef31562,v2_dev,train_250k,A1r,0|1|2,3,0.56439,0.01539,0.5432|0.58565,"evaluation-sampling, image-clustered",represented development imageId,1170,547,100,g21_pinned_normalised_exact_match,DIAGNOSTIC,DESCRIPTIVE_ONLY,READY,"best development epoch, patience 10, at most 100 epochs",,,VE0-TAB-A1,R_APPENDIX_SLICES,,APPENDIX_SLICE_TABLES,"Development-set result on one GQA subset. The clean test is embargoed and unread, so no held-out generalisation is claimed. E8A's projected interface is a learned common width, not a naturally shared pretrained embedding space. A1 minus A1r is the only clean within-size question-side pretraining contrast; A1 minus A0p also changes the representation space and the interface. Slices are unequal and dependent; every interval is clustered on the slice's own represented development images, never on rows."
EV-SLC-E8A.A1r.train_250k.semantic-rel.accuracy,SLC,E8A,S06_TYPE_AND_DEPTH,DIAGNOSTIC,E8A/A1r/train_250k/semantic:rel/accuracy,accuracy on the semantic slice rel,results/experiments/e8a_question_encoder/core_analysis_g21.json,9774bd5bf4ead561635327645397314a9cc4dd7262dccc20f9c184f73ef31562,v2_dev,train_250k,A1r,0|1|2,3,0.55418,0.0061,0.53444|0.57452,"evaluation-sampling, image-clustered",represented development imageId,2978,570,100,g21_pinned_normalised_exact_match,DIAGNOSTIC,DESCRIPTIVE_ONLY,READY,"best development epoch, patience 10, at most 100 epochs",,,VE0-TAB-A1,R_APPENDIX_SLICES,,APPENDIX_SLICE_TABLES,"Development-set result on one GQA subset. The clean test is embargoed and unread, so no held-out generalisation is claimed. E8A's projected interface is a learned common width, not a naturally shared pretrained embedding space. A1 minus A1r is the only clean within-size question-side pretraining contrast; A1 minus A0p also changes the representation space and the interface. Slices are unequal and dependent; every interval is clustered on the slice's own represented development images, never on rows."
EV-SLC-E8A.A1r.train_250k.steps-3.accuracy,SLC,E8A,S06_TYPE_AND_DEPTH,DIAGNOSTIC,E8A/A1r/train_250k/steps:3/accuracy,accuracy on the steps slice 3,results/experiments/e8a_question_encoder/core_analysis_g21.json,9774bd5bf4ead561635327645397314a9cc4dd7262dccc20f9c184f73ef31562,v2_dev,train_250k,A1r,0|1|2,3,0.4972,0.00499,0.47966|0.51452,"evaluation-sampling, image-clustered",represented development imageId,3330,658,100,g21_pinned_normalised_exact_match,DIAGNOSTIC,DESCRIPTIVE_ONLY,READY,"best development epoch, patience 10, at most 100 epochs",,,VE0-TAB-A1,R_APPENDIX_SLICES,,APPENDIX_SLICE_TABLES,"Development-set result on one GQA subset. The clean test is embargoed and unread, so no held-out generalisation is claimed. E8A's projected interface is a learned common width, not a naturally shared pretrained embedding space. A1 minus A1r is the only clean within-size question-side pretraining contrast; A1 minus A0p also changes the representation space and the interface. Slices are unequal and dependent; every interval is clustered on the slice's own represented development images, never on rows."
EV-SLC-E8A.A1r.train_250k.steps-4.accuracy,SLC,E8A,S06_TYPE_AND_DEPTH,DIAGNOSTIC,E8A/A1r/train_250k/steps:4/accuracy,accuracy on the steps slice 4,results/experiments/e8a_question_encoder/core_analysis_g21.json,9774bd5bf4ead561635327645397314a9cc4dd7262dccc20f9c184f73ef31562,v2_dev,train_250k,A1r,0|1|2,3,0.53142,0.00351,0.50284|0.56164,"evaluation-sampling, image-clustered",represented development imageId,870,396,100,g21_pinned_normalised_exact_match,DIAGNOSTIC,DESCRIPTIVE_ONLY,READY,"best development epoch, patience 10, at most 100 epochs",,,VE0-TAB-A1,R_APPENDIX_SLICES,,APPENDIX_SLICE_TABLES,"Development-set result on one GQA subset. The clean test is embargoed and unread, so no held-out generalisation is claimed. E8A's projected interface is a learned common width, not a naturally shared pretrained embedding space. A1 minus A1r is the only clean within-size question-side pretraining contrast; A1 minus A0p also changes the representation space and the interface. Slices are unequal and dependent; every interval is clustered on the slice's own represented development images, never on rows."
EV-SLC-E8A.A1r.train_250k.steps-ge5.accuracy,SLC,E8A,S06_TYPE_AND_DEPTH,DIAGNOSTIC,E8A/A1r/train_250k/steps:>=5/accuracy,accuracy on the steps slice >=5,results/experiments/e8a_question_encoder/core_analysis_g21.json,9774bd5bf4ead561635327645397314a9cc4dd7262dccc20f9c184f73ef31562,v2_dev,train_250k,A1r,0|1|2,3,0.56014,0.00987,0.5382|0.58441,"evaluation-sampling, image-clustered",represented development imageId,1114,531,100,g21_pinned_normalised_exact_match,DIAGNOSTIC,DESCRIPTIVE_ONLY,READY,"best development epoch, patience 10, at most 100 epochs",,,VE0-TAB-A1,R_APPENDIX_SLICES,,APPENDIX_SLICE_TABLES,"Development-set result on one GQA subset. The clean test is embargoed and unread, so no held-out generalisation is claimed. E8A's projected interface is a learned common width, not a naturally shared pretrained embedding space. A1 minus A1r is the only clean within-size question-side pretraining contrast; A1 minus A0p also changes the representation space and the interface. Slices are unequal and dependent; every interval is clustered on the slice's own represented development images, never on rows."
EV-SLC-E8A.A1r.train_250k.steps-le2.accuracy,SLC,E8A,S06_TYPE_AND_DEPTH,DIAGNOSTIC,E8A/A1r/train_250k/steps:<=2/accuracy,accuracy on the steps slice <=2,results/experiments/e8a_question_encoder/core_analysis_g21.json,9774bd5bf4ead561635327645397314a9cc4dd7262dccc20f9c184f73ef31562,v2_dev,train_250k,A1r,0|1|2,3,0.54431,0.01156,0.52815|0.56141,"evaluation-sampling, image-clustered",represented development imageId,2400,674,100,g21_pinned_normalised_exact_match,DIAGNOSTIC,DESCRIPTIVE_ONLY,READY,"best development epoch, patience 10, at most 100 epochs",,,VE0-TAB-A1,R_APPENDIX_SLICES,,APPENDIX_SLICE_TABLES,"Development-set result on one GQA subset. The clean test is embargoed and unread, so no held-out generalisation is claimed. E8A's projected interface is a learned common width, not a naturally shared pretrained embedding space. A1 minus A1r is the only clean within-size question-side pretraining contrast; A1 minus A0p also changes the representation space and the interface. Slices are unequal and dependent; every interval is clustered on the slice's own represented development images, never on rows."
EV-SLC-E8A.A1r.train_250k.structural-choose.accuracy,SLC,E8A,S06_TYPE_AND_DEPTH,DIAGNOSTIC,E8A/A1r/train_250k/structural:choose/accuracy,accuracy on the structural slice choose,results/experiments/e8a_question_encoder/core_analysis_g21.json,9774bd5bf4ead561635327645397314a9cc4dd7262dccc20f9c184f73ef31562,v2_dev,train_250k,A1r,0|1|2,3,0.55694,0.00483,0.53132|0.58231,"evaluation-sampling, image-clustered",represented development imageId,1042,465,100,g21_pinned_normalised_exact_match,DIAGNOSTIC,DESCRIPTIVE_ONLY,READY,"best development epoch, patience 10, at most 100 epochs",,,VE0-TAB-A1,R_APPENDIX_SLICES,,APPENDIX_SLICE_TABLES,"Development-set result on one GQA subset. The clean test is embargoed and unread, so no held-out generalisation is claimed. E8A's projected interface is a learned common width, not a naturally shared pretrained embedding space. A1 minus A1r is the only clean within-size question-side pretraining contrast; A1 minus A0p also changes the representation space and the interface. Slices are unequal and dependent; every interval is clustered on the slice's own represented development images, never on rows."
EV-SLC-E8A.A1r.train_250k.structural-compare.accuracy,SLC,E8A,S06_TYPE_AND_DEPTH,DIAGNOSTIC,E8A/A1r/train_250k/structural:compare/accuracy,accuracy on the structural slice compare,results/experiments/e8a_question_encoder/core_analysis_g21.json,9774bd5bf4ead561635327645397314a9cc4dd7262dccc20f9c184f73ef31562,v2_dev,train_250k,A1r,0|1|2,3,0.58609,0.02628,0.54468|0.62431,"evaluation-sampling, image-clustered",represented development imageId,302,226,100,g21_pinned_normalised_exact_match,DIAGNOSTIC,DESCRIPTIVE_ONLY,READY,"best development epoch, patience 10, at most 100 epochs",,,VE0-TAB-A1,R_APPENDIX_SLICES,,APPENDIX_SLICE_TABLES,"Development-set result on one GQA subset. The clean test is embargoed and unread, so no held-out generalisation is claimed. E8A's projected interface is a learned common width, not a naturally shared pretrained embedding space. A1 minus A1r is the only clean within-size question-side pretraining contrast; A1 minus A0p also changes the representation space and the interface. Slices are unequal and dependent; every interval is clustered on the slice's own represented development images, never on rows."
EV-SLC-E8A.A1r.train_250k.structural-logical.accuracy,SLC,E8A,S06_TYPE_AND_DEPTH,DIAGNOSTIC,E8A/A1r/train_250k/structural:logical/accuracy,accuracy on the structural slice logical,results/experiments/e8a_question_encoder/core_analysis_g21.json,9774bd5bf4ead561635327645397314a9cc4dd7262dccc20f9c184f73ef31562,v2_dev,train_250k,A1r,0|1|2,3,0.55043,0.00965,0.52929|0.57131,"evaluation-sampling, image-clustered",represented development imageId,1236,561,100,g21_pinned_normalised_exact_match,DIAGNOSTIC,DESCRIPTIVE_ONLY,READY,"best development epoch, patience 10, at most 100 epochs",,,VE0-TAB-A1,R_APPENDIX_SLICES,,APPENDIX_SLICE_TABLES,"Development-set result on one GQA subset. The clean test is embargoed and unread, so no held-out generalisation is claimed. E8A's projected interface is a learned common width, not a naturally shared pretrained embedding space. A1 minus A1r is the only clean within-size question-side pretraining contrast; A1 minus A0p also changes the representation space and the interface. Slices are unequal and dependent; every interval is clustered on the slice's own represented development images, never on rows."
EV-SLC-E8A.A1r.train_250k.structural-query.accuracy,SLC,E8A,S06_TYPE_AND_DEPTH,DIAGNOSTIC,E8A/A1r/train_250k/structural:query/accuracy,accuracy on the structural slice query,results/experiments/e8a_question_encoder/core_analysis_g21.json,9774bd5bf4ead561635327645397314a9cc4dd7262dccc20f9c184f73ef31562,v2_dev,train_250k,A1r,0|1|2,3,0.48475,0.01104,0.4618|0.50731,"evaluation-sampling, image-clustered",represented development imageId,3104,687,100,g21_pinned_normalised_exact_match,DIAGNOSTIC,DESCRIPTIVE_ONLY,READY,"best development epoch, patience 10, at most 100 epochs",,,VE0-TAB-A1,R_APPENDIX_SLICES,,APPENDIX_SLICE_TABLES,"Development-set result on one GQA subset. The clean test is embargoed and unread, so no held-out generalisation is claimed. E8A's projected interface is a learned common width, not a naturally shared pretrained embedding space. A1 minus A1r is the only clean within-size question-side pretraining contrast; A1 minus A0p also changes the representation space and the interface. Slices are unequal and dependent; every interval is clustered on the slice's own represented development images, never on rows."
EV-SLC-E8A.A1r.train_250k.structural-verify.accuracy,SLC,E8A,S06_TYPE_AND_DEPTH,DIAGNOSTIC,E8A/A1r/train_250k/structural:verify/accuracy,accuracy on the structural slice verify,results/experiments/e8a_question_encoder/core_analysis_g21.json,9774bd5bf4ead561635327645397314a9cc4dd7262dccc20f9c184f73ef31562,v2_dev,train_250k,A1r,0|1|2,3,0.54483,0.00793,0.52865|0.56082,"evaluation-sampling, image-clustered",represented development imageId,2030,615,100,g21_pinned_normalised_exact_match,DIAGNOSTIC,DESCRIPTIVE_ONLY,READY,"best development epoch, patience 10, at most 100 epochs",,,VE0-TAB-A1,R_APPENDIX_SLICES,,APPENDIX_SLICE_TABLES,"Development-set result on one GQA subset. The clean test is embargoed and unread, so no held-out generalisation is claimed. E8A's projected interface is a learned common width, not a naturally shared pretrained embedding space. A1 minus A1r is the only clean within-size question-side pretraining contrast; A1 minus A0p also changes the representation space and the interface. Slices are unequal and dependent; every interval is clustered on the slice's own represented development images, never on rows."
EV-SLC-E8A.A1r.train_40k.semantic-attr.accuracy,SLC,E8A,S06_TYPE_AND_DEPTH,DIAGNOSTIC,E8A/A1r/train_40k/semantic:attr/accuracy,accuracy on the semantic slice attr,results/experiments/e8a_question_encoder/core_analysis_g21.json,9774bd5bf4ead561635327645397314a9cc4dd7262dccc20f9c184f73ef31562,v2_dev,train_40k,A1r,0|1|2,3,0.42735,0.0023,0.41473|0.44072,"evaluation-sampling, image-clustered",represented development imageId,2964,691,100,g21_pinned_normalised_exact_match,DIAGNOSTIC,DESCRIPTIVE_ONLY,READY,"best development epoch, patience 10, at most 100 epochs",,,VE0-TAB-A1,R_APPENDIX_SLICES,,APPENDIX_SLICE_TABLES,"Development-set result on one GQA subset. The clean test is embargoed and unread, so no held-out generalisation is claimed. E8A's projected interface is a learned common width, not a naturally shared pretrained embedding space. A1 minus A1r is the only clean within-size question-side pretraining contrast; A1 minus A0p also changes the representation space and the interface. Slices are unequal and dependent; every interval is clustered on the slice's own represented development images, never on rows."
EV-SLC-E8A.A1r.train_40k.semantic-cat.accuracy,SLC,E8A,S06_TYPE_AND_DEPTH,DIAGNOSTIC,E8A/A1r/train_40k/semantic:cat/accuracy,accuracy on the semantic slice cat,results/experiments/e8a_question_encoder/core_analysis_g21.json,9774bd5bf4ead561635327645397314a9cc4dd7262dccc20f9c184f73ef31562,v2_dev,train_40k,A1r,0|1|2,3,0.51329,0.01392,0.46008|0.56375,"evaluation-sampling, image-clustered",represented development imageId,439,219,100,g21_pinned_normalised_exact_match,DIAGNOSTIC,DESCRIPTIVE_ONLY,READY,"best development epoch, patience 10, at most 100 epochs",,,VE0-TAB-A1,R_APPENDIX_SLICES,,APPENDIX_SLICE_TABLES,"Development-set result on one GQA subset. The clean test is embargoed and unread, so no held-out generalisation is claimed. E8A's projected interface is a learned common width, not a naturally shared pretrained embedding space. A1 minus A1r is the only clean within-size question-side pretraining contrast; A1 minus A0p also changes the representation space and the interface. Slices are unequal and dependent; every interval is clustered on the slice's own represented development images, never on rows."
EV-SLC-E8A.A1r.train_40k.semantic-global.accuracy,SLC,E8A,S06_TYPE_AND_DEPTH,DIAGNOSTIC,E8A/A1r/train_40k/semantic:global/accuracy,accuracy on the semantic slice global,results/experiments/e8a_question_encoder/core_analysis_g21.json,9774bd5bf4ead561635327645397314a9cc4dd7262dccc20f9c184f73ef31562,v2_dev,train_40k,A1r,0|1|2,3,0.75665,0.02554,0.70614|0.80503,"evaluation-sampling, image-clustered",represented development imageId,163,133,100,g21_pinned_normalised_exact_match,DIAGNOSTIC,DESCRIPTIVE_ONLY,READY,"best development epoch, patience 10, at most 100 epochs",,,VE0-TAB-A1,R_APPENDIX_SLICES,,APPENDIX_SLICE_TABLES,"Development-set result on one GQA subset. The clean test is embargoed and unread, so no held-out generalisation is claimed. E8A's projected interface is a learned common width, not a naturally shared pretrained embedding space. A1 minus A1r is the only clean within-size question-side pretraining contrast; A1 minus A0p also changes the representation space and the interface. Slices are unequal and dependent; every interval is clustered on the slice's own represented development images, never on rows."
EV-SLC-E8A.A1r.train_40k.semantic-obj.accuracy,SLC,E8A,S06_TYPE_AND_DEPTH,DIAGNOSTIC,E8A/A1r/train_40k/semantic:obj/accuracy,accuracy on the semantic slice obj,results/experiments/e8a_question_encoder/core_analysis_g21.json,9774bd5bf4ead561635327645397314a9cc4dd7262dccc20f9c184f73ef31562,v2_dev,train_40k,A1r,0|1|2,3,0.55043,0.01343,0.52998|0.57175,"evaluation-sampling, image-clustered",represented development imageId,1170,547,100,g21_pinned_normalised_exact_match,DIAGNOSTIC,DESCRIPTIVE_ONLY,READY,"best development epoch, patience 10, at most 100 epochs",,,VE0-TAB-A1,R_APPENDIX_SLICES,,APPENDIX_SLICE_TABLES,"Development-set result on one GQA subset. The clean test is embargoed and unread, so no held-out generalisation is claimed. E8A's projected interface is a learned common width, not a naturally shared pretrained embedding space. A1 minus A1r is the only clean within-size question-side pretraining contrast; A1 minus A0p also changes the representation space and the interface. Slices are unequal and dependent; every interval is clustered on the slice's own represented development images, never on rows."
EV-SLC-E8A.A1r.train_40k.semantic-rel.accuracy,SLC,E8A,S06_TYPE_AND_DEPTH,DIAGNOSTIC,E8A/A1r/train_40k/semantic:rel/accuracy,accuracy on the semantic slice rel,results/experiments/e8a_question_encoder/core_analysis_g21.json,9774bd5bf4ead561635327645397314a9cc4dd7262dccc20f9c184f73ef31562,v2_dev,train_40k,A1r,0|1|2,3,0.51164,0.01343,0.49322|0.5307,"evaluation-sampling, image-clustered",represented development imageId,2978,570,100,g21_pinned_normalised_exact_match,DIAGNOSTIC,DESCRIPTIVE_ONLY,READY,"best development epoch, patience 10, at most 100 epochs",,,VE0-TAB-A1,R_APPENDIX_SLICES,,APPENDIX_SLICE_TABLES,"Development-set result on one GQA subset. The clean test is embargoed and unread, so no held-out generalisation is claimed. E8A's projected interface is a learned common width, not a naturally shared pretrained embedding space. A1 minus A1r is the only clean within-size question-side pretraining contrast; A1 minus A0p also changes the representation space and the interface. Slices are unequal and dependent; every interval is clustered on the slice's own represented development images, never on rows."
EV-SLC-E8A.A1r.train_40k.steps-3.accuracy,SLC,E8A,S06_TYPE_AND_DEPTH,DIAGNOSTIC,E8A/A1r/train_40k/steps:3/accuracy,accuracy on the steps slice 3,results/experiments/e8a_question_encoder/core_analysis_g21.json,9774bd5bf4ead561635327645397314a9cc4dd7262dccc20f9c184f73ef31562,v2_dev,train_40k,A1r,0|1|2,3,0.46026,0.01207,0.44394|0.47657,"evaluation-sampling, image-clustered",represented development imageId,3330,658,100,g21_pinned_normalised_exact_match,DIAGNOSTIC,DESCRIPTIVE_ONLY,READY,"best development epoch, patience 10, at most 100 epochs",,,VE0-TAB-A1,R_APPENDIX_SLICES,,APPENDIX_SLICE_TABLES,"Development-set result on one GQA subset. The clean test is embargoed and unread, so no held-out generalisation is claimed. E8A's projected interface is a learned common width, not a naturally shared pretrained embedding space. A1 minus A1r is the only clean within-size question-side pretraining contrast; A1 minus A0p also changes the representation space and the interface. Slices are unequal and dependent; every interval is clustered on the slice's own represented development images, never on rows."
EV-SLC-E8A.A1r.train_40k.steps-4.accuracy,SLC,E8A,S06_TYPE_AND_DEPTH,DIAGNOSTIC,E8A/A1r/train_40k/steps:4/accuracy,accuracy on the steps slice 4,results/experiments/e8a_question_encoder/core_analysis_g21.json,9774bd5bf4ead561635327645397314a9cc4dd7262dccc20f9c184f73ef31562,v2_dev,train_40k,A1r,0|1|2,3,0.50766,0.00863,0.47792|0.53586,"evaluation-sampling, image-clustered",represented development imageId,870,396,100,g21_pinned_normalised_exact_match,DIAGNOSTIC,DESCRIPTIVE_ONLY,READY,"best development epoch, patience 10, at most 100 epochs",,,VE0-TAB-A1,R_APPENDIX_SLICES,,APPENDIX_SLICE_TABLES,"Development-set result on one GQA subset. The clean test is embargoed and unread, so no held-out generalisation is claimed. E8A's projected interface is a learned common width, not a naturally shared pretrained embedding space. A1 minus A1r is the only clean within-size question-side pretraining contrast; A1 minus A0p also changes the representation space and the interface. Slices are unequal and dependent; every interval is clustered on the slice's own represented development images, never on rows."
EV-SLC-E8A.A1r.train_40k.steps-ge5.accuracy,SLC,E8A,S06_TYPE_AND_DEPTH,DIAGNOSTIC,E8A/A1r/train_40k/steps:>=5/accuracy,accuracy on the steps slice >=5,results/experiments/e8a_question_encoder/core_analysis_g21.json,9774bd5bf4ead561635327645397314a9cc4dd7262dccc20f9c184f73ef31562,v2_dev,train_40k,A1r,0|1|2,3,0.54488,0.00767,0.52363|0.56579,"evaluation-sampling, image-clustered",represented development imageId,1114,531,100,g21_pinned_normalised_exact_match,DIAGNOSTIC,DESCRIPTIVE_ONLY,READY,"best development epoch, patience 10, at most 100 epochs",,,VE0-TAB-A1,R_APPENDIX_SLICES,,APPENDIX_SLICE_TABLES,"Development-set result on one GQA subset. The clean test is embargoed and unread, so no held-out generalisation is claimed. E8A's projected interface is a learned common width, not a naturally shared pretrained embedding space. A1 minus A1r is the only clean within-size question-side pretraining contrast; A1 minus A0p also changes the representation space and the interface. Slices are unequal and dependent; every interval is clustered on the slice's own represented development images, never on rows."
EV-SLC-E8A.A1r.train_40k.steps-le2.accuracy,SLC,E8A,S06_TYPE_AND_DEPTH,DIAGNOSTIC,E8A/A1r/train_40k/steps:<=2/accuracy,accuracy on the steps slice <=2,results/experiments/e8a_question_encoder/core_analysis_g21.json,9774bd5bf4ead561635327645397314a9cc4dd7262dccc20f9c184f73ef31562,v2_dev,train_40k,A1r,0|1|2,3,0.50069,0.01232,0.48634|0.51615,"evaluation-sampling, image-clustered",represented development imageId,2400,674,100,g21_pinned_normalised_exact_match,DIAGNOSTIC,DESCRIPTIVE_ONLY,READY,"best development epoch, patience 10, at most 100 epochs",,,VE0-TAB-A1,R_APPENDIX_SLICES,,APPENDIX_SLICE_TABLES,"Development-set result on one GQA subset. The clean test is embargoed and unread, so no held-out generalisation is claimed. E8A's projected interface is a learned common width, not a naturally shared pretrained embedding space. A1 minus A1r is the only clean within-size question-side pretraining contrast; A1 minus A0p also changes the representation space and the interface. Slices are unequal and dependent; every interval is clustered on the slice's own represented development images, never on rows."
EV-SLC-E8A.A1r.train_40k.structural-choose.accuracy,SLC,E8A,S06_TYPE_AND_DEPTH,DIAGNOSTIC,E8A/A1r/train_40k/structural:choose/accuracy,accuracy on the structural slice choose,results/experiments/e8a_question_encoder/core_analysis_g21.json,9774bd5bf4ead561635327645397314a9cc4dd7262dccc20f9c184f73ef31562,v2_dev,train_40k,A1r,0|1|2,3,0.48305,0.00473,0.45862|0.50734,"evaluation-sampling, image-clustered",represented development imageId,1042,465,100,g21_pinned_normalised_exact_match,DIAGNOSTIC,DESCRIPTIVE_ONLY,READY,"best development epoch, patience 10, at most 100 epochs",,,VE0-TAB-A1,R_APPENDIX_SLICES,,APPENDIX_SLICE_TABLES,"Development-set result on one GQA subset. The clean test is embargoed and unread, so no held-out generalisation is claimed. E8A's projected interface is a learned common width, not a naturally shared pretrained embedding space. A1 minus A1r is the only clean within-size question-side pretraining contrast; A1 minus A0p also changes the representation space and the interface. Slices are unequal and dependent; every interval is clustered on the slice's own represented development images, never on rows."
EV-SLC-E8A.A1r.train_40k.structural-compare.accuracy,SLC,E8A,S06_TYPE_AND_DEPTH,DIAGNOSTIC,E8A/A1r/train_40k/structural:compare/accuracy,accuracy on the structural slice compare,results/experiments/e8a_question_encoder/core_analysis_g21.json,9774bd5bf4ead561635327645397314a9cc4dd7262dccc20f9c184f73ef31562,v2_dev,train_40k,A1r,0|1|2,3,0.58278,0.01721,0.54637|0.61939,"evaluation-sampling, image-clustered",represented development imageId,302,226,100,g21_pinned_normalised_exact_match,DIAGNOSTIC,DESCRIPTIVE_ONLY,READY,"best development epoch, patience 10, at most 100 epochs",,,VE0-TAB-A1,R_APPENDIX_SLICES,,APPENDIX_SLICE_TABLES,"Development-set result on one GQA subset. The clean test is embargoed and unread, so no held-out generalisation is claimed. E8A's projected interface is a learned common width, not a naturally shared pretrained embedding space. A1 minus A1r is the only clean within-size question-side pretraining contrast; A1 minus A0p also changes the representation space and the interface. Slices are unequal and dependent; every interval is clustered on the slice's own represented development images, never on rows."
EV-SLC-E8A.A1r.train_40k.structural-logical.accuracy,SLC,E8A,S06_TYPE_AND_DEPTH,DIAGNOSTIC,E8A/A1r/train_40k/structural:logical/accuracy,accuracy on the structural slice logical,results/experiments/e8a_question_encoder/core_analysis_g21.json,9774bd5bf4ead561635327645397314a9cc4dd7262dccc20f9c184f73ef31562,v2_dev,train_40k,A1r,0|1|2,3,0.5391,0.01663,0.51933|0.55869,"evaluation-sampling, image-clustered",represented development imageId,1236,561,100,g21_pinned_normalised_exact_match,DIAGNOSTIC,DESCRIPTIVE_ONLY,READY,"best development epoch, patience 10, at most 100 epochs",,,VE0-TAB-A1,R_APPENDIX_SLICES,,APPENDIX_SLICE_TABLES,"Development-set result on one GQA subset. The clean test is embargoed and unread, so no held-out generalisation is claimed. E8A's projected interface is a learned common width, not a naturally shared pretrained embedding space. A1 minus A1r is the only clean within-size question-side pretraining contrast; A1 minus A0p also changes the representation space and the interface. Slices are unequal and dependent; every interval is clustered on the slice's own represented development images, never on rows."
EV-SLC-E8A.A1r.train_40k.structural-query.accuracy,SLC,E8A,S06_TYPE_AND_DEPTH,DIAGNOSTIC,E8A/A1r/train_40k/structural:query/accuracy,accuracy on the structural slice query,results/experiments/e8a_question_encoder/core_analysis_g21.json,9774bd5bf4ead561635327645397314a9cc4dd7262dccc20f9c184f73ef31562,v2_dev,train_40k,A1r,0|1|2,3,0.44384,0.01102,0.42288|0.4637,"evaluation-sampling, image-clustered",represented development imageId,3104,687,100,g21_pinned_normalised_exact_match,DIAGNOSTIC,DESCRIPTIVE_ONLY,READY,"best development epoch, patience 10, at most 100 epochs",,,VE0-TAB-A1,R_APPENDIX_SLICES,,APPENDIX_SLICE_TABLES,"Development-set result on one GQA subset. The clean test is embargoed and unread, so no held-out generalisation is claimed. E8A's projected interface is a learned common width, not a naturally shared pretrained embedding space. A1 minus A1r is the only clean within-size question-side pretraining contrast; A1 minus A0p also changes the representation space and the interface. Slices are unequal and dependent; every interval is clustered on the slice's own represented development images, never on rows."
EV-SLC-E8A.A1r.train_40k.structural-verify.accuracy,SLC,E8A,S06_TYPE_AND_DEPTH,DIAGNOSTIC,E8A/A1r/train_40k/structural:verify/accuracy,accuracy on the structural slice verify,results/experiments/e8a_question_encoder/core_analysis_g21.json,9774bd5bf4ead561635327645397314a9cc4dd7262dccc20f9c184f73ef31562,v2_dev,train_40k,A1r,0|1|2,3,0.522,0.00468,0.50748|0.53561,"evaluation-sampling, image-clustered",represented development imageId,2030,615,100,g21_pinned_normalised_exact_match,DIAGNOSTIC,DESCRIPTIVE_ONLY,READY,"best development epoch, patience 10, at most 100 epochs",,,VE0-TAB-A1,R_APPENDIX_SLICES,,APPENDIX_SLICE_TABLES,"Development-set result on one GQA subset. The clean test is embargoed and unread, so no held-out generalisation is claimed. E8A's projected interface is a learned common width, not a naturally shared pretrained embedding space. A1 minus A1r is the only clean within-size question-side pretraining contrast; A1 minus A0p also changes the representation space and the interface. Slices are unequal and dependent; every interval is clustered on the slice's own represented development images, never on rows."
EV-SLC-v2_02.concat.train_40k.semantic-attr.accuracy,SLC,v2_02,S06_TYPE_AND_DEPTH,DIAGNOSTIC,v2_02/concat/train_40k/semantic:attr/accuracy,accuracy on the semantic slice attr,results/closure/reconstructed_statistics.json,88edeaf6ec787d754c8b0e006e00556895ea69dd8cbd215f391265c9e9643097,v2_dev,train_40k,concat,0|1|2|3|42,5,0.4612,0.00227,0.4456|0.47637,"evaluation-sampling, image-clustered",represented development imageId,2964,691,100,v2_closed_vocab_top1_index_match,DIAGNOSTIC,DESCRIPTIVE_ONLY,READY,"best development epoch (early stopping on development accuracy, best-on-development checkpointing)",true,VE0-FIG-A4,VE0-TAB-A1,R_APPENDIX_SLICES,,APPENDIX_SLICE_TABLES,"Development-set result on one GQA subset. The clean test is embargoed and unread, so no held-out generalisation is claimed. Slices are unequal and dependent; every interval is clustered on the slice's own represented development images, never on rows."
EV-SLC-v2_02.concat.train_40k.semantic-cat.accuracy,SLC,v2_02,S06_TYPE_AND_DEPTH,DIAGNOSTIC,v2_02/concat/train_40k/semantic:cat/accuracy,accuracy on the semantic slice cat,results/closure/reconstructed_statistics.json,88edeaf6ec787d754c8b0e006e00556895ea69dd8cbd215f391265c9e9643097,v2_dev,train_40k,concat,0|1|2|3|42,5,0.56583,0.0026,0.50914|0.61781,"evaluation-sampling, image-clustered",represented development imageId,439,219,100,v2_closed_vocab_top1_index_match,DIAGNOSTIC,DESCRIPTIVE_ONLY,READY,"best development epoch (early stopping on development accuracy, best-on-development checkpointing)",true,VE0-FIG-A4,VE0-TAB-A1,R_APPENDIX_SLICES,,APPENDIX_SLICE_TABLES,"Development-set result on one GQA subset. The clean test is embargoed and unread, so no held-out generalisation is claimed. Slices are unequal and dependent; every interval is clustered on the slice's own represented development images, never on rows."
EV-SLC-v2_02.concat.train_40k.semantic-global.accuracy,SLC,v2_02,S06_TYPE_AND_DEPTH,DIAGNOSTIC,v2_02/concat/train_40k/semantic:global/accuracy,accuracy on the semantic slice global,results/closure/reconstructed_statistics.json,88edeaf6ec787d754c8b0e006e00556895ea69dd8cbd215f391265c9e9643097,v2_dev,train_40k,concat,0|1|2|3|42,5,0.80736,0.024,0.75404|0.8575,"evaluation-sampling, image-clustered",represented development imageId,163,133,100,v2_closed_vocab_top1_index_match,DIAGNOSTIC,DESCRIPTIVE_ONLY,READY,"best development epoch (early stopping on development accuracy, best-on-development checkpointing)",true,VE0-FIG-A4,VE0-TAB-A1,R_APPENDIX_SLICES,,APPENDIX_SLICE_TABLES,"Development-set result on one GQA subset. The clean test is embargoed and unread, so no held-out generalisation is claimed. Slices are unequal and dependent; every interval is clustered on the slice's own represented development images, never on rows."
EV-SLC-v2_02.concat.train_40k.semantic-obj.accuracy,SLC,v2_02,S06_TYPE_AND_DEPTH,DIAGNOSTIC,v2_02/concat/train_40k/semantic:obj/accuracy,accuracy on the semantic slice obj,results/closure/reconstructed_statistics.json,88edeaf6ec787d754c8b0e006e00556895ea69dd8cbd215f391265c9e9643097,v2_dev,train_40k,concat,0|1|2|3|42,5,0.59846,0.00812,0.5754|0.62234,"evaluation-sampling, image-clustered",represented development imageId,1170,547,100,v2_closed_vocab_top1_index_match,DIAGNOSTIC,DESCRIPTIVE_ONLY,READY,"best development epoch (early stopping on development accuracy, best-on-development checkpointing)",true,VE0-FIG-A4,VE0-TAB-A1,R_APPENDIX_SLICES,,APPENDIX_SLICE_TABLES,"Development-set result on one GQA subset. The clean test is embargoed and unread, so no held-out generalisation is claimed. Slices are unequal and dependent; every interval is clustered on the slice's own represented development images, never on rows."
EV-SLC-v2_02.concat.train_40k.semantic-rel.accuracy,SLC,v2_02,S06_TYPE_AND_DEPTH,DIAGNOSTIC,v2_02/concat/train_40k/semantic:rel/accuracy,accuracy on the semantic slice rel,results/closure/reconstructed_statistics.json,88edeaf6ec787d754c8b0e006e00556895ea69dd8cbd215f391265c9e9643097,v2_dev,train_40k,concat,0|1|2|3|42,5,0.53553,0.00652,0.51452|0.55627,"evaluation-sampling, image-clustered",represented development imageId,2978,570,100,v2_closed_vocab_top1_index_match,DIAGNOSTIC,DESCRIPTIVE_ONLY,READY,"best development epoch (early stopping on development accuracy, best-on-development checkpointing)",true,VE0-FIG-A4,VE0-TAB-A1,R_APPENDIX_SLICES,,APPENDIX_SLICE_TABLES,"Development-set result on one GQA subset. The clean test is embargoed and unread, so no held-out generalisation is claimed. Slices are unequal and dependent; every interval is clustered on the slice's own represented development images, never on rows."
EV-SLC-v2_02.concat.train_40k.steps-3.accuracy,SLC,v2_02,S06_TYPE_AND_DEPTH,DIAGNOSTIC,v2_02/concat/train_40k/steps:3/accuracy,accuracy on the steps slice 3,results/closure/reconstructed_statistics.json,88edeaf6ec787d754c8b0e006e00556895ea69dd8cbd215f391265c9e9643097,v2_dev,train_40k,concat,0|1|2|3|42,5,0.50559,0.00603,0.48805|0.52312,"evaluation-sampling, image-clustered",represented development imageId,3330,658,100,v2_closed_vocab_top1_index_match,DIAGNOSTIC,DESCRIPTIVE_ONLY,READY,"best development epoch (early stopping on development accuracy, best-on-development checkpointing)",true,VE0-FIG-A4,VE0-TAB-A1,R_APPENDIX_SLICES,,APPENDIX_SLICE_TABLES,"Development-set result on one GQA subset. The clean test is embargoed and unread, so no held-out generalisation is claimed. Slices are unequal and dependent; every interval is clustered on the slice's own represented development images, never on rows."
EV-SLC-v2_02.concat.train_40k.steps-4.accuracy,SLC,v2_02,S06_TYPE_AND_DEPTH,DIAGNOSTIC,v2_02/concat/train_40k/steps:4/accuracy,accuracy on the steps slice 4,results/closure/reconstructed_statistics.json,88edeaf6ec787d754c8b0e006e00556895ea69dd8cbd215f391265c9e9643097,v2_dev,train_40k,concat,0|1|2|3|42,5,0.5046,0.0074,0.47071|0.53715,"evaluation-sampling, image-clustered",represented development imageId,870,396,100,v2_closed_vocab_top1_index_match,DIAGNOSTIC,DESCRIPTIVE_ONLY,READY,"best development epoch (early stopping on development accuracy, best-on-development checkpointing)",true,VE0-FIG-A4,VE0-TAB-A1,R_APPENDIX_SLICES,,APPENDIX_SLICE_TABLES,"Development-set result on one GQA subset. The clean test is embargoed and unread, so no held-out generalisation is claimed. Slices are unequal and dependent; every interval is clustered on the slice's own represented development images, never on rows."
EV-SLC-v2_02.concat.train_40k.steps-ge5.accuracy,SLC,v2_02,S06_TYPE_AND_DEPTH,DIAGNOSTIC,v2_02/concat/train_40k/steps:>=5/accuracy,accuracy on the steps slice >=5,results/closure/reconstructed_statistics.json,88edeaf6ec787d754c8b0e006e00556895ea69dd8cbd215f391265c9e9643097,v2_dev,train_40k,concat,0|1|2|3|42,5,0.58402,0.00865,0.55945|0.60991,"evaluation-sampling, image-clustered",represented development imageId,1114,531,100,v2_closed_vocab_top1_index_match,DIAGNOSTIC,DESCRIPTIVE_ONLY,READY,"best development epoch (early stopping on development accuracy, best-on-development checkpointing)",true,VE0-FIG-A4,VE0-TAB-A1,R_APPENDIX_SLICES,,APPENDIX_SLICE_TABLES,"Development-set result on one GQA subset. The clean test is embargoed and unread, so no held-out generalisation is claimed. Slices are unequal and dependent; every interval is clustered on the slice's own represented development images, never on rows."
EV-SLC-v2_02.concat.train_40k.steps-le2.accuracy,SLC,v2_02,S06_TYPE_AND_DEPTH,DIAGNOSTIC,v2_02/concat/train_40k/steps:<=2/accuracy,accuracy on the steps slice <=2,results/closure/reconstructed_statistics.json,88edeaf6ec787d754c8b0e006e00556895ea69dd8cbd215f391265c9e9643097,v2_dev,train_40k,concat,0|1|2|3|42,5,0.52867,0.0048,0.51247|0.54586,"evaluation-sampling, image-clustered",represented development imageId,2400,674,100,v2_closed_vocab_top1_index_match,DIAGNOSTIC,DESCRIPTIVE_ONLY,READY,"best development epoch (early stopping on development accuracy, best-on-development checkpointing)",true,VE0-FIG-A4,VE0-TAB-A1,R_APPENDIX_SLICES,,APPENDIX_SLICE_TABLES,"Development-set result on one GQA subset. The clean test is embargoed and unread, so no held-out generalisation is claimed. Slices are unequal and dependent; every interval is clustered on the slice's own represented development images, never on rows."
EV-SLC-v2_02.concat.train_40k.structural-choose.accuracy,SLC,v2_02,S06_TYPE_AND_DEPTH,DIAGNOSTIC,v2_02/concat/train_40k/structural:choose/accuracy,accuracy on the structural slice choose,results/closure/reconstructed_statistics.json,88edeaf6ec787d754c8b0e006e00556895ea69dd8cbd215f391265c9e9643097,v2_dev,train_40k,concat,0|1|2|3|42,5,0.57697,0.00873,0.55182|0.60113,"evaluation-sampling, image-clustered",represented development imageId,1042,465,100,v2_closed_vocab_top1_index_match,DIAGNOSTIC,DESCRIPTIVE_ONLY,READY,"best development epoch (early stopping on development accuracy, best-on-development checkpointing)",true,VE0-FIG-A4,VE0-TAB-A1,R_APPENDIX_SLICES,,APPENDIX_SLICE_TABLES,"Development-set result on one GQA subset. The clean test is embargoed and unread, so no held-out generalisation is claimed. Slices are unequal and dependent; every interval is clustered on the slice's own represented development images, never on rows."
EV-SLC-v2_02.concat.train_40k.structural-compare.accuracy,SLC,v2_02,S06_TYPE_AND_DEPTH,DIAGNOSTIC,v2_02/concat/train_40k/structural:compare/accuracy,accuracy on the structural slice compare,results/closure/reconstructed_statistics.json,88edeaf6ec787d754c8b0e006e00556895ea69dd8cbd215f391265c9e9643097,v2_dev,train_40k,concat,0|1|2|3|42,5,0.57881,0.01353,0.53597|0.62451,"evaluation-sampling, image-clustered",represented development imageId,302,226,100,v2_closed_vocab_top1_index_match,DIAGNOSTIC,DESCRIPTIVE_ONLY,READY,"best development epoch (early stopping on development accuracy, best-on-development checkpointing)",true,VE0-FIG-A4,VE0-TAB-A1,R_APPENDIX_SLICES,,APPENDIX_SLICE_TABLES,"Development-set result on one GQA subset. The clean test is embargoed and unread, so no held-out generalisation is claimed. Slices are unequal and dependent; every interval is clustered on the slice's own represented development images, never on rows."
EV-SLC-v2_02.concat.train_40k.structural-logical.accuracy,SLC,v2_02,S06_TYPE_AND_DEPTH,DIAGNOSTIC,v2_02/concat/train_40k/structural:logical/accuracy,accuracy on the structural slice logical,results/closure/reconstructed_statistics.json,88edeaf6ec787d754c8b0e006e00556895ea69dd8cbd215f391265c9e9643097,v2_dev,train_40k,concat,0|1|2|3|42,5,0.57848,0.01079,0.55481|0.60342,"evaluation-sampling, image-clustered",represented development imageId,1236,561,100,v2_closed_vocab_top1_index_match,DIAGNOSTIC,DESCRIPTIVE_ONLY,READY,"best development epoch (early stopping on development accuracy, best-on-development checkpointing)",true,VE0-FIG-A4,VE0-TAB-A1,R_APPENDIX_SLICES,,APPENDIX_SLICE_TABLES,"Development-set result on one GQA subset. The clean test is embargoed and unread, so no held-out generalisation is claimed. Slices are unequal and dependent; every interval is clustered on the slice's own represented development images, never on rows."
EV-SLC-v2_02.concat.train_40k.structural-query.accuracy,SLC,v2_02,S06_TYPE_AND_DEPTH,DIAGNOSTIC,v2_02/concat/train_40k/structural:query/accuracy,accuracy on the structural slice query,results/closure/reconstructed_statistics.json,88edeaf6ec787d754c8b0e006e00556895ea69dd8cbd215f391265c9e9643097,v2_dev,train_40k,concat,0|1|2|3|42,5,0.47951,0.00332,0.45676|0.50277,"evaluation-sampling, image-clustered",represented development imageId,3104,687,100,v2_closed_vocab_top1_index_match,DIAGNOSTIC,DESCRIPTIVE_ONLY,READY,"best development epoch (early stopping on development accuracy, best-on-development checkpointing)",true,VE0-FIG-A4,VE0-TAB-A1,R_APPENDIX_SLICES,,APPENDIX_SLICE_TABLES,"Development-set result on one GQA subset. The clean test is embargoed and unread, so no held-out generalisation is claimed. Slices are unequal and dependent; every interval is clustered on the slice's own represented development images, never on rows."
EV-SLC-v2_02.concat.train_40k.structural-verify.accuracy,SLC,v2_02,S06_TYPE_AND_DEPTH,DIAGNOSTIC,v2_02/concat/train_40k/structural:verify/accuracy,accuracy on the structural slice verify,results/closure/reconstructed_statistics.json,88edeaf6ec787d754c8b0e006e00556895ea69dd8cbd215f391265c9e9643097,v2_dev,train_40k,concat,0|1|2|3|42,5,0.52345,0.00734,0.50607|0.54061,"evaluation-sampling, image-clustered",represented development imageId,2030,615,100,v2_closed_vocab_top1_index_match,DIAGNOSTIC,DESCRIPTIVE_ONLY,READY,"best development epoch (early stopping on development accuracy, best-on-development checkpointing)",true,VE0-FIG-A4,VE0-TAB-A1,R_APPENDIX_SLICES,,APPENDIX_SLICE_TABLES,"Development-set result on one GQA subset. The clean test is embargoed and unread, so no held-out generalisation is claimed. Slices are unequal and dependent; every interval is clustered on the slice's own represented development images, never on rows."
EV-SLC-v2_02.fusion.train_40k.semantic-attr.accuracy,SLC,v2_02,S06_TYPE_AND_DEPTH,DIAGNOSTIC,v2_02/fusion/train_40k/semantic:attr/accuracy,accuracy on the semantic slice attr,results/closure/reconstructed_statistics.json,88edeaf6ec787d754c8b0e006e00556895ea69dd8cbd215f391265c9e9643097,v2_dev,train_40k,fusion,0|1|2|3|42,5,0.46444,0.00322,0.44697|0.48159,"evaluation-sampling, image-clustered",represented development imageId,2964,691,100,v2_closed_vocab_top1_index_match,DIAGNOSTIC,DESCRIPTIVE_ONLY,READY,"best development epoch (early stopping on development accuracy, best-on-development checkpointing)",true,VE0-FIG-A4,VE0-TAB-A1,R_APPENDIX_SLICES,,APPENDIX_SLICE_TABLES,"Development-set result on one GQA subset. The clean test is embargoed and unread, so no held-out generalisation is claimed. Slices are unequal and dependent; every interval is clustered on the slice's own represented development images, never on rows."
EV-SLC-v2_02.fusion.train_40k.semantic-cat.accuracy,SLC,v2_02,S06_TYPE_AND_DEPTH,DIAGNOSTIC,v2_02/fusion/train_40k/semantic:cat/accuracy,accuracy on the semantic slice cat,results/closure/reconstructed_statistics.json,88edeaf6ec787d754c8b0e006e00556895ea69dd8cbd215f391265c9e9643097,v2_dev,train_40k,fusion,0|1|2|3|42,5,0.56355,0.00525,0.51162|0.6134,"evaluation-sampling, image-clustered",represented development imageId,439,219,100,v2_closed_vocab_top1_index_match,DIAGNOSTIC,DESCRIPTIVE_ONLY,READY,"best development epoch (early stopping on development accuracy, best-on-development checkpointing)",true,VE0-FIG-A4,VE0-TAB-A1,R_APPENDIX_SLICES,,APPENDIX_SLICE_TABLES,"Development-set result on one GQA subset. The clean test is embargoed and unread, so no held-out generalisation is claimed. Slices are unequal and dependent; every interval is clustered on the slice's own represented development images, never on rows."
EV-SLC-v2_02.fusion.train_40k.semantic-global.accuracy,SLC,v2_02,S06_TYPE_AND_DEPTH,DIAGNOSTIC,v2_02/fusion/train_40k/semantic:global/accuracy,accuracy on the semantic slice global,results/closure/reconstructed_statistics.json,88edeaf6ec787d754c8b0e006e00556895ea69dd8cbd215f391265c9e9643097,v2_dev,train_40k,fusion,0|1|2|3|42,5,0.80123,0.016,0.74267|0.85522,"evaluation-sampling, image-clustered",represented development imageId,163,133,100,v2_closed_vocab_top1_index_match,DIAGNOSTIC,DESCRIPTIVE_ONLY,READY,"best development epoch (early stopping on development accuracy, best-on-development checkpointing)",true,VE0-FIG-A4,VE0-TAB-A1,R_APPENDIX_SLICES,,APPENDIX_SLICE_TABLES,"Development-set result on one GQA subset. The clean test is embargoed and unread, so no held-out generalisation is claimed. Slices are unequal and dependent; every interval is clustered on the slice's own represented development images, never on rows."
EV-SLC-v2_02.fusion.train_40k.semantic-obj.accuracy,SLC,v2_02,S06_TYPE_AND_DEPTH,DIAGNOSTIC,v2_02/fusion/train_40k/semantic:obj/accuracy,accuracy on the semantic slice obj,results/closure/reconstructed_statistics.json,88edeaf6ec787d754c8b0e006e00556895ea69dd8cbd215f391265c9e9643097,v2_dev,train_40k,fusion,0|1|2|3|42,5,0.64103,0.00557,0.61682|0.66633,"evaluation-sampling, image-clustered",represented development imageId,1170,547,100,v2_closed_vocab_top1_index_match,DIAGNOSTIC,DESCRIPTIVE_ONLY,READY,"best development epoch (early stopping on development accuracy, best-on-development checkpointing)",true,VE0-FIG-A4,VE0-TAB-A1,R_APPENDIX_SLICES,,APPENDIX_SLICE_TABLES,"Development-set result on one GQA subset. The clean test is embargoed and unread, so no held-out generalisation is claimed. Slices are unequal and dependent; every interval is clustered on the slice's own represented development images, never on rows."
EV-SLC-v2_02.fusion.train_40k.semantic-rel.accuracy,SLC,v2_02,S06_TYPE_AND_DEPTH,DIAGNOSTIC,v2_02/fusion/train_40k/semantic:rel/accuracy,accuracy on the semantic slice rel,results/closure/reconstructed_statistics.json,88edeaf6ec787d754c8b0e006e00556895ea69dd8cbd215f391265c9e9643097,v2_dev,train_40k,fusion,0|1|2|3|42,5,0.55359,0.00534,0.53251|0.57507,"evaluation-sampling, image-clustered",represented development imageId,2978,570,100,v2_closed_vocab_top1_index_match,DIAGNOSTIC,DESCRIPTIVE_ONLY,READY,"best development epoch (early stopping on development accuracy, best-on-development checkpointing)",true,VE0-FIG-A4,VE0-TAB-A1,R_APPENDIX_SLICES,,APPENDIX_SLICE_TABLES,"Development-set result on one GQA subset. The clean test is embargoed and unread, so no held-out generalisation is claimed. Slices are unequal and dependent; every interval is clustered on the slice's own represented development images, never on rows."
EV-SLC-v2_02.fusion.train_40k.steps-3.accuracy,SLC,v2_02,S06_TYPE_AND_DEPTH,DIAGNOSTIC,v2_02/fusion/train_40k/steps:3/accuracy,accuracy on the steps slice 3,results/closure/reconstructed_statistics.json,88edeaf6ec787d754c8b0e006e00556895ea69dd8cbd215f391265c9e9643097,v2_dev,train_40k,fusion,0|1|2|3|42,5,0.50312,0.00323,0.48459|0.52153,"evaluation-sampling, image-clustered",represented development imageId,3330,658,100,v2_closed_vocab_top1_index_match,DIAGNOSTIC,DESCRIPTIVE_ONLY,READY,"best development epoch (early stopping on development accuracy, best-on-development checkpointing)",true,VE0-FIG-A4,VE0-TAB-A1,R_APPENDIX_SLICES,,APPENDIX_SLICE_TABLES,"Development-set result on one GQA subset. The clean test is embargoed and unread, so no held-out generalisation is claimed. Slices are unequal and dependent; every interval is clustered on the slice's own represented development images, never on rows."
EV-SLC-v2_02.fusion.train_40k.steps-4.accuracy,SLC,v2_02,S06_TYPE_AND_DEPTH,DIAGNOSTIC,v2_02/fusion/train_40k/steps:4/accuracy,accuracy on the steps slice 4,results/closure/reconstructed_statistics.json,88edeaf6ec787d754c8b0e006e00556895ea69dd8cbd215f391265c9e9643097,v2_dev,train_40k,fusion,0|1|2|3|42,5,0.53425,0.00249,0.50284|0.56727,"evaluation-sampling, image-clustered",represented development imageId,870,396,100,v2_closed_vocab_top1_index_match,DIAGNOSTIC,DESCRIPTIVE_ONLY,READY,"best development epoch (early stopping on development accuracy, best-on-development checkpointing)",true,VE0-FIG-A4,VE0-TAB-A1,R_APPENDIX_SLICES,,APPENDIX_SLICE_TABLES,"Development-set result on one GQA subset. The clean test is embargoed and unread, so no held-out generalisation is claimed. Slices are unequal and dependent; every interval is clustered on the slice's own represented development images, never on rows."
EV-SLC-v2_02.fusion.train_40k.steps-ge5.accuracy,SLC,v2_02,S06_TYPE_AND_DEPTH,DIAGNOSTIC,v2_02/fusion/train_40k/steps:>=5/accuracy,accuracy on the steps slice >=5,results/closure/reconstructed_statistics.json,88edeaf6ec787d754c8b0e006e00556895ea69dd8cbd215f391265c9e9643097,v2_dev,train_40k,fusion,0|1|2|3|42,5,0.62334,0.00617,0.59786|0.6495,"evaluation-sampling, image-clustered",represented development imageId,1114,531,100,v2_closed_vocab_top1_index_match,DIAGNOSTIC,DESCRIPTIVE_ONLY,READY,"best development epoch (early stopping on development accuracy, best-on-development checkpointing)",true,VE0-FIG-A4,VE0-TAB-A1,R_APPENDIX_SLICES,,APPENDIX_SLICE_TABLES,"Development-set result on one GQA subset. The clean test is embargoed and unread, so no held-out generalisation is claimed. Slices are unequal and dependent; every interval is clustered on the slice's own represented development images, never on rows."
EV-SLC-v2_02.fusion.train_40k.steps-le2.accuracy,SLC,v2_02,S06_TYPE_AND_DEPTH,DIAGNOSTIC,v2_02/fusion/train_40k/steps:<=2/accuracy,accuracy on the steps slice <=2,results/closure/reconstructed_statistics.json,88edeaf6ec787d754c8b0e006e00556895ea69dd8cbd215f391265c9e9643097,v2_dev,train_40k,fusion,0|1|2|3|42,5,0.54942,0.00326,0.53239|0.56697,"evaluation-sampling, image-clustered",represented development imageId,2400,674,100,v2_closed_vocab_top1_index_match,DIAGNOSTIC,DESCRIPTIVE_ONLY,READY,"best development epoch (early stopping on development accuracy, best-on-development checkpointing)",true,VE0-FIG-A4,VE0-TAB-A1,R_APPENDIX_SLICES,,APPENDIX_SLICE_TABLES,"Development-set result on one GQA subset. The clean test is embargoed and unread, so no held-out generalisation is claimed. Slices are unequal and dependent; every interval is clustered on the slice's own represented development images, never on rows."
EV-SLC-v2_02.fusion.train_40k.structural-choose.accuracy,SLC,v2_02,S06_TYPE_AND_DEPTH,DIAGNOSTIC,v2_02/fusion/train_40k/structural:choose/accuracy,accuracy on the structural slice choose,results/closure/reconstructed_statistics.json,88edeaf6ec787d754c8b0e006e00556895ea69dd8cbd215f391265c9e9643097,v2_dev,train_40k,fusion,0|1|2|3|42,5,0.55393,0.00514,0.52733|0.58099,"evaluation-sampling, image-clustered",represented development imageId,1042,465,100,v2_closed_vocab_top1_index_match,DIAGNOSTIC,DESCRIPTIVE_ONLY,READY,"best development epoch (early stopping on development accuracy, best-on-development checkpointing)",true,VE0-FIG-A4,VE0-TAB-A1,R_APPENDIX_SLICES,,APPENDIX_SLICE_TABLES,"Development-set result on one GQA subset. The clean test is embargoed and unread, so no held-out generalisation is claimed. Slices are unequal and dependent; every interval is clustered on the slice's own represented development images, never on rows."
EV-SLC-v2_02.fusion.train_40k.structural-compare.accuracy,SLC,v2_02,S06_TYPE_AND_DEPTH,DIAGNOSTIC,v2_02/fusion/train_40k/structural:compare/accuracy,accuracy on the structural slice compare,results/closure/reconstructed_statistics.json,88edeaf6ec787d754c8b0e006e00556895ea69dd8cbd215f391265c9e9643097,v2_dev,train_40k,fusion,0|1|2|3|42,5,0.55364,0.00977,0.50779|0.60206,"evaluation-sampling, image-clustered",represented development imageId,302,226,100,v2_closed_vocab_top1_index_match,DIAGNOSTIC,DESCRIPTIVE_ONLY,READY,"best development epoch (early stopping on development accuracy, best-on-development checkpointing)",true,VE0-FIG-A4,VE0-TAB-A1,R_APPENDIX_SLICES,,APPENDIX_SLICE_TABLES,"Development-set result on one GQA subset. The clean test is embargoed and unread, so no held-out generalisation is claimed. Slices are unequal and dependent; every interval is clustered on the slice's own represented development images, never on rows."
EV-SLC-v2_02.fusion.train_40k.structural-logical.accuracy,SLC,v2_02,S06_TYPE_AND_DEPTH,DIAGNOSTIC,v2_02/fusion/train_40k/structural:logical/accuracy,accuracy on the structural slice logical,results/closure/reconstructed_statistics.json,88edeaf6ec787d754c8b0e006e00556895ea69dd8cbd215f391265c9e9643097,v2_dev,train_40k,fusion,0|1|2|3|42,5,0.6165,0.00805,0.59179|0.64201,"evaluation-sampling, image-clustered",represented development imageId,1236,561,100,v2_closed_vocab_top1_index_match,DIAGNOSTIC,DESCRIPTIVE_ONLY,READY,"best development epoch (early stopping on development accuracy, best-on-development checkpointing)",true,VE0-FIG-A4,VE0-TAB-A1,R_APPENDIX_SLICES,,APPENDIX_SLICE_TABLES,"Development-set result on one GQA subset. The clean test is embargoed and unread, so no held-out generalisation is claimed. Slices are unequal and dependent; every interval is clustered on the slice's own represented development images, never on rows."
EV-SLC-v2_02.fusion.train_40k.structural-query.accuracy,SLC,v2_02,S06_TYPE_AND_DEPTH,DIAGNOSTIC,v2_02/fusion/train_40k/structural:query/accuracy,accuracy on the structural slice query,results/closure/reconstructed_statistics.json,88edeaf6ec787d754c8b0e006e00556895ea69dd8cbd215f391265c9e9643097,v2_dev,train_40k,fusion,0|1|2|3|42,5,0.48015,0.00331,0.45799|0.50385,"evaluation-sampling, image-clustered",represented development imageId,3104,687,100,v2_closed_vocab_top1_index_match,DIAGNOSTIC,DESCRIPTIVE_ONLY,READY,"best development epoch (early stopping on development accuracy, best-on-development checkpointing)",true,VE0-FIG-A4,VE0-TAB-A1,R_APPENDIX_SLICES,,APPENDIX_SLICE_TABLES,"Development-set result on one GQA subset. The clean test is embargoed and unread, so no held-out generalisation is claimed. Slices are unequal and dependent; every interval is clustered on the slice's own represented development images, never on rows."
EV-SLC-v2_02.fusion.train_40k.structural-verify.accuracy,SLC,v2_02,S06_TYPE_AND_DEPTH,DIAGNOSTIC,v2_02/fusion/train_40k/structural:verify/accuracy,accuracy on the structural slice verify,results/closure/reconstructed_statistics.json,88edeaf6ec787d754c8b0e006e00556895ea69dd8cbd215f391265c9e9643097,v2_dev,train_40k,fusion,0|1|2|3|42,5,0.56966,0.00734,0.55042|0.58836,"evaluation-sampling, image-clustered",represented development imageId,2030,615,100,v2_closed_vocab_top1_index_match,DIAGNOSTIC,DESCRIPTIVE_ONLY,READY,"best development epoch (early stopping on development accuracy, best-on-development checkpointing)",true,VE0-FIG-A4,VE0-TAB-A1,R_APPENDIX_SLICES,,APPENDIX_SLICE_TABLES,"Development-set result on one GQA subset. The clean test is embargoed and unread, so no held-out generalisation is claimed. Slices are unequal and dependent; every interval is clustered on the slice's own represented development images, never on rows."
EV-SLC-v2_05c.fusion_minus_concat.train_40k.semantic-attr.five_seed,SLC,v2_05c,S06_TYPE_AND_DEPTH,SUPPORTING,v2_05c/fusion_minus_concat/train_40k/semantic:attr/five_seed,paired accuracy gap on the semantic slice attr,results/experiments/v2_05_types/addendum_clustered.json,86c7969ec36121ca387cd98da3319e1cd1a6ff9ba021241c85f057bfca11f312,v2_dev,train_40k,fusion minus concat,0|1|2|3|42,5,0.00324,0.00452,-0.00762|0.01441,"evaluation-sampling, image-clustered",represented development imageId,2964,691,100,v2_closed_vocab_top1_index_match,SECONDARY,CAPACITY_CONFOUNDED,READY,best development epoch,false,VE0-FIG-A4,VE0-TAB-A1,R_APPENDIX_SLICES,,APPENDIX_SLICE_TABLES,"Development-set result on one GQA subset. The clean test is embargoed and unread, so no held-out generalisation is claimed. Slices are unequal and dependent; every interval is clustered on the slice's own represented development images, never on rows."
EV-SLC-v2_05c.fusion_minus_concat.train_40k.semantic-attr.seed42,SLC,v2_05c,S06_TYPE_AND_DEPTH,SUPPORTING,v2_05c/fusion_minus_concat/train_40k/semantic:attr/seed42,paired accuracy gap on the semantic slice attr,results/experiments/v2_05_types/addendum_clustered.json,86c7969ec36121ca387cd98da3319e1cd1a6ff9ba021241c85f057bfca11f312,v2_dev,train_40k,fusion minus concat,42,1,-0.00439,,-0.02343|0.01387,"evaluation-sampling, image-clustered",represented development imageId,2964,691,100,v2_closed_vocab_top1_index_match,SECONDARY,CAPACITY_CONFOUNDED,READY,best development epoch,false,VE0-FIG-A4,VE0-TAB-A1,R_APPENDIX_SLICES,,APPENDIX_SLICE_TABLES,"Development-set result on one GQA subset. The clean test is embargoed and unread, so no held-out generalisation is claimed. Slices are unequal and dependent; every interval is clustered on the slice's own represented development images, never on rows."
EV-SLC-v2_05c.fusion_minus_concat.train_40k.semantic-cat.five_seed,SLC,v2_05c,S06_TYPE_AND_DEPTH,SUPPORTING,v2_05c/fusion_minus_concat/train_40k/semantic:cat/five_seed,paired accuracy gap on the semantic slice cat,results/experiments/v2_05_types/addendum_clustered.json,86c7969ec36121ca387cd98da3319e1cd1a6ff9ba021241c85f057bfca11f312,v2_dev,train_40k,fusion minus concat,0|1|2|3|42,5,-0.00228,0.00483,-0.01639|0.01264,"evaluation-sampling, image-clustered",represented development imageId,439,219,100,v2_closed_vocab_top1_index_match,SECONDARY,CAPACITY_CONFOUNDED,READY,best development epoch,false,VE0-FIG-A4,VE0-TAB-A1,R_APPENDIX_SLICES,,APPENDIX_SLICE_TABLES,"Development-set result on one GQA subset. The clean test is embargoed and unread, so no held-out generalisation is claimed. Slices are unequal and dependent; every interval is clustered on the slice's own represented development images, never on rows."
EV-SLC-v2_05c.fusion_minus_concat.train_40k.semantic-cat.seed42,SLC,v2_05c,S06_TYPE_AND_DEPTH,SUPPORTING,v2_05c/fusion_minus_concat/train_40k/semantic:cat/seed42,paired accuracy gap on the semantic slice cat,results/experiments/v2_05_types/addendum_clustered.json,86c7969ec36121ca387cd98da3319e1cd1a6ff9ba021241c85f057bfca11f312,v2_dev,train_40k,fusion minus concat,42,1,0.00456,,-0.02734|0.03633,"evaluation-sampling, image-clustered",represented development imageId,439,219,100,v2_closed_vocab_top1_index_match,SECONDARY,CAPACITY_CONFOUNDED,READY,best development epoch,false,VE0-FIG-A4,VE0-TAB-A1,R_APPENDIX_SLICES,,APPENDIX_SLICE_TABLES,"Development-set result on one GQA subset. The clean test is embargoed and unread, so no held-out generalisation is claimed. Slices are unequal and dependent; every interval is clustered on the slice's own represented development images, never on rows."
EV-SLC-v2_05c.fusion_minus_concat.train_40k.semantic-global.five_seed,SLC,v2_05c,S06_TYPE_AND_DEPTH,SUPPORTING,v2_05c/fusion_minus_concat/train_40k/semantic:global/five_seed,paired accuracy gap on the semantic slice global,results/experiments/v2_05_types/addendum_clustered.json,86c7969ec36121ca387cd98da3319e1cd1a6ff9ba021241c85f057bfca11f312,v2_dev,train_40k,fusion minus concat,0|1|2|3|42,5,-0.00613,0.01891,-0.03558|0.02099,"evaluation-sampling, image-clustered",represented development imageId,163,133,100,v2_closed_vocab_top1_index_match,SECONDARY,CAPACITY_CONFOUNDED,READY,best development epoch,false,VE0-FIG-A4,VE0-TAB-A1,R_APPENDIX_SLICES,,APPENDIX_SLICE_TABLES,"Development-set result on one GQA subset. The clean test is embargoed and unread, so no held-out generalisation is claimed. Slices are unequal and dependent; every interval is clustered on the slice's own represented development images, never on rows."
EV-SLC-v2_05c.fusion_minus_concat.train_40k.semantic-global.seed42,SLC,v2_05c,S06_TYPE_AND_DEPTH,SUPPORTING,v2_05c/fusion_minus_concat/train_40k/semantic:global/seed42,paired accuracy gap on the semantic slice global,results/experiments/v2_05_types/addendum_clustered.json,86c7969ec36121ca387cd98da3319e1cd1a6ff9ba021241c85f057bfca11f312,v2_dev,train_40k,fusion minus concat,42,1,-0.0184,,-0.06876|0.03068,"evaluation-sampling, image-clustered",represented development imageId,163,133,100,v2_closed_vocab_top1_index_match,SECONDARY,CAPACITY_CONFOUNDED,READY,best development epoch,false,VE0-FIG-A4,VE0-TAB-A1,R_APPENDIX_SLICES,,APPENDIX_SLICE_TABLES,"Development-set result on one GQA subset. The clean test is embargoed and unread, so no held-out generalisation is claimed. Slices are unequal and dependent; every interval is clustered on the slice's own represented development images, never on rows."
EV-SLC-v2_05c.fusion_minus_concat.train_40k.semantic-obj.five_seed,SLC,v2_05c,S06_TYPE_AND_DEPTH,SUPPORTING,v2_05c/fusion_minus_concat/train_40k/semantic:obj/five_seed,paired accuracy gap on the semantic slice obj,results/experiments/v2_05_types/addendum_clustered.json,86c7969ec36121ca387cd98da3319e1cd1a6ff9ba021241c85f057bfca11f312,v2_dev,train_40k,fusion minus concat,0|1|2|3|42,5,0.04257,0.00945,0.023|0.06247,"evaluation-sampling, image-clustered",represented development imageId,1170,547,100,v2_closed_vocab_top1_index_match,SECONDARY,CAPACITY_CONFOUNDED,READY,best development epoch,true,VE0-FIG-A4,VE0-TAB-A1,R_APPENDIX_SLICES,,APPENDIX_SLICE_TABLES,"Development-set result on one GQA subset. The clean test is embargoed and unread, so no held-out generalisation is claimed. Slices are unequal and dependent; every interval is clustered on the slice's own represented development images, never on rows."
EV-SLC-v2_05c.fusion_minus_concat.train_40k.semantic-obj.seed42,SLC,v2_05c,S06_TYPE_AND_DEPTH,SUPPORTING,v2_05c/fusion_minus_concat/train_40k/semantic:obj/seed42,paired accuracy gap on the semantic slice obj,results/experiments/v2_05_types/addendum_clustered.json,86c7969ec36121ca387cd98da3319e1cd1a6ff9ba021241c85f057bfca11f312,v2_dev,train_40k,fusion minus concat,42,1,0.03932,,0.01424|0.06444,"evaluation-sampling, image-clustered",represented development imageId,1170,547,100,v2_closed_vocab_top1_index_match,SECONDARY,CAPACITY_CONFOUNDED,READY,best development epoch,true,VE0-FIG-A4,VE0-TAB-A1,R_APPENDIX_SLICES,,APPENDIX_SLICE_TABLES,"Development-set result on one GQA subset. The clean test is embargoed and unread, so no held-out generalisation is claimed. Slices are unequal and dependent; every interval is clustered on the slice's own represented development images, never on rows."
EV-SLC-v2_05c.fusion_minus_concat.train_40k.semantic-rel.five_seed,SLC,v2_05c,S06_TYPE_AND_DEPTH,SUPPORTING,v2_05c/fusion_minus_concat/train_40k/semantic:rel/five_seed,paired accuracy gap on the semantic slice rel,results/experiments/v2_05_types/addendum_clustered.json,86c7969ec36121ca387cd98da3319e1cd1a6ff9ba021241c85f057bfca11f312,v2_dev,train_40k,fusion minus concat,0|1|2|3|42,5,0.01806,0.00548,0.00921|0.0278,"evaluation-sampling, image-clustered",represented development imageId,2978,570,100,v2_closed_vocab_top1_index_match,SECONDARY,CAPACITY_CONFOUNDED,READY,best development epoch,true,VE0-FIG-A4,VE0-TAB-A1,R_APPENDIX_SLICES,,APPENDIX_SLICE_TABLES,"Development-set result on one GQA subset. The clean test is embargoed and unread, so no held-out generalisation is claimed. Slices are unequal and dependent; every interval is clustered on the slice's own represented development images, never on rows."
EV-SLC-v2_05c.fusion_minus_concat.train_40k.semantic-rel.seed42,SLC,v2_05c,S06_TYPE_AND_DEPTH,SUPPORTING,v2_05c/fusion_minus_concat/train_40k/semantic:rel/seed42,paired accuracy gap on the semantic slice rel,results/experiments/v2_05_types/addendum_clustered.json,86c7969ec36121ca387cd98da3319e1cd1a6ff9ba021241c85f057bfca11f312,v2_dev,train_40k,fusion minus concat,42,1,0.02552,,0.01043|0.04109,"evaluation-sampling, image-clustered",represented development imageId,2978,570,100,v2_closed_vocab_top1_index_match,SECONDARY,CAPACITY_CONFOUNDED,READY,best development epoch,true,VE0-FIG-A4,VE0-TAB-A1,R_APPENDIX_SLICES,,APPENDIX_SLICE_TABLES,"Development-set result on one GQA subset. The clean test is embargoed and unread, so no held-out generalisation is claimed. Slices are unequal and dependent; every interval is clustered on the slice's own represented development images, never on rows."
EV-SLC-v2_05c.fusion_minus_concat.train_40k.steps-3.five_seed,SLC,v2_05c,S06_TYPE_AND_DEPTH,SUPPORTING,v2_05c/fusion_minus_concat/train_40k/steps:3/five_seed,paired accuracy gap on the steps slice 3,results/experiments/v2_05_types/addendum_clustered.json,86c7969ec36121ca387cd98da3319e1cd1a6ff9ba021241c85f057bfca11f312,v2_dev,train_40k,fusion minus concat,0|1|2|3|42,5,-0.00246,0.00461,-0.01163|0.00644,"evaluation-sampling, image-clustered",represented development imageId,3330,658,100,v2_closed_vocab_top1_index_match,SECONDARY,CAPACITY_CONFOUNDED,READY,best development epoch,false,VE0-FIG-A4,VE0-TAB-A1,R_APPENDIX_SLICES,,APPENDIX_SLICE_TABLES,"Development-set result on one GQA subset. The clean test is embargoed and unread, so no held-out generalisation is claimed. Slices are unequal and dependent; every interval is clustered on the slice's own represented development images, never on rows."
EV-SLC-v2_05c.fusion_minus_concat.train_40k.steps-3.seed42,SLC,v2_05c,S06_TYPE_AND_DEPTH,SUPPORTING,v2_05c/fusion_minus_concat/train_40k/steps:3/seed42,paired accuracy gap on the steps slice 3,results/experiments/v2_05_types/addendum_clustered.json,86c7969ec36121ca387cd98da3319e1cd1a6ff9ba021241c85f057bfca11f312,v2_dev,train_40k,fusion minus concat,42,1,0.0048,,-0.00991|0.01914,"evaluation-sampling, image-clustered",represented development imageId,3330,658,100,v2_closed_vocab_top1_index_match,SECONDARY,CAPACITY_CONFOUNDED,READY,best development epoch,false,VE0-FIG-A4,VE0-TAB-A1,R_APPENDIX_SLICES,,APPENDIX_SLICE_TABLES,"Development-set result on one GQA subset. The clean test is embargoed and unread, so no held-out generalisation is claimed. Slices are unequal and dependent; every interval is clustered on the slice's own represented development images, never on rows."
EV-SLC-v2_05c.fusion_minus_concat.train_40k.steps-4.five_seed,SLC,v2_05c,S06_TYPE_AND_DEPTH,SUPPORTING,v2_05c/fusion_minus_concat/train_40k/steps:4/five_seed,paired accuracy gap on the steps slice 4,results/experiments/v2_05_types/addendum_clustered.json,86c7969ec36121ca387cd98da3319e1cd1a6ff9ba021241c85f057bfca11f312,v2_dev,train_40k,fusion minus concat,0|1|2|3|42,5,0.02966,0.00946,0.00912|0.05049,"evaluation-sampling, image-clustered",represented development imageId,870,396,100,v2_closed_vocab_top1_index_match,SECONDARY,CAPACITY_CONFOUNDED,READY,best development epoch,true,VE0-FIG-A4,VE0-TAB-A1,R_APPENDIX_SLICES,,APPENDIX_SLICE_TABLES,"Development-set result on one GQA subset. The clean test is embargoed and unread, so no held-out generalisation is claimed. Slices are unequal and dependent; every interval is clustered on the slice's own represented development images, never on rows."
EV-SLC-v2_05c.fusion_minus_concat.train_40k.steps-4.seed42,SLC,v2_05c,S06_TYPE_AND_DEPTH,SUPPORTING,v2_05c/fusion_minus_concat/train_40k/steps:4/seed42,paired accuracy gap on the steps slice 4,results/experiments/v2_05_types/addendum_clustered.json,86c7969ec36121ca387cd98da3319e1cd1a6ff9ba021241c85f057bfca11f312,v2_dev,train_40k,fusion minus concat,42,1,0.02644,,-0.00117|0.05474,"evaluation-sampling, image-clustered",represented development imageId,870,396,100,v2_closed_vocab_top1_index_match,SECONDARY,CAPACITY_CONFOUNDED,READY,best development epoch,false,VE0-FIG-A4,VE0-TAB-A1,R_APPENDIX_SLICES,,APPENDIX_SLICE_TABLES,"Development-set result on one GQA subset. The clean test is embargoed and unread, so no held-out generalisation is claimed. Slices are unequal and dependent; every interval is clustered on the slice's own represented development images, never on rows."
EV-SLC-v2_05c.fusion_minus_concat.train_40k.steps-ge5.five_seed,SLC,v2_05c,S06_TYPE_AND_DEPTH,SUPPORTING,v2_05c/fusion_minus_concat/train_40k/steps:>=5/five_seed,paired accuracy gap on the steps slice >=5,results/experiments/v2_05_types/addendum_clustered.json,86c7969ec36121ca387cd98da3319e1cd1a6ff9ba021241c85f057bfca11f312,v2_dev,train_40k,fusion minus concat,0|1|2|3|42,5,0.03932,0.0063,0.01872|0.05975,"evaluation-sampling, image-clustered",represented development imageId,1114,531,100,v2_closed_vocab_top1_index_match,SECONDARY,CAPACITY_CONFOUNDED,READY,best development epoch,true,VE0-FIG-A4,VE0-TAB-A1,R_APPENDIX_SLICES,,APPENDIX_SLICE_TABLES,"Development-set result on one GQA subset. The clean test is embargoed and unread, so no held-out generalisation is claimed. Slices are unequal and dependent; every interval is clustered on the slice's own represented development images, never on rows."
EV-SLC-v2_05c.fusion_minus_concat.train_40k.steps-ge5.seed42,SLC,v2_05c,S06_TYPE_AND_DEPTH,SUPPORTING,v2_05c/fusion_minus_concat/train_40k/steps:>=5/seed42,paired accuracy gap on the steps slice >=5,results/experiments/v2_05_types/addendum_clustered.json,86c7969ec36121ca387cd98da3319e1cd1a6ff9ba021241c85f057bfca11f312,v2_dev,train_40k,fusion minus concat,42,1,0.0395,,0.01297|0.06595,"evaluation-sampling, image-clustered",represented development imageId,1114,531,100,v2_closed_vocab_top1_index_match,SECONDARY,CAPACITY_CONFOUNDED,READY,best development epoch,true,VE0-FIG-A4,VE0-TAB-A1,R_APPENDIX_SLICES,,APPENDIX_SLICE_TABLES,"Development-set result on one GQA subset. The clean test is embargoed and unread, so no held-out generalisation is claimed. Slices are unequal and dependent; every interval is clustered on the slice's own represented development images, never on rows."
EV-SLC-v2_05c.fusion_minus_concat.train_40k.steps-le2.five_seed,SLC,v2_05c,S06_TYPE_AND_DEPTH,SUPPORTING,v2_05c/fusion_minus_concat/train_40k/steps:<=2/five_seed,paired accuracy gap on the steps slice <=2,results/experiments/v2_05_types/addendum_clustered.json,86c7969ec36121ca387cd98da3319e1cd1a6ff9ba021241c85f057bfca11f312,v2_dev,train_40k,fusion minus concat,0|1|2|3|42,5,0.02075,0.00669,0.00876|0.03247,"evaluation-sampling, image-clustered",represented development imageId,2400,674,100,v2_closed_vocab_top1_index_match,SECONDARY,CAPACITY_CONFOUNDED,READY,best development epoch,true,VE0-FIG-A4,VE0-TAB-A1,R_APPENDIX_SLICES,,APPENDIX_SLICE_TABLES,"Development-set result on one GQA subset. The clean test is embargoed and unread, so no held-out generalisation is claimed. Slices are unequal and dependent; every interval is clustered on the slice's own represented development images, never on rows."
EV-SLC-v2_05c.fusion_minus_concat.train_40k.steps-le2.seed42,SLC,v2_05c,S06_TYPE_AND_DEPTH,SUPPORTING,v2_05c/fusion_minus_concat/train_40k/steps:<=2/seed42,paired accuracy gap on the steps slice <=2,results/experiments/v2_05_types/addendum_clustered.json,86c7969ec36121ca387cd98da3319e1cd1a6ff9ba021241c85f057bfca11f312,v2_dev,train_40k,fusion minus concat,42,1,0.01042,,-0.00916|0.03016,"evaluation-sampling, image-clustered",represented development imageId,2400,674,100,v2_closed_vocab_top1_index_match,SECONDARY,CAPACITY_CONFOUNDED,READY,best development epoch,false,VE0-FIG-A4,VE0-TAB-A1,R_APPENDIX_SLICES,,APPENDIX_SLICE_TABLES,"Development-set result on one GQA subset. The clean test is embargoed and unread, so no held-out generalisation is claimed. Slices are unequal and dependent; every interval is clustered on the slice's own represented development images, never on rows."
EV-SLC-v2_05c.fusion_minus_concat.train_40k.structural-choose.five_seed,SLC,v2_05c,S06_TYPE_AND_DEPTH,SUPPORTING,v2_05c/fusion_minus_concat/train_40k/structural:choose/five_seed,paired accuracy gap on the structural slice choose,results/experiments/v2_05_types/addendum_clustered.json,86c7969ec36121ca387cd98da3319e1cd1a6ff9ba021241c85f057bfca11f312,v2_dev,train_40k,fusion minus concat,0|1|2|3|42,5,-0.02303,0.01056,-0.03669|-0.00954,"evaluation-sampling, image-clustered",represented development imageId,1042,465,100,v2_closed_vocab_top1_index_match,SECONDARY,CAPACITY_CONFOUNDED,READY,best development epoch,true,VE0-FIG-A4,VE0-TAB-A1,R_APPENDIX_SLICES,,APPENDIX_SLICE_TABLES,"Development-set result on one GQA subset. The clean test is embargoed and unread, so no held-out generalisation is claimed. Slices are unequal and dependent; every interval is clustered on the slice's own represented development images, never on rows."
EV-SLC-v2_05c.fusion_minus_concat.train_40k.structural-choose.seed42,SLC,v2_05c,S06_TYPE_AND_DEPTH,SUPPORTING,v2_05c/fusion_minus_concat/train_40k/structural:choose/seed42,paired accuracy gap on the structural slice choose,results/experiments/v2_05_types/addendum_clustered.json,86c7969ec36121ca387cd98da3319e1cd1a6ff9ba021241c85f057bfca11f312,v2_dev,train_40k,fusion minus concat,42,1,-0.01631,,-0.03949|0.0066,"evaluation-sampling, image-clustered",represented development imageId,1042,465,100,v2_closed_vocab_top1_index_match,SECONDARY,CAPACITY_CONFOUNDED,READY,best development epoch,false,VE0-FIG-A4,VE0-TAB-A1,R_APPENDIX_SLICES,,APPENDIX_SLICE_TABLES,"Development-set result on one GQA subset. The clean test is embargoed and unread, so no held-out generalisation is claimed. Slices are unequal and dependent; every interval is clustered on the slice's own represented development images, never on rows."
EV-SLC-v2_05c.fusion_minus_concat.train_40k.structural-compare.five_seed,SLC,v2_05c,S06_TYPE_AND_DEPTH,SUPPORTING,v2_05c/fusion_minus_concat/train_40k/structural:compare/five_seed,paired accuracy gap on the structural slice compare,results/experiments/v2_05_types/addendum_clustered.json,86c7969ec36121ca387cd98da3319e1cd1a6ff9ba021241c85f057bfca11f312,v2_dev,train_40k,fusion minus concat,0|1|2|3|42,5,-0.02517,0.02229,-0.06598|0.01355,"evaluation-sampling, image-clustered",represented development imageId,302,226,100,v2_closed_vocab_top1_index_match,SECONDARY,CAPACITY_CONFOUNDED,READY,best development epoch,false,VE0-FIG-A4,VE0-TAB-A1,R_APPENDIX_SLICES,,APPENDIX_SLICE_TABLES,"Development-set result on one GQA subset. The clean test is embargoed and unread, so no held-out generalisation is claimed. Slices are unequal and dependent; every interval is clustered on the slice's own represented development images, never on rows."
EV-SLC-v2_05c.fusion_minus_concat.train_40k.structural-compare.seed42,SLC,v2_05c,S06_TYPE_AND_DEPTH,SUPPORTING,v2_05c/fusion_minus_concat/train_40k/structural:compare/seed42,paired accuracy gap on the structural slice compare,results/experiments/v2_05_types/addendum_clustered.json,86c7969ec36121ca387cd98da3319e1cd1a6ff9ba021241c85f057bfca11f312,v2_dev,train_40k,fusion minus concat,42,1,-0.04305,,-0.10065|0.01347,"evaluation-sampling, image-clustered",represented development imageId,302,226,100,v2_closed_vocab_top1_index_match,SECONDARY,CAPACITY_CONFOUNDED,READY,best development epoch,false,VE0-FIG-A4,VE0-TAB-A1,R_APPENDIX_SLICES,,APPENDIX_SLICE_TABLES,"Development-set result on one GQA subset. The clean test is embargoed and unread, so no held-out generalisation is claimed. Slices are unequal and dependent; every interval is clustered on the slice's own represented development images, never on rows."
EV-SLC-v2_05c.fusion_minus_concat.train_40k.structural-logical.five_seed,SLC,v2_05c,S06_TYPE_AND_DEPTH,SUPPORTING,v2_05c/fusion_minus_concat/train_40k/structural:logical/five_seed,paired accuracy gap on the structural slice logical,results/experiments/v2_05_types/addendum_clustered.json,86c7969ec36121ca387cd98da3319e1cd1a6ff9ba021241c85f057bfca11f312,v2_dev,train_40k,fusion minus concat,0|1|2|3|42,5,0.03802,0.00763,0.01687|0.05815,"evaluation-sampling, image-clustered",represented development imageId,1236,561,100,v2_closed_vocab_top1_index_match,SECONDARY,CAPACITY_CONFOUNDED,READY,best development epoch,true,VE0-FIG-A4,VE0-TAB-A1,R_APPENDIX_SLICES,,APPENDIX_SLICE_TABLES,"Development-set result on one GQA subset. The clean test is embargoed and unread, so no held-out generalisation is claimed. Slices are unequal and dependent; every interval is clustered on the slice's own represented development images, never on rows."
EV-SLC-v2_05c.fusion_minus_concat.train_40k.structural-logical.seed42,SLC,v2_05c,S06_TYPE_AND_DEPTH,SUPPORTING,v2_05c/fusion_minus_concat/train_40k/structural:logical/seed42,paired accuracy gap on the structural slice logical,results/experiments/v2_05_types/addendum_clustered.json,86c7969ec36121ca387cd98da3319e1cd1a6ff9ba021241c85f057bfca11f312,v2_dev,train_40k,fusion minus concat,42,1,0.04045,,0.01403|0.0676,"evaluation-sampling, image-clustered",represented development imageId,1236,561,100,v2_closed_vocab_top1_index_match,SECONDARY,CAPACITY_CONFOUNDED,READY,best development epoch,true,VE0-FIG-A4,VE0-TAB-A1,R_APPENDIX_SLICES,,APPENDIX_SLICE_TABLES,"Development-set result on one GQA subset. The clean test is embargoed and unread, so no held-out generalisation is claimed. Slices are unequal and dependent; every interval is clustered on the slice's own represented development images, never on rows."
EV-SLC-v2_05c.fusion_minus_concat.train_40k.structural-query.five_seed,SLC,v2_05c,S06_TYPE_AND_DEPTH,SUPPORTING,v2_05c/fusion_minus_concat/train_40k/structural:query/five_seed,paired accuracy gap on the structural slice query,results/experiments/v2_05_types/addendum_clustered.json,86c7969ec36121ca387cd98da3319e1cd1a6ff9ba021241c85f057bfca11f312,v2_dev,train_40k,fusion minus concat,0|1|2|3|42,5,0.00064,0.00446,-0.00711|0.0081,"evaluation-sampling, image-clustered",represented development imageId,3104,687,100,v2_closed_vocab_top1_index_match,SECONDARY,CAPACITY_CONFOUNDED,READY,best development epoch,false,VE0-FIG-A4,VE0-TAB-A1,R_APPENDIX_SLICES,,APPENDIX_SLICE_TABLES,"Development-set result on one GQA subset. The clean test is embargoed and unread, so no held-out generalisation is claimed. Slices are unequal and dependent; every interval is clustered on the slice's own represented development images, never on rows."
EV-SLC-v2_05c.fusion_minus_concat.train_40k.structural-query.seed42,SLC,v2_05c,S06_TYPE_AND_DEPTH,SUPPORTING,v2_05c/fusion_minus_concat/train_40k/structural:query/seed42,paired accuracy gap on the structural slice query,results/experiments/v2_05_types/addendum_clustered.json,86c7969ec36121ca387cd98da3319e1cd1a6ff9ba021241c85f057bfca11f312,v2_dev,train_40k,fusion minus concat,42,1,0.00129,,-0.01362|0.01608,"evaluation-sampling, image-clustered",represented development imageId,3104,687,100,v2_closed_vocab_top1_index_match,SECONDARY,CAPACITY_CONFOUNDED,READY,best development epoch,false,VE0-FIG-A4,VE0-TAB-A1,R_APPENDIX_SLICES,,APPENDIX_SLICE_TABLES,"Development-set result on one GQA subset. The clean test is embargoed and unread, so no held-out generalisation is claimed. Slices are unequal and dependent; every interval is clustered on the slice's own represented development images, never on rows."
EV-SLC-v2_05c.fusion_minus_concat.train_40k.structural-verify.five_seed,SLC,v2_05c,S06_TYPE_AND_DEPTH,SUPPORTING,v2_05c/fusion_minus_concat/train_40k/structural:verify/five_seed,paired accuracy gap on the structural slice verify,results/experiments/v2_05_types/addendum_clustered.json,86c7969ec36121ca387cd98da3319e1cd1a6ff9ba021241c85f057bfca11f312,v2_dev,train_40k,fusion minus concat,0|1|2|3|42,5,0.04621,0.00854,0.03236|0.06034,"evaluation-sampling, image-clustered",represented development imageId,2030,615,100,v2_closed_vocab_top1_index_match,SECONDARY,CAPACITY_CONFOUNDED,READY,best development epoch,true,VE0-FIG-A4,VE0-TAB-A1,R_APPENDIX_SLICES,,APPENDIX_SLICE_TABLES,"Development-set result on one GQA subset. The clean test is embargoed and unread, so no held-out generalisation is claimed. Slices are unequal and dependent; every interval is clustered on the slice's own represented development images, never on rows."
EV-SLC-v2_05c.fusion_minus_concat.train_40k.structural-verify.seed42,SLC,v2_05c,S06_TYPE_AND_DEPTH,SUPPORTING,v2_05c/fusion_minus_concat/train_40k/structural:verify/seed42,paired accuracy gap on the structural slice verify,results/experiments/v2_05_types/addendum_clustered.json,86c7969ec36121ca387cd98da3319e1cd1a6ff9ba021241c85f057bfca11f312,v2_dev,train_40k,fusion minus concat,42,1,0.04138,,0.02111|0.06274,"evaluation-sampling, image-clustered",represented development imageId,2030,615,100,v2_closed_vocab_top1_index_match,SECONDARY,CAPACITY_CONFOUNDED,READY,best development epoch,true,VE0-FIG-A4,VE0-TAB-A1,R_APPENDIX_SLICES,,APPENDIX_SLICE_TABLES,"Development-set result on one GQA subset. The clean test is embargoed and unread, so no held-out generalisation is claimed. Slices are unequal and dependent; every interval is clustered on the slice's own represented development images, never on rows."
EV-SLC-v2_06.concat.train_40k.structural-choose.drop_shuffled,SLC,v2_06,S06_TYPE_AND_DEPTH,SUPPORTING,v2_06/concat/train_40k/structural:choose/drop_shuffled,drop_shuffled on the structural slice choose,results/closure/reconstructed_statistics.json,88edeaf6ec787d754c8b0e006e00556895ea69dd8cbd215f391265c9e9643097,v2_dev,train_40k,concat,0|1|2|3|42,5,0.11536,0.01003,0.08367|0.14685,"evaluation-sampling, image-clustered",represented development imageId,1042,465,100,v2_closed_vocab_top1_index_match,SECONDARY,CLEAN_PAIRED_CONTROL,READY,best development epoch,true,,VE0-TAB-A1,R_APPENDIX_SLICES,,APPENDIX_SLICE_TABLES,"Development-set result on one GQA subset. The clean test is embargoed and unread, so no held-out generalisation is claimed. A drop under a wrong or removed image demonstrates reliance on the image. It is NOT proof of robust visual reasoning, of grounding or of compositional understanding. The question-only drop is exactly zero by construction and is a control, not a result. Slices are unequal and dependent; every interval is clustered on the slice's own represented development images, never on rows."
EV-SLC-v2_06.concat.train_40k.structural-choose.drop_zeroed,SLC,v2_06,S06_TYPE_AND_DEPTH,SUPPORTING,v2_06/concat/train_40k/structural:choose/drop_zeroed,drop_zeroed on the structural slice choose,results/closure/reconstructed_statistics.json,88edeaf6ec787d754c8b0e006e00556895ea69dd8cbd215f391265c9e9643097,v2_dev,train_40k,concat,0|1|2|3|42,5,0.07351,0.00437,0.04616|0.10112,"evaluation-sampling, image-clustered",represented development imageId,1042,465,100,v2_closed_vocab_top1_index_match,SECONDARY,CLEAN_PAIRED_CONTROL,READY,best development epoch,true,,VE0-TAB-A1,R_APPENDIX_SLICES,,APPENDIX_SLICE_TABLES,"Development-set result on one GQA subset. The clean test is embargoed and unread, so no held-out generalisation is claimed. A drop under a wrong or removed image demonstrates reliance on the image. It is NOT proof of robust visual reasoning, of grounding or of compositional understanding. The question-only drop is exactly zero by construction and is a control, not a result. Slices are unequal and dependent; every interval is clustered on the slice's own represented development images, never on rows."
EV-SLC-v2_06.concat.train_40k.structural-compare.drop_shuffled,SLC,v2_06,S06_TYPE_AND_DEPTH,SUPPORTING,v2_06/concat/train_40k/structural:compare/drop_shuffled,drop_shuffled on the structural slice compare,results/closure/reconstructed_statistics.json,88edeaf6ec787d754c8b0e006e00556895ea69dd8cbd215f391265c9e9643097,v2_dev,train_40k,concat,0|1|2|3|42,5,0.0106,0.02311,-0.03542|0.05856,"evaluation-sampling, image-clustered",represented development imageId,302,226,100,v2_closed_vocab_top1_index_match,SECONDARY,CLEAN_PAIRED_CONTROL,READY,best development epoch,false,,VE0-TAB-A1,R_APPENDIX_SLICES,,APPENDIX_SLICE_TABLES,"Development-set result on one GQA subset. The clean test is embargoed and unread, so no held-out generalisation is claimed. A drop under a wrong or removed image demonstrates reliance on the image. It is NOT proof of robust visual reasoning, of grounding or of compositional understanding. The question-only drop is exactly zero by construction and is a control, not a result. Slices are unequal and dependent; every interval is clustered on the slice's own represented development images, never on rows."
EV-SLC-v2_06.concat.train_40k.structural-compare.drop_zeroed,SLC,v2_06,S06_TYPE_AND_DEPTH,SUPPORTING,v2_06/concat/train_40k/structural:compare/drop_zeroed,drop_zeroed on the structural slice compare,results/closure/reconstructed_statistics.json,88edeaf6ec787d754c8b0e006e00556895ea69dd8cbd215f391265c9e9643097,v2_dev,train_40k,concat,0|1|2|3|42,5,0.02318,0.02055,-0.01534|0.06195,"evaluation-sampling, image-clustered",represented development imageId,302,226,100,v2_closed_vocab_top1_index_match,SECONDARY,CLEAN_PAIRED_CONTROL,READY,best development epoch,false,,VE0-TAB-A1,R_APPENDIX_SLICES,,APPENDIX_SLICE_TABLES,"Development-set result on one GQA subset. The clean test is embargoed and unread, so no held-out generalisation is claimed. A drop under a wrong or removed image demonstrates reliance on the image. It is NOT proof of robust visual reasoning, of grounding or of compositional understanding. The question-only drop is exactly zero by construction and is a control, not a result. Slices are unequal and dependent; every interval is clustered on the slice's own represented development images, never on rows."
EV-SLC-v2_06.concat.train_40k.structural-logical.drop_shuffled,SLC,v2_06,S06_TYPE_AND_DEPTH,SUPPORTING,v2_06/concat/train_40k/structural:logical/drop_shuffled,drop_shuffled on the structural slice logical,results/closure/reconstructed_statistics.json,88edeaf6ec787d754c8b0e006e00556895ea69dd8cbd215f391265c9e9643097,v2_dev,train_40k,concat,0|1|2|3|42,5,0.03366,0.02117,0.00858|0.06013,"evaluation-sampling, image-clustered",represented development imageId,1236,561,100,v2_closed_vocab_top1_index_match,SECONDARY,CLEAN_PAIRED_CONTROL,READY,best development epoch,true,,VE0-TAB-A1,R_APPENDIX_SLICES,,APPENDIX_SLICE_TABLES,"Development-set result on one GQA subset. The clean test is embargoed and unread, so no held-out generalisation is claimed. A drop under a wrong or removed image demonstrates reliance on the image. It is NOT proof of robust visual reasoning, of grounding or of compositional understanding. The question-only drop is exactly zero by construction and is a control, not a result. Slices are unequal and dependent; every interval is clustered on the slice's own represented development images, never on rows."
EV-SLC-v2_06.concat.train_40k.structural-logical.drop_zeroed,SLC,v2_06,S06_TYPE_AND_DEPTH,SUPPORTING,v2_06/concat/train_40k/structural:logical/drop_zeroed,drop_zeroed on the structural slice logical,results/closure/reconstructed_statistics.json,88edeaf6ec787d754c8b0e006e00556895ea69dd8cbd215f391265c9e9643097,v2_dev,train_40k,concat,0|1|2|3|42,5,0.01796,0.0167,-0.00245|0.03945,"evaluation-sampling, image-clustered",represented development imageId,1236,561,100,v2_closed_vocab_top1_index_match,SECONDARY,CLEAN_PAIRED_CONTROL,READY,best development epoch,false,,VE0-TAB-A1,R_APPENDIX_SLICES,,APPENDIX_SLICE_TABLES,"Development-set result on one GQA subset. The clean test is embargoed and unread, so no held-out generalisation is claimed. A drop under a wrong or removed image demonstrates reliance on the image. It is NOT proof of robust visual reasoning, of grounding or of compositional understanding. The question-only drop is exactly zero by construction and is a control, not a result. Slices are unequal and dependent; every interval is clustered on the slice's own represented development images, never on rows."
EV-SLC-v2_06.concat.train_40k.structural-query.drop_shuffled,SLC,v2_06,S06_TYPE_AND_DEPTH,SUPPORTING,v2_06/concat/train_40k/structural:query/drop_shuffled,drop_shuffled on the structural slice query,results/closure/reconstructed_statistics.json,88edeaf6ec787d754c8b0e006e00556895ea69dd8cbd215f391265c9e9643097,v2_dev,train_40k,concat,0|1|2|3|42,5,0.2261,0.00394,0.20096|0.25104,"evaluation-sampling, image-clustered",represented development imageId,3104,687,100,v2_closed_vocab_top1_index_match,SECONDARY,CLEAN_PAIRED_CONTROL,READY,best development epoch,true,,VE0-TAB-A1,R_APPENDIX_SLICES,,APPENDIX_SLICE_TABLES,"Development-set result on one GQA subset. The clean test is embargoed and unread, so no held-out generalisation is claimed. A drop under a wrong or removed image demonstrates reliance on the image. It is NOT proof of robust visual reasoning, of grounding or of compositional understanding. The question-only drop is exactly zero by construction and is a control, not a result. Slices are unequal and dependent; every interval is clustered on the slice's own represented development images, never on rows."
EV-SLC-v2_06.concat.train_40k.structural-query.drop_zeroed,SLC,v2_06,S06_TYPE_AND_DEPTH,SUPPORTING,v2_06/concat/train_40k/structural:query/drop_zeroed,drop_zeroed on the structural slice query,results/closure/reconstructed_statistics.json,88edeaf6ec787d754c8b0e006e00556895ea69dd8cbd215f391265c9e9643097,v2_dev,train_40k,concat,0|1|2|3|42,5,0.18428,0.00523,0.16038|0.20926,"evaluation-sampling, image-clustered",represented development imageId,3104,687,100,v2_closed_vocab_top1_index_match,SECONDARY,CLEAN_PAIRED_CONTROL,READY,best development epoch,true,,VE0-TAB-A1,R_APPENDIX_SLICES,,APPENDIX_SLICE_TABLES,"Development-set result on one GQA subset. The clean test is embargoed and unread, so no held-out generalisation is claimed. A drop under a wrong or removed image demonstrates reliance on the image. It is NOT proof of robust visual reasoning, of grounding or of compositional understanding. The question-only drop is exactly zero by construction and is a control, not a result. Slices are unequal and dependent; every interval is clustered on the slice's own represented development images, never on rows."
EV-SLC-v2_06.concat.train_40k.structural-verify.drop_shuffled,SLC,v2_06,S06_TYPE_AND_DEPTH,SUPPORTING,v2_06/concat/train_40k/structural:verify/drop_shuffled,drop_shuffled on the structural slice verify,results/closure/reconstructed_statistics.json,88edeaf6ec787d754c8b0e006e00556895ea69dd8cbd215f391265c9e9643097,v2_dev,train_40k,concat,0|1|2|3|42,5,0.01793,0.00998,-0.00046|0.03533,"evaluation-sampling, image-clustered",represented development imageId,2030,615,100,v2_closed_vocab_top1_index_match,SECONDARY,CLEAN_PAIRED_CONTROL,READY,best development epoch,false,,VE0-TAB-A1,R_APPENDIX_SLICES,,APPENDIX_SLICE_TABLES,"Development-set result on one GQA subset. The clean test is embargoed and unread, so no held-out generalisation is claimed. A drop under a wrong or removed image demonstrates reliance on the image. It is NOT proof of robust visual reasoning, of grounding or of compositional understanding. The question-only drop is exactly zero by construction and is a control, not a result. Slices are unequal and dependent; every interval is clustered on the slice's own represented development images, never on rows."
EV-SLC-v2_06.concat.train_40k.structural-verify.drop_zeroed,SLC,v2_06,S06_TYPE_AND_DEPTH,SUPPORTING,v2_06/concat/train_40k/structural:verify/drop_zeroed,drop_zeroed on the structural slice verify,results/closure/reconstructed_statistics.json,88edeaf6ec787d754c8b0e006e00556895ea69dd8cbd215f391265c9e9643097,v2_dev,train_40k,concat,0|1|2|3|42,5,0.04562,0.00643,0.02907|0.06133,"evaluation-sampling, image-clustered",represented development imageId,2030,615,100,v2_closed_vocab_top1_index_match,SECONDARY,CLEAN_PAIRED_CONTROL,READY,best development epoch,true,,VE0-TAB-A1,R_APPENDIX_SLICES,,APPENDIX_SLICE_TABLES,"Development-set result on one GQA subset. The clean test is embargoed and unread, so no held-out generalisation is claimed. A drop under a wrong or removed image demonstrates reliance on the image. It is NOT proof of robust visual reasoning, of grounding or of compositional understanding. The question-only drop is exactly zero by construction and is a control, not a result. Slices are unequal and dependent; every interval is clustered on the slice's own represented development images, never on rows."
EV-SLC-v2_06.fusion.train_40k.structural-choose.drop_shuffled,SLC,v2_06,S06_TYPE_AND_DEPTH,SUPPORTING,v2_06/fusion/train_40k/structural:choose/drop_shuffled,drop_shuffled on the structural slice choose,results/closure/reconstructed_statistics.json,88edeaf6ec787d754c8b0e006e00556895ea69dd8cbd215f391265c9e9643097,v2_dev,train_40k,fusion,0|1|2|3|42,5,0.11344,0.01128,0.08083|0.14787,"evaluation-sampling, image-clustered",represented development imageId,1042,465,100,v2_closed_vocab_top1_index_match,SECONDARY,CLEAN_PAIRED_CONTROL,READY,best development epoch,true,,VE0-TAB-A1,R_APPENDIX_SLICES,,APPENDIX_SLICE_TABLES,"Development-set result on one GQA subset. The clean test is embargoed and unread, so no held-out generalisation is claimed. A drop under a wrong or removed image demonstrates reliance on the image. It is NOT proof of robust visual reasoning, of grounding or of compositional understanding. The question-only drop is exactly zero by construction and is a control, not a result. Slices are unequal and dependent; every interval is clustered on the slice's own represented development images, never on rows."
EV-SLC-v2_06.fusion.train_40k.structural-choose.drop_zeroed,SLC,v2_06,S06_TYPE_AND_DEPTH,SUPPORTING,v2_06/fusion/train_40k/structural:choose/drop_zeroed,drop_zeroed on the structural slice choose,results/closure/reconstructed_statistics.json,88edeaf6ec787d754c8b0e006e00556895ea69dd8cbd215f391265c9e9643097,v2_dev,train_40k,fusion,0|1|2|3|42,5,0.05547,0.00355,0.02595|0.08566,"evaluation-sampling, image-clustered",represented development imageId,1042,465,100,v2_closed_vocab_top1_index_match,SECONDARY,CLEAN_PAIRED_CONTROL,READY,best development epoch,true,,VE0-TAB-A1,R_APPENDIX_SLICES,,APPENDIX_SLICE_TABLES,"Development-set result on one GQA subset. The clean test is embargoed and unread, so no held-out generalisation is claimed. A drop under a wrong or removed image demonstrates reliance on the image. It is NOT proof of robust visual reasoning, of grounding or of compositional understanding. The question-only drop is exactly zero by construction and is a control, not a result. Slices are unequal and dependent; every interval is clustered on the slice's own represented development images, never on rows."
EV-SLC-v2_06.fusion.train_40k.structural-compare.drop_shuffled,SLC,v2_06,S06_TYPE_AND_DEPTH,SUPPORTING,v2_06/fusion/train_40k/structural:compare/drop_shuffled,drop_shuffled on the structural slice compare,results/closure/reconstructed_statistics.json,88edeaf6ec787d754c8b0e006e00556895ea69dd8cbd215f391265c9e9643097,v2_dev,train_40k,fusion,0|1|2|3|42,5,0.00861,0.01967,-0.04576|0.06736,"evaluation-sampling, image-clustered",represented development imageId,302,226,100,v2_closed_vocab_top1_index_match,SECONDARY,CLEAN_PAIRED_CONTROL,READY,best development epoch,false,,VE0-TAB-A1,R_APPENDIX_SLICES,,APPENDIX_SLICE_TABLES,"Development-set result on one GQA subset. The clean test is embargoed and unread, so no held-out generalisation is claimed. A drop under a wrong or removed image demonstrates reliance on the image. It is NOT proof of robust visual reasoning, of grounding or of compositional understanding. The question-only drop is exactly zero by construction and is a control, not a result. Slices are unequal and dependent; every interval is clustered on the slice's own represented development images, never on rows."
EV-SLC-v2_06.fusion.train_40k.structural-compare.drop_zeroed,SLC,v2_06,S06_TYPE_AND_DEPTH,SUPPORTING,v2_06/fusion/train_40k/structural:compare/drop_zeroed,drop_zeroed on the structural slice compare,results/closure/reconstructed_statistics.json,88edeaf6ec787d754c8b0e006e00556895ea69dd8cbd215f391265c9e9643097,v2_dev,train_40k,fusion,0|1|2|3|42,5,-0.01854,0.01564,-0.07774|0.03988,"evaluation-sampling, image-clustered",represented development imageId,302,226,100,v2_closed_vocab_top1_index_match,SECONDARY,CLEAN_PAIRED_CONTROL,READY,best development epoch,false,,VE0-TAB-A1,R_APPENDIX_SLICES,,APPENDIX_SLICE_TABLES,"Development-set result on one GQA subset. The clean test is embargoed and unread, so no held-out generalisation is claimed. A drop under a wrong or removed image demonstrates reliance on the image. It is NOT proof of robust visual reasoning, of grounding or of compositional understanding. The question-only drop is exactly zero by construction and is a control, not a result. Slices are unequal and dependent; every interval is clustered on the slice's own represented development images, never on rows."
EV-SLC-v2_06.fusion.train_40k.structural-logical.drop_shuffled,SLC,v2_06,S06_TYPE_AND_DEPTH,SUPPORTING,v2_06/fusion/train_40k/structural:logical/drop_shuffled,drop_shuffled on the structural slice logical,results/closure/reconstructed_statistics.json,88edeaf6ec787d754c8b0e006e00556895ea69dd8cbd215f391265c9e9643097,v2_dev,train_40k,fusion,0|1|2|3|42,5,0.10275,0.00776,0.06784|0.1383,"evaluation-sampling, image-clustered",represented development imageId,1236,561,100,v2_closed_vocab_top1_index_match,SECONDARY,CLEAN_PAIRED_CONTROL,READY,best development epoch,true,,VE0-TAB-A1,R_APPENDIX_SLICES,,APPENDIX_SLICE_TABLES,"Development-set result on one GQA subset. The clean test is embargoed and unread, so no held-out generalisation is claimed. A drop under a wrong or removed image demonstrates reliance on the image. It is NOT proof of robust visual reasoning, of grounding or of compositional understanding. The question-only drop is exactly zero by construction and is a control, not a result. Slices are unequal and dependent; every interval is clustered on the slice's own represented development images, never on rows."
EV-SLC-v2_06.fusion.train_40k.structural-logical.drop_zeroed,SLC,v2_06,S06_TYPE_AND_DEPTH,SUPPORTING,v2_06/fusion/train_40k/structural:logical/drop_zeroed,drop_zeroed on the structural slice logical,results/closure/reconstructed_statistics.json,88edeaf6ec787d754c8b0e006e00556895ea69dd8cbd215f391265c9e9643097,v2_dev,train_40k,fusion,0|1|2|3|42,5,0.061,0.00556,0.0281|0.09203,"evaluation-sampling, image-clustered",represented development imageId,1236,561,100,v2_closed_vocab_top1_index_match,SECONDARY,CLEAN_PAIRED_CONTROL,READY,best development epoch,true,,VE0-TAB-A1,R_APPENDIX_SLICES,,APPENDIX_SLICE_TABLES,"Development-set result on one GQA subset. The clean test is embargoed and unread, so no held-out generalisation is claimed. A drop under a wrong or removed image demonstrates reliance on the image. It is NOT proof of robust visual reasoning, of grounding or of compositional understanding. The question-only drop is exactly zero by construction and is a control, not a result. Slices are unequal and dependent; every interval is clustered on the slice's own represented development images, never on rows."
EV-SLC-v2_06.fusion.train_40k.structural-query.drop_shuffled,SLC,v2_06,S06_TYPE_AND_DEPTH,SUPPORTING,v2_06/fusion/train_40k/structural:query/drop_shuffled,drop_shuffled on the structural slice query,results/closure/reconstructed_statistics.json,88edeaf6ec787d754c8b0e006e00556895ea69dd8cbd215f391265c9e9643097,v2_dev,train_40k,fusion,0|1|2|3|42,5,0.22674,0.00321,0.20295|0.25199,"evaluation-sampling, image-clustered",represented development imageId,3104,687,100,v2_closed_vocab_top1_index_match,SECONDARY,CLEAN_PAIRED_CONTROL,READY,best development epoch,true,,VE0-TAB-A1,R_APPENDIX_SLICES,,APPENDIX_SLICE_TABLES,"Development-set result on one GQA subset. The clean test is embargoed and unread, so no held-out generalisation is claimed. A drop under a wrong or removed image demonstrates reliance on the image. It is NOT proof of robust visual reasoning, of grounding or of compositional understanding. The question-only drop is exactly zero by construction and is a control, not a result. Slices are unequal and dependent; every interval is clustered on the slice's own represented development images, never on rows."
EV-SLC-v2_06.fusion.train_40k.structural-query.drop_zeroed,SLC,v2_06,S06_TYPE_AND_DEPTH,SUPPORTING,v2_06/fusion/train_40k/structural:query/drop_zeroed,drop_zeroed on the structural slice query,results/closure/reconstructed_statistics.json,88edeaf6ec787d754c8b0e006e00556895ea69dd8cbd215f391265c9e9643097,v2_dev,train_40k,fusion,0|1|2|3|42,5,0.18789,0.00864,0.16325|0.21355,"evaluation-sampling, image-clustered",represented development imageId,3104,687,100,v2_closed_vocab_top1_index_match,SECONDARY,CLEAN_PAIRED_CONTROL,READY,best development epoch,true,,VE0-TAB-A1,R_APPENDIX_SLICES,,APPENDIX_SLICE_TABLES,"Development-set result on one GQA subset. The clean test is embargoed and unread, so no held-out generalisation is claimed. A drop under a wrong or removed image demonstrates reliance on the image. It is NOT proof of robust visual reasoning, of grounding or of compositional understanding. The question-only drop is exactly zero by construction and is a control, not a result. Slices are unequal and dependent; every interval is clustered on the slice's own represented development images, never on rows."
EV-SLC-v2_06.fusion.train_40k.structural-verify.drop_shuffled,SLC,v2_06,S06_TYPE_AND_DEPTH,SUPPORTING,v2_06/fusion/train_40k/structural:verify/drop_shuffled,drop_shuffled on the structural slice verify,results/closure/reconstructed_statistics.json,88edeaf6ec787d754c8b0e006e00556895ea69dd8cbd215f391265c9e9643097,v2_dev,train_40k,fusion,0|1|2|3|42,5,0.0735,0.00502,0.04781|0.10077,"evaluation-sampling, image-clustered",represented development imageId,2030,615,100,v2_closed_vocab_top1_index_match,SECONDARY,CLEAN_PAIRED_CONTROL,READY,best development epoch,true,,VE0-TAB-A1,R_APPENDIX_SLICES,,APPENDIX_SLICE_TABLES,"Development-set result on one GQA subset. The clean test is embargoed and unread, so no held-out generalisation is claimed. A drop under a wrong or removed image demonstrates reliance on the image. It is NOT proof of robust visual reasoning, of grounding or of compositional understanding. The question-only drop is exactly zero by construction and is a control, not a result. Slices are unequal and dependent; every interval is clustered on the slice's own represented development images, never on rows."
EV-SLC-v2_06.fusion.train_40k.structural-verify.drop_zeroed,SLC,v2_06,S06_TYPE_AND_DEPTH,SUPPORTING,v2_06/fusion/train_40k/structural:verify/drop_zeroed,drop_zeroed on the structural slice verify,results/closure/reconstructed_statistics.json,88edeaf6ec787d754c8b0e006e00556895ea69dd8cbd215f391265c9e9643097,v2_dev,train_40k,fusion,0|1|2|3|42,5,0.10128,0.01131,0.07835|0.12445,"evaluation-sampling, image-clustered",represented development imageId,2030,615,100,v2_closed_vocab_top1_index_match,SECONDARY,CLEAN_PAIRED_CONTROL,READY,best development epoch,true,,VE0-TAB-A1,R_APPENDIX_SLICES,,APPENDIX_SLICE_TABLES,"Development-set result on one GQA subset. The clean test is embargoed and unread, so no held-out generalisation is claimed. A drop under a wrong or removed image demonstrates reliance on the image. It is NOT proof of robust visual reasoning, of grounding or of compositional understanding. The question-only drop is exactly zero by construction and is a control, not a result. Slices are unequal and dependent; every interval is clustered on the slice's own represented development images, never on rows."
EV-SLC-v3_02a.concat.train_40k.steps-3.accuracy,SLC,v3_02a,S06_TYPE_AND_DEPTH,DIAGNOSTIC,v3_02a/concat/train_40k/steps:3/accuracy,accuracy on the steps slice 3,results/experiments/v3_02a_refs/step_statistics.json,1124139e70ece466c7f8a759089c5eb9700ebc4b3fcfdd1adc4e6b90a957c6a3,v2_dev,train_40k,concat,0|1|2,3,0.50559,,0.48758|0.52263,"evaluation-sampling, image-clustered",represented dev imageId,3330,658,100,v2_closed_vocab_top1_index_match,DIAGNOSTIC,DESCRIPTIVE_ONLY,READY,"best development epoch, patience 10",,VE0-FIG-04,VE0-TAB-A1,R4_DEPTH_AND_RELIANCE|R_APPENDIX_SLICES,SLIDE-06-MULTI-STEP-IS-THE-WALL,APPENDIX_SLICE_TABLES,"Development-set result on one GQA subset. The clean test is embargoed and unread, so no held-out generalisation is claimed. A system-level comparison. Input granularity, architecture and parameter count change together, so token-level access is not isolated as the cause. Slices are unequal and dependent; every interval is clustered on the slice's own represented development images, never on rows."
EV-SLC-v3_02a.concat.train_40k.steps-4.accuracy,SLC,v3_02a,S06_TYPE_AND_DEPTH,DIAGNOSTIC,v3_02a/concat/train_40k/steps:4/accuracy,accuracy on the steps slice 4,results/experiments/v3_02a_refs/step_statistics.json,1124139e70ece466c7f8a759089c5eb9700ebc4b3fcfdd1adc4e6b90a957c6a3,v2_dev,train_40k,concat,0|1|2,3,0.5046,,0.47113|0.53689,"evaluation-sampling, image-clustered",represented dev imageId,870,396,100,v2_closed_vocab_top1_index_match,DIAGNOSTIC,DESCRIPTIVE_ONLY,READY,"best development epoch, patience 10",,VE0-FIG-04,VE0-TAB-A1,R4_DEPTH_AND_RELIANCE|R_APPENDIX_SLICES,SLIDE-06-MULTI-STEP-IS-THE-WALL,APPENDIX_SLICE_TABLES,"Development-set result on one GQA subset. The clean test is embargoed and unread, so no held-out generalisation is claimed. A system-level comparison. Input granularity, architecture and parameter count change together, so token-level access is not isolated as the cause. Slices are unequal and dependent; every interval is clustered on the slice's own represented development images, never on rows."
EV-SLC-v3_02a.concat.train_40k.steps-ge4_combined.deficit,SLC,v3_02a,S06_TYPE_AND_DEPTH,SUPPORTING,v3_02a/concat/train_40k/steps:>=4_combined/deficit,pooled >=4-step deficit on the steps slice >=4_combined,results/experiments/v3_02a_refs/step_statistics.json,1124139e70ece466c7f8a759089c5eb9700ebc4b3fcfdd1adc4e6b90a957c6a3,v2_dev,train_40k,concat,0|1|2,3,0.10502,,0.08915|0.12065,"evaluation-sampling, image-clustered",represented dev imageId,1984,,100,v2_closed_vocab_top1_index_match,PRIMARY,DESCRIPTIVE_ONLY,READY,"best development epoch, patience 10",true,VE0-FIG-04,VE0-TAB-A1,R4_DEPTH_AND_RELIANCE|R_APPENDIX_SLICES,SLIDE-06-MULTI-STEP-IS-THE-WALL,APPENDIX_SLICE_TABLES,"Development-set result on one GQA subset. The clean test is embargoed and unread, so no held-out generalisation is claimed. A system-level comparison. Input granularity, architecture and parameter count change together, so token-level access is not isolated as the cause. Slices are unequal and dependent; every interval is clustered on the slice's own represented development images, never on rows."
EV-SLC-v3_02a.concat.train_40k.steps-ge5.accuracy,SLC,v3_02a,S06_TYPE_AND_DEPTH,DIAGNOSTIC,v3_02a/concat/train_40k/steps:>=5/accuracy,accuracy on the steps slice >=5,results/experiments/v3_02a_refs/step_statistics.json,1124139e70ece466c7f8a759089c5eb9700ebc4b3fcfdd1adc4e6b90a957c6a3,v2_dev,train_40k,concat,0|1|2,3,0.58402,,0.55744|0.60933,"evaluation-sampling, image-clustered",represented dev imageId,1114,531,100,v2_closed_vocab_top1_index_match,DIAGNOSTIC,DESCRIPTIVE_ONLY,READY,"best development epoch, patience 10",,VE0-FIG-04,VE0-TAB-A1,R4_DEPTH_AND_RELIANCE|R_APPENDIX_SLICES,SLIDE-06-MULTI-STEP-IS-THE-WALL,APPENDIX_SLICE_TABLES,"Development-set result on one GQA subset. The clean test is embargoed and unread, so no held-out generalisation is claimed. A system-level comparison. Input granularity, architecture and parameter count change together, so token-level access is not isolated as the cause. Slices are unequal and dependent; every interval is clustered on the slice's own represented development images, never on rows."
EV-SLC-v3_02a.concat.train_40k.steps-le2.accuracy,SLC,v3_02a,S06_TYPE_AND_DEPTH,DIAGNOSTIC,v3_02a/concat/train_40k/steps:<=2/accuracy,accuracy on the steps slice <=2,results/experiments/v3_02a_refs/step_statistics.json,1124139e70ece466c7f8a759089c5eb9700ebc4b3fcfdd1adc4e6b90a957c6a3,v2_dev,train_40k,concat,0|1|2,3,0.52867,,0.51115|0.54615,"evaluation-sampling, image-clustered",represented dev imageId,2400,674,100,v2_closed_vocab_top1_index_match,DIAGNOSTIC,DESCRIPTIVE_ONLY,READY,"best development epoch, patience 10",,VE0-FIG-04,VE0-TAB-A1,R4_DEPTH_AND_RELIANCE|R_APPENDIX_SLICES,SLIDE-06-MULTI-STEP-IS-THE-WALL,APPENDIX_SLICE_TABLES,"Development-set result on one GQA subset. The clean test is embargoed and unread, so no held-out generalisation is claimed. A system-level comparison. Input granularity, architecture and parameter count change together, so token-level access is not isolated as the cause. Slices are unequal and dependent; every interval is clustered on the slice's own represented development images, never on rows."
EV-SLC-v3_02a.direct_linear.train_40k.steps-3.accuracy,SLC,v3_02a,S06_TYPE_AND_DEPTH,DIAGNOSTIC,v3_02a/direct_linear/train_40k/steps:3/accuracy,accuracy on the steps slice 3,results/experiments/v3_02a_refs/step_statistics.json,1124139e70ece466c7f8a759089c5eb9700ebc4b3fcfdd1adc4e6b90a957c6a3,v2_dev,train_40k,direct_linear,0|1|2,3,0.46625,,0.44511|0.4861,"evaluation-sampling, image-clustered",represented dev imageId,3330,658,100,v2_closed_vocab_top1_index_match,DIAGNOSTIC,DESCRIPTIVE_ONLY,READY,"best development epoch, patience 10",,VE0-FIG-04,VE0-TAB-A1,R4_DEPTH_AND_RELIANCE|R_APPENDIX_SLICES,SLIDE-06-MULTI-STEP-IS-THE-WALL,APPENDIX_SLICE_TABLES,"Development-set result on one GQA subset. The clean test is embargoed and unread, so no held-out generalisation is claimed. A system-level comparison. Input granularity, architecture and parameter count change together, so token-level access is not isolated as the cause. Slices are unequal and dependent; every interval is clustered on the slice's own represented development images, never on rows."
EV-SLC-v3_02a.direct_linear.train_40k.steps-4.accuracy,SLC,v3_02a,S06_TYPE_AND_DEPTH,DIAGNOSTIC,v3_02a/direct_linear/train_40k/steps:4/accuracy,accuracy on the steps slice 4,results/experiments/v3_02a_refs/step_statistics.json,1124139e70ece466c7f8a759089c5eb9700ebc4b3fcfdd1adc4e6b90a957c6a3,v2_dev,train_40k,direct_linear,0|1|2,3,0.46184,,0.42448|0.49805,"evaluation-sampling, image-clustered",represented dev imageId,870,396,100,v2_closed_vocab_top1_index_match,DIAGNOSTIC,DESCRIPTIVE_ONLY,READY,"best development epoch, patience 10",,VE0-FIG-04,VE0-TAB-A1,R4_DEPTH_AND_RELIANCE|R_APPENDIX_SLICES,SLIDE-06-MULTI-STEP-IS-THE-WALL,APPENDIX_SLICE_TABLES,"Development-set result on one GQA subset. The clean test is embargoed and unread, so no held-out generalisation is claimed. A system-level comparison. Input granularity, architecture and parameter count change together, so token-level access is not isolated as the cause. Slices are unequal and dependent; every interval is clustered on the slice's own represented development images, never on rows."
EV-SLC-v3_02a.direct_linear.train_40k.steps-ge4_combined.deficit,SLC,v3_02a,S06_TYPE_AND_DEPTH,SUPPORTING,v3_02a/direct_linear/train_40k/steps:>=4_combined/deficit,pooled >=4-step deficit on the steps slice >=4_combined,results/experiments/v3_02a_refs/step_statistics.json,1124139e70ece466c7f8a759089c5eb9700ebc4b3fcfdd1adc4e6b90a957c6a3,v2_dev,train_40k,direct_linear,0|1|2,3,0.10025,,0.08254|0.11827,"evaluation-sampling, image-clustered",represented dev imageId,1984,,100,v2_closed_vocab_top1_index_match,PRIMARY,DESCRIPTIVE_ONLY,READY,"best development epoch, patience 10",true,VE0-FIG-04,VE0-TAB-A1,R4_DEPTH_AND_RELIANCE|R_APPENDIX_SLICES,SLIDE-06-MULTI-STEP-IS-THE-WALL,APPENDIX_SLICE_TABLES,"Development-set result on one GQA subset. The clean test is embargoed and unread, so no held-out generalisation is claimed. A system-level comparison. Input granularity, architecture and parameter count change together, so token-level access is not isolated as the cause. Slices are unequal and dependent; every interval is clustered on the slice's own represented development images, never on rows."
EV-SLC-v3_02a.direct_linear.train_40k.steps-ge5.accuracy,SLC,v3_02a,S06_TYPE_AND_DEPTH,DIAGNOSTIC,v3_02a/direct_linear/train_40k/steps:>=5/accuracy,accuracy on the steps slice >=5,results/experiments/v3_02a_refs/step_statistics.json,1124139e70ece466c7f8a759089c5eb9700ebc4b3fcfdd1adc4e6b90a957c6a3,v2_dev,train_40k,direct_linear,0|1|2,3,0.55171,,0.52055|0.582,"evaluation-sampling, image-clustered",represented dev imageId,1114,531,100,v2_closed_vocab_top1_index_match,DIAGNOSTIC,DESCRIPTIVE_ONLY,READY,"best development epoch, patience 10",,VE0-FIG-04,VE0-TAB-A1,R4_DEPTH_AND_RELIANCE|R_APPENDIX_SLICES,SLIDE-06-MULTI-STEP-IS-THE-WALL,APPENDIX_SLICE_TABLES,"Development-set result on one GQA subset. The clean test is embargoed and unread, so no held-out generalisation is claimed. A system-level comparison. Input granularity, architecture and parameter count change together, so token-level access is not isolated as the cause. Slices are unequal and dependent; every interval is clustered on the slice's own represented development images, never on rows."
EV-SLC-v3_02a.direct_linear.train_40k.steps-le2.accuracy,SLC,v3_02a,S06_TYPE_AND_DEPTH,DIAGNOSTIC,v3_02a/direct_linear/train_40k/steps:<=2/accuracy,accuracy on the steps slice <=2,results/experiments/v3_02a_refs/step_statistics.json,1124139e70ece466c7f8a759089c5eb9700ebc4b3fcfdd1adc4e6b90a957c6a3,v2_dev,train_40k,direct_linear,0|1|2,3,0.47642,,0.45657|0.49737,"evaluation-sampling, image-clustered",represented dev imageId,2400,674,100,v2_closed_vocab_top1_index_match,DIAGNOSTIC,DESCRIPTIVE_ONLY,READY,"best development epoch, patience 10",,VE0-FIG-04,VE0-TAB-A1,R4_DEPTH_AND_RELIANCE|R_APPENDIX_SLICES,SLIDE-06-MULTI-STEP-IS-THE-WALL,APPENDIX_SLICE_TABLES,"Development-set result on one GQA subset. The clean test is embargoed and unread, so no held-out generalisation is claimed. A system-level comparison. Input granularity, architecture and parameter count change together, so token-level access is not isolated as the cause. Slices are unequal and dependent; every interval is clustered on the slice's own represented development images, never on rows."
EV-SLC-v3_02a.fusion.train_40k.steps-3.accuracy,SLC,v3_02a,S06_TYPE_AND_DEPTH,DIAGNOSTIC,v3_02a/fusion/train_40k/steps:3/accuracy,accuracy on the steps slice 3,results/experiments/v3_02a_refs/step_statistics.json,1124139e70ece466c7f8a759089c5eb9700ebc4b3fcfdd1adc4e6b90a957c6a3,v2_dev,train_40k,fusion,0|1|2,3,0.50312,,0.48522|0.52139,"evaluation-sampling, image-clustered",represented dev imageId,3330,658,100,v2_closed_vocab_top1_index_match,DIAGNOSTIC,DESCRIPTIVE_ONLY,READY,"best development epoch, patience 10",,VE0-FIG-04,VE0-TAB-A1,R4_DEPTH_AND_RELIANCE|R_APPENDIX_SLICES,SLIDE-06-MULTI-STEP-IS-THE-WALL,APPENDIX_SLICE_TABLES,"Development-set result on one GQA subset. The clean test is embargoed and unread, so no held-out generalisation is claimed. A system-level comparison. Input granularity, architecture and parameter count change together, so token-level access is not isolated as the cause. Slices are unequal and dependent; every interval is clustered on the slice's own represented development images, never on rows."
EV-SLC-v3_02a.fusion.train_40k.steps-4.accuracy,SLC,v3_02a,S06_TYPE_AND_DEPTH,DIAGNOSTIC,v3_02a/fusion/train_40k/steps:4/accuracy,accuracy on the steps slice 4,results/experiments/v3_02a_refs/step_statistics.json,1124139e70ece466c7f8a759089c5eb9700ebc4b3fcfdd1adc4e6b90a957c6a3,v2_dev,train_40k,fusion,0|1|2,3,0.53425,,0.50177|0.56433,"evaluation-sampling, image-clustered",represented dev imageId,870,396,100,v2_closed_vocab_top1_index_match,DIAGNOSTIC,DESCRIPTIVE_ONLY,READY,"best development epoch, patience 10",,VE0-FIG-04,VE0-TAB-A1,R4_DEPTH_AND_RELIANCE|R_APPENDIX_SLICES,SLIDE-06-MULTI-STEP-IS-THE-WALL,APPENDIX_SLICE_TABLES,"Development-set result on one GQA subset. The clean test is embargoed and unread, so no held-out generalisation is claimed. A system-level comparison. Input granularity, architecture and parameter count change together, so token-level access is not isolated as the cause. Slices are unequal and dependent; every interval is clustered on the slice's own represented development images, never on rows."
EV-SLC-v3_02a.fusion.train_40k.steps-ge4_combined.deficit,SLC,v3_02a,S06_TYPE_AND_DEPTH,SUPPORTING,v3_02a/fusion/train_40k/steps:>=4_combined/deficit,pooled >=4-step deficit on the steps slice >=4_combined,results/experiments/v3_02a_refs/step_statistics.json,1124139e70ece466c7f8a759089c5eb9700ebc4b3fcfdd1adc4e6b90a957c6a3,v2_dev,train_40k,fusion,0|1|2,3,0.09175,,0.07548|0.10771,"evaluation-sampling, image-clustered",represented dev imageId,1984,,100,v2_closed_vocab_top1_index_match,PRIMARY,DESCRIPTIVE_ONLY,READY,"best development epoch, patience 10",true,VE0-FIG-04,VE0-TAB-A1,R4_DEPTH_AND_RELIANCE|R_APPENDIX_SLICES,SLIDE-06-MULTI-STEP-IS-THE-WALL,APPENDIX_SLICE_TABLES,"Development-set result on one GQA subset. The clean test is embargoed and unread, so no held-out generalisation is claimed. A system-level comparison. Input granularity, architecture and parameter count change together, so token-level access is not isolated as the cause. Slices are unequal and dependent; every interval is clustered on the slice's own represented development images, never on rows."
EV-SLC-v3_02a.fusion.train_40k.steps-ge5.accuracy,SLC,v3_02a,S06_TYPE_AND_DEPTH,DIAGNOSTIC,v3_02a/fusion/train_40k/steps:>=5/accuracy,accuracy on the steps slice >=5,results/experiments/v3_02a_refs/step_statistics.json,1124139e70ece466c7f8a759089c5eb9700ebc4b3fcfdd1adc4e6b90a957c6a3,v2_dev,train_40k,fusion,0|1|2,3,0.62334,,0.59772|0.6496,"evaluation-sampling, image-clustered",represented dev imageId,1114,531,100,v2_closed_vocab_top1_index_match,DIAGNOSTIC,DESCRIPTIVE_ONLY,READY,"best development epoch, patience 10",,VE0-FIG-04,VE0-TAB-A1,R4_DEPTH_AND_RELIANCE|R_APPENDIX_SLICES,SLIDE-06-MULTI-STEP-IS-THE-WALL,APPENDIX_SLICE_TABLES,"Development-set result on one GQA subset. The clean test is embargoed and unread, so no held-out generalisation is claimed. A system-level comparison. Input granularity, architecture and parameter count change together, so token-level access is not isolated as the cause. Slices are unequal and dependent; every interval is clustered on the slice's own represented development images, never on rows."
EV-SLC-v3_02a.fusion.train_40k.steps-le2.accuracy,SLC,v3_02a,S06_TYPE_AND_DEPTH,DIAGNOSTIC,v3_02a/fusion/train_40k/steps:<=2/accuracy,accuracy on the steps slice <=2,results/experiments/v3_02a_refs/step_statistics.json,1124139e70ece466c7f8a759089c5eb9700ebc4b3fcfdd1adc4e6b90a957c6a3,v2_dev,train_40k,fusion,0|1|2,3,0.54942,,0.53147|0.56744,"evaluation-sampling, image-clustered",represented dev imageId,2400,674,100,v2_closed_vocab_top1_index_match,DIAGNOSTIC,DESCRIPTIVE_ONLY,READY,"best development epoch, patience 10",,VE0-FIG-04,VE0-TAB-A1,R4_DEPTH_AND_RELIANCE|R_APPENDIX_SLICES,SLIDE-06-MULTI-STEP-IS-THE-WALL,APPENDIX_SLICE_TABLES,"Development-set result on one GQA subset. The clean test is embargoed and unread, so no held-out generalisation is claimed. A system-level comparison. Input granularity, architecture and parameter count change together, so token-level access is not isolated as the cause. Slices are unequal and dependent; every interval is clustered on the slice's own represented development images, never on rows."
EV-SLC-v3_02a.meanpatch_concat.train_40k.steps-3.accuracy,SLC,v3_02a,S06_TYPE_AND_DEPTH,DIAGNOSTIC,v3_02a/meanpatch_concat/train_40k/steps:3/accuracy,accuracy on the steps slice 3,results/experiments/v3_02a_refs/step_statistics.json,1124139e70ece466c7f8a759089c5eb9700ebc4b3fcfdd1adc4e6b90a957c6a3,v2_dev,train_40k,meanpatch_concat,0|1|2,3,0.48751,,0.4704|0.5045,"evaluation-sampling, image-clustered",represented dev imageId,3330,658,100,v2_closed_vocab_top1_index_match,DIAGNOSTIC,DESCRIPTIVE_ONLY,READY,"best development epoch, patience 10",,VE0-FIG-04,VE0-TAB-A1,R4_DEPTH_AND_RELIANCE|R_APPENDIX_SLICES,SLIDE-06-MULTI-STEP-IS-THE-WALL,APPENDIX_SLICE_TABLES,"Development-set result on one GQA subset. The clean test is embargoed and unread, so no held-out generalisation is claimed. A system-level comparison. Input granularity, architecture and parameter count change together, so token-level access is not isolated as the cause. Slices are unequal and dependent; every interval is clustered on the slice's own represented development images, never on rows."
EV-SLC-v3_02a.meanpatch_concat.train_40k.steps-4.accuracy,SLC,v3_02a,S06_TYPE_AND_DEPTH,DIAGNOSTIC,v3_02a/meanpatch_concat/train_40k/steps:4/accuracy,accuracy on the steps slice 4,results/experiments/v3_02a_refs/step_statistics.json,1124139e70ece466c7f8a759089c5eb9700ebc4b3fcfdd1adc4e6b90a957c6a3,v2_dev,train_40k,meanpatch_concat,0|1|2,3,0.49241,,0.45956|0.52534,"evaluation-sampling, image-clustered",represented dev imageId,870,396,100,v2_closed_vocab_top1_index_match,DIAGNOSTIC,DESCRIPTIVE_ONLY,READY,"best development epoch, patience 10",,VE0-FIG-04,VE0-TAB-A1,R4_DEPTH_AND_RELIANCE|R_APPENDIX_SLICES,SLIDE-06-MULTI-STEP-IS-THE-WALL,APPENDIX_SLICE_TABLES,"Development-set result on one GQA subset. The clean test is embargoed and unread, so no held-out generalisation is claimed. A system-level comparison. Input granularity, architecture and parameter count change together, so token-level access is not isolated as the cause. Slices are unequal and dependent; every interval is clustered on the slice's own represented development images, never on rows."
EV-SLC-v3_02a.meanpatch_concat.train_40k.steps-ge4_combined.deficit,SLC,v3_02a,S06_TYPE_AND_DEPTH,SUPPORTING,v3_02a/meanpatch_concat/train_40k/steps:>=4_combined/deficit,pooled >=4-step deficit on the steps slice >=4_combined,results/experiments/v3_02a_refs/step_statistics.json,1124139e70ece466c7f8a759089c5eb9700ebc4b3fcfdd1adc4e6b90a957c6a3,v2_dev,train_40k,meanpatch_concat,0|1|2,3,0.10554,,0.08901|0.12247,"evaluation-sampling, image-clustered",represented dev imageId,1984,,100,v2_closed_vocab_top1_index_match,PRIMARY,DESCRIPTIVE_ONLY,READY,"best development epoch, patience 10",true,VE0-FIG-04,VE0-TAB-A1,R4_DEPTH_AND_RELIANCE|R_APPENDIX_SLICES,SLIDE-06-MULTI-STEP-IS-THE-WALL,APPENDIX_SLICE_TABLES,"Development-set result on one GQA subset. The clean test is embargoed and unread, so no held-out generalisation is claimed. A system-level comparison. Input granularity, architecture and parameter count change together, so token-level access is not isolated as the cause. Slices are unequal and dependent; every interval is clustered on the slice's own represented development images, never on rows."
EV-SLC-v3_02a.meanpatch_concat.train_40k.steps-ge5.accuracy,SLC,v3_02a,S06_TYPE_AND_DEPTH,DIAGNOSTIC,v3_02a/meanpatch_concat/train_40k/steps:>=5/accuracy,accuracy on the steps slice >=5,results/experiments/v3_02a_refs/step_statistics.json,1124139e70ece466c7f8a759089c5eb9700ebc4b3fcfdd1adc4e6b90a957c6a3,v2_dev,train_40k,meanpatch_concat,0|1|2,3,0.57702,,0.55113|0.6024,"evaluation-sampling, image-clustered",represented dev imageId,1114,531,100,v2_closed_vocab_top1_index_match,DIAGNOSTIC,DESCRIPTIVE_ONLY,READY,"best development epoch, patience 10",,VE0-FIG-04,VE0-TAB-A1,R4_DEPTH_AND_RELIANCE|R_APPENDIX_SLICES,SLIDE-06-MULTI-STEP-IS-THE-WALL,APPENDIX_SLICE_TABLES,"Development-set result on one GQA subset. The clean test is embargoed and unread, so no held-out generalisation is claimed. A system-level comparison. Input granularity, architecture and parameter count change together, so token-level access is not isolated as the cause. Slices are unequal and dependent; every interval is clustered on the slice's own represented development images, never on rows."
EV-SLC-v3_02a.meanpatch_concat.train_40k.steps-le2.accuracy,SLC,v3_02a,S06_TYPE_AND_DEPTH,DIAGNOSTIC,v3_02a/meanpatch_concat/train_40k/steps:<=2/accuracy,accuracy on the steps slice <=2,results/experiments/v3_02a_refs/step_statistics.json,1124139e70ece466c7f8a759089c5eb9700ebc4b3fcfdd1adc4e6b90a957c6a3,v2_dev,train_40k,meanpatch_concat,0|1|2,3,0.53092,,0.51484|0.54732,"evaluation-sampling, image-clustered",represented dev imageId,2400,674,100,v2_closed_vocab_top1_index_match,DIAGNOSTIC,DESCRIPTIVE_ONLY,READY,"best development epoch, patience 10",,VE0-FIG-04,VE0-TAB-A1,R4_DEPTH_AND_RELIANCE|R_APPENDIX_SLICES,SLIDE-06-MULTI-STEP-IS-THE-WALL,APPENDIX_SLICE_TABLES,"Development-set result on one GQA subset. The clean test is embargoed and unread, so no held-out generalisation is claimed. A system-level comparison. Input granularity, architecture and parameter count change together, so token-level access is not isolated as the cause. Slices are unequal and dependent; every interval is clustered on the slice's own represented development images, never on rows."
EV-SLC-v3_02a.product_576k.train_40k.steps-3.accuracy,SLC,v3_02a,S06_TYPE_AND_DEPTH,DIAGNOSTIC,v3_02a/product_576k/train_40k/steps:3/accuracy,accuracy on the steps slice 3,results/experiments/v3_02a_refs/step_statistics.json,1124139e70ece466c7f8a759089c5eb9700ebc4b3fcfdd1adc4e6b90a957c6a3,v2_dev,train_40k,product_576k,0|1|2,3,0.50823,,0.48935|0.52559,"evaluation-sampling, image-clustered",represented dev imageId,3330,658,100,v2_closed_vocab_top1_index_match,DIAGNOSTIC,DESCRIPTIVE_ONLY,READY,"best development epoch, patience 10",,VE0-FIG-04,VE0-TAB-A1,R4_DEPTH_AND_RELIANCE|R_APPENDIX_SLICES,SLIDE-06-MULTI-STEP-IS-THE-WALL,APPENDIX_SLICE_TABLES,"Development-set result on one GQA subset. The clean test is embargoed and unread, so no held-out generalisation is claimed. A system-level comparison. Input granularity, architecture and parameter count change together, so token-level access is not isolated as the cause. Slices are unequal and dependent; every interval is clustered on the slice's own represented development images, never on rows."
EV-SLC-v3_02a.product_576k.train_40k.steps-4.accuracy,SLC,v3_02a,S06_TYPE_AND_DEPTH,DIAGNOSTIC,v3_02a/product_576k/train_40k/steps:4/accuracy,accuracy on the steps slice 4,results/experiments/v3_02a_refs/step_statistics.json,1124139e70ece466c7f8a759089c5eb9700ebc4b3fcfdd1adc4e6b90a957c6a3,v2_dev,train_40k,product_576k,0|1|2,3,0.5154,,0.48182|0.54868,"evaluation-sampling, image-clustered",represented dev imageId,870,396,100,v2_closed_vocab_top1_index_match,DIAGNOSTIC,DESCRIPTIVE_ONLY,READY,"best development epoch, patience 10",,VE0-FIG-04,VE0-TAB-A1,R4_DEPTH_AND_RELIANCE|R_APPENDIX_SLICES,SLIDE-06-MULTI-STEP-IS-THE-WALL,APPENDIX_SLICE_TABLES,"Development-set result on one GQA subset. The clean test is embargoed and unread, so no held-out generalisation is claimed. A system-level comparison. Input granularity, architecture and parameter count change together, so token-level access is not isolated as the cause. Slices are unequal and dependent; every interval is clustered on the slice's own represented development images, never on rows."
EV-SLC-v3_02a.product_576k.train_40k.steps-ge4_combined.deficit,SLC,v3_02a,S06_TYPE_AND_DEPTH,SUPPORTING,v3_02a/product_576k/train_40k/steps:>=4_combined/deficit,pooled >=4-step deficit on the steps slice >=4_combined,results/experiments/v3_02a_refs/step_statistics.json,1124139e70ece466c7f8a759089c5eb9700ebc4b3fcfdd1adc4e6b90a957c6a3,v2_dev,train_40k,product_576k,0|1|2,3,0.09784,,0.0823|0.11449,"evaluation-sampling, image-clustered",represented dev imageId,1984,,100,v2_closed_vocab_top1_index_match,PRIMARY,DESCRIPTIVE_ONLY,READY,"best development epoch, patience 10",true,VE0-FIG-04,VE0-TAB-A1,R4_DEPTH_AND_RELIANCE|R_APPENDIX_SLICES,SLIDE-06-MULTI-STEP-IS-THE-WALL,APPENDIX_SLICE_TABLES,"Development-set result on one GQA subset. The clean test is embargoed and unread, so no held-out generalisation is claimed. A system-level comparison. Input granularity, architecture and parameter count change together, so token-level access is not isolated as the cause. Slices are unequal and dependent; every interval is clustered on the slice's own represented development images, never on rows."
EV-SLC-v3_02a.product_576k.train_40k.steps-ge5.accuracy,SLC,v3_02a,S06_TYPE_AND_DEPTH,DIAGNOSTIC,v3_02a/product_576k/train_40k/steps:>=5/accuracy,accuracy on the steps slice >=5,results/experiments/v3_02a_refs/step_statistics.json,1124139e70ece466c7f8a759089c5eb9700ebc4b3fcfdd1adc4e6b90a957c6a3,v2_dev,train_40k,product_576k,0|1|2,3,0.61113,,0.58418|0.63618,"evaluation-sampling, image-clustered",represented dev imageId,1114,531,100,v2_closed_vocab_top1_index_match,DIAGNOSTIC,DESCRIPTIVE_ONLY,READY,"best development epoch, patience 10",,VE0-FIG-04,VE0-TAB-A1,R4_DEPTH_AND_RELIANCE|R_APPENDIX_SLICES,SLIDE-06-MULTI-STEP-IS-THE-WALL,APPENDIX_SLICE_TABLES,"Development-set result on one GQA subset. The clean test is embargoed and unread, so no held-out generalisation is claimed. A system-level comparison. Input granularity, architecture and parameter count change together, so token-level access is not isolated as the cause. Slices are unequal and dependent; every interval is clustered on the slice's own represented development images, never on rows."
EV-SLC-v3_02a.product_576k.train_40k.steps-le2.accuracy,SLC,v3_02a,S06_TYPE_AND_DEPTH,DIAGNOSTIC,v3_02a/product_576k/train_40k/steps:<=2/accuracy,accuracy on the steps slice <=2,results/experiments/v3_02a_refs/step_statistics.json,1124139e70ece466c7f8a759089c5eb9700ebc4b3fcfdd1adc4e6b90a957c6a3,v2_dev,train_40k,product_576k,0|1|2,3,0.53925,,0.52139|0.55702,"evaluation-sampling, image-clustered",represented dev imageId,2400,674,100,v2_closed_vocab_top1_index_match,DIAGNOSTIC,DESCRIPTIVE_ONLY,READY,"best development epoch, patience 10",,VE0-FIG-04,VE0-TAB-A1,R4_DEPTH_AND_RELIANCE|R_APPENDIX_SLICES,SLIDE-06-MULTI-STEP-IS-THE-WALL,APPENDIX_SLICE_TABLES,"Development-set result on one GQA subset. The clean test is embargoed and unread, so no held-out generalisation is claimed. A system-level comparison. Input granularity, architecture and parameter count change together, so token-level access is not isolated as the cause. Slices are unequal and dependent; every interval is clustered on the slice's own represented development images, never on rows."
EV-SLC-v3_02a.question_only.train_40k.steps-3.accuracy,SLC,v3_02a,S06_TYPE_AND_DEPTH,DIAGNOSTIC,v3_02a/question_only/train_40k/steps:3/accuracy,accuracy on the steps slice 3,results/experiments/v3_02a_refs/step_statistics.json,1124139e70ece466c7f8a759089c5eb9700ebc4b3fcfdd1adc4e6b90a957c6a3,v2_dev,train_40k,question_only,0|1|2,3,0.39592,,0.3797|0.41225,"evaluation-sampling, image-clustered",represented dev imageId,3330,658,100,v2_closed_vocab_top1_index_match,DIAGNOSTIC,DESCRIPTIVE_ONLY,READY,"best development epoch, patience 10",,VE0-FIG-04,VE0-TAB-A1,R4_DEPTH_AND_RELIANCE|R_APPENDIX_SLICES,SLIDE-06-MULTI-STEP-IS-THE-WALL,APPENDIX_SLICE_TABLES,"Development-set result on one GQA subset. The clean test is embargoed and unread, so no held-out generalisation is claimed. A system-level comparison. Input granularity, architecture and parameter count change together, so token-level access is not isolated as the cause. Slices are unequal and dependent; every interval is clustered on the slice's own represented development images, never on rows."
EV-SLC-v3_02a.question_only.train_40k.steps-4.accuracy,SLC,v3_02a,S06_TYPE_AND_DEPTH,DIAGNOSTIC,v3_02a/question_only/train_40k/steps:4/accuracy,accuracy on the steps slice 4,results/experiments/v3_02a_refs/step_statistics.json,1124139e70ece466c7f8a759089c5eb9700ebc4b3fcfdd1adc4e6b90a957c6a3,v2_dev,train_40k,question_only,0|1|2,3,0.40851,,0.37775|0.43747,"evaluation-sampling, image-clustered",represented dev imageId,870,396,100,v2_closed_vocab_top1_index_match,DIAGNOSTIC,DESCRIPTIVE_ONLY,READY,"best development epoch, patience 10",,VE0-FIG-04,VE0-TAB-A1,R4_DEPTH_AND_RELIANCE|R_APPENDIX_SLICES,SLIDE-06-MULTI-STEP-IS-THE-WALL,APPENDIX_SLICE_TABLES,"Development-set result on one GQA subset. The clean test is embargoed and unread, so no held-out generalisation is claimed. A system-level comparison. Input granularity, architecture and parameter count change together, so token-level access is not isolated as the cause. Slices are unequal and dependent; every interval is clustered on the slice's own represented development images, never on rows."
EV-SLC-v3_02a.question_only.train_40k.steps-ge4_combined.deficit,SLC,v3_02a,S06_TYPE_AND_DEPTH,SUPPORTING,v3_02a/question_only/train_40k/steps:>=4_combined/deficit,pooled >=4-step deficit on the steps slice >=4_combined,results/experiments/v3_02a_refs/step_statistics.json,1124139e70ece466c7f8a759089c5eb9700ebc4b3fcfdd1adc4e6b90a957c6a3,v2_dev,train_40k,question_only,0|1|2,3,0.0809,,0.0671|0.09561,"evaluation-sampling, image-clustered",represented dev imageId,1984,,100,v2_closed_vocab_top1_index_match,PRIMARY,DESCRIPTIVE_ONLY,READY,"best development epoch, patience 10",true,VE0-FIG-04,VE0-TAB-A1,R4_DEPTH_AND_RELIANCE|R_APPENDIX_SLICES,SLIDE-06-MULTI-STEP-IS-THE-WALL,APPENDIX_SLICE_TABLES,"Development-set result on one GQA subset. The clean test is embargoed and unread, so no held-out generalisation is claimed. A system-level comparison. Input granularity, architecture and parameter count change together, so token-level access is not isolated as the cause. Slices are unequal and dependent; every interval is clustered on the slice's own represented development images, never on rows."
EV-SLC-v3_02a.question_only.train_40k.steps-ge5.accuracy,SLC,v3_02a,S06_TYPE_AND_DEPTH,DIAGNOSTIC,v3_02a/question_only/train_40k/steps:>=5/accuracy,accuracy on the steps slice >=5,results/experiments/v3_02a_refs/step_statistics.json,1124139e70ece466c7f8a759089c5eb9700ebc4b3fcfdd1adc4e6b90a957c6a3,v2_dev,train_40k,question_only,0|1|2,3,0.60395,,0.57851|0.62886,"evaluation-sampling, image-clustered",represented dev imageId,1114,531,100,v2_closed_vocab_top1_index_match,DIAGNOSTIC,DESCRIPTIVE_ONLY,READY,"best development epoch, patience 10",,VE0-FIG-04,VE0-TAB-A1,R4_DEPTH_AND_RELIANCE|R_APPENDIX_SLICES,SLIDE-06-MULTI-STEP-IS-THE-WALL,APPENDIX_SLICE_TABLES,"Development-set result on one GQA subset. The clean test is embargoed and unread, so no held-out generalisation is claimed. A system-level comparison. Input granularity, architecture and parameter count change together, so token-level access is not isolated as the cause. Slices are unequal and dependent; every interval is clustered on the slice's own represented development images, never on rows."
EV-SLC-v3_02a.question_only.train_40k.steps-le2.accuracy,SLC,v3_02a,S06_TYPE_AND_DEPTH,DIAGNOSTIC,v3_02a/question_only/train_40k/steps:<=2/accuracy,accuracy on the steps slice <=2,results/experiments/v3_02a_refs/step_statistics.json,1124139e70ece466c7f8a759089c5eb9700ebc4b3fcfdd1adc4e6b90a957c6a3,v2_dev,train_40k,question_only,0|1|2,3,0.49425,,0.47688|0.51065,"evaluation-sampling, image-clustered",represented dev imageId,2400,674,100,v2_closed_vocab_top1_index_match,DIAGNOSTIC,DESCRIPTIVE_ONLY,READY,"best development epoch, patience 10",,VE0-FIG-04,VE0-TAB-A1,R4_DEPTH_AND_RELIANCE|R_APPENDIX_SLICES,SLIDE-06-MULTI-STEP-IS-THE-WALL,APPENDIX_SLICE_TABLES,"Development-set result on one GQA subset. The clean test is embargoed and unread, so no held-out generalisation is claimed. A system-level comparison. Input granularity, architecture and parameter count change together, so token-level access is not isolated as the cause. Slices are unequal and dependent; every interval is clustered on the slice's own represented development images, never on rows."
EV-SLC-v3_02a.reasoner.train_40k.steps-3.accuracy,SLC,v3_02a,S06_TYPE_AND_DEPTH,DIAGNOSTIC,v3_02a/reasoner/train_40k/steps:3/accuracy,accuracy on the steps slice 3,results/experiments/v3_02a_refs/step_statistics.json,1124139e70ece466c7f8a759089c5eb9700ebc4b3fcfdd1adc4e6b90a957c6a3,v2_dev,train_40k,reasoner,0|1|2,3,0.50791,,0.48967|0.52502,"evaluation-sampling, image-clustered",represented dev imageId,3330,658,100,v2_closed_vocab_top1_index_match,DIAGNOSTIC,DESCRIPTIVE_ONLY,READY,"best development epoch, patience 10",,VE0-FIG-04,VE0-TAB-A1,R4_DEPTH_AND_RELIANCE|R_APPENDIX_SLICES,SLIDE-06-MULTI-STEP-IS-THE-WALL,APPENDIX_SLICE_TABLES,"Development-set result on one GQA subset. The clean test is embargoed and unread, so no held-out generalisation is claimed. A system-level comparison. Input granularity, architecture and parameter count change together, so token-level access is not isolated as the cause. Slices are unequal and dependent; every interval is clustered on the slice's own represented development images, never on rows."
EV-SLC-v3_02a.reasoner.train_40k.steps-4.accuracy,SLC,v3_02a,S06_TYPE_AND_DEPTH,DIAGNOSTIC,v3_02a/reasoner/train_40k/steps:4/accuracy,accuracy on the steps slice 4,results/experiments/v3_02a_refs/step_statistics.json,1124139e70ece466c7f8a759089c5eb9700ebc4b3fcfdd1adc4e6b90a957c6a3,v2_dev,train_40k,reasoner,0|1|2,3,0.52605,,0.49718|0.55341,"evaluation-sampling, image-clustered",represented dev imageId,870,396,100,v2_closed_vocab_top1_index_match,DIAGNOSTIC,DESCRIPTIVE_ONLY,READY,"best development epoch, patience 10",,VE0-FIG-04,VE0-TAB-A1,R4_DEPTH_AND_RELIANCE|R_APPENDIX_SLICES,SLIDE-06-MULTI-STEP-IS-THE-WALL,APPENDIX_SLICE_TABLES,"Development-set result on one GQA subset. The clean test is embargoed and unread, so no held-out generalisation is claimed. A system-level comparison. Input granularity, architecture and parameter count change together, so token-level access is not isolated as the cause. Slices are unequal and dependent; every interval is clustered on the slice's own represented development images, never on rows."
EV-SLC-v3_02a.reasoner.train_40k.steps-ge4_combined.deficit,SLC,v3_02a,S06_TYPE_AND_DEPTH,SUPPORTING,v3_02a/reasoner/train_40k/steps:>=4_combined/deficit,pooled >=4-step deficit on the steps slice >=4_combined,results/experiments/v3_02a_refs/step_statistics.json,1124139e70ece466c7f8a759089c5eb9700ebc4b3fcfdd1adc4e6b90a957c6a3,v2_dev,train_40k,reasoner,0|1|2,3,0.09795,,0.08236|0.11434,"evaluation-sampling, image-clustered",represented dev imageId,1984,,100,v2_closed_vocab_top1_index_match,PRIMARY,DESCRIPTIVE_ONLY,READY,"best development epoch, patience 10",true,VE0-FIG-04,VE0-TAB-A1,R4_DEPTH_AND_RELIANCE|R_APPENDIX_SLICES,SLIDE-06-MULTI-STEP-IS-THE-WALL,APPENDIX_SLICE_TABLES,"Development-set result on one GQA subset. The clean test is embargoed and unread, so no held-out generalisation is claimed. A system-level comparison. Input granularity, architecture and parameter count change together, so token-level access is not isolated as the cause. Slices are unequal and dependent; every interval is clustered on the slice's own represented development images, never on rows."
EV-SLC-v3_02a.reasoner.train_40k.steps-ge5.accuracy,SLC,v3_02a,S06_TYPE_AND_DEPTH,DIAGNOSTIC,v3_02a/reasoner/train_40k/steps:>=5/accuracy,accuracy on the steps slice >=5,results/experiments/v3_02a_refs/step_statistics.json,1124139e70ece466c7f8a759089c5eb9700ebc4b3fcfdd1adc4e6b90a957c6a3,v2_dev,train_40k,reasoner,0|1|2,3,0.62029,,0.59971|0.63998,"evaluation-sampling, image-clustered",represented dev imageId,1114,531,100,v2_closed_vocab_top1_index_match,DIAGNOSTIC,DESCRIPTIVE_ONLY,READY,"best development epoch, patience 10",,VE0-FIG-04,VE0-TAB-A1,R4_DEPTH_AND_RELIANCE|R_APPENDIX_SLICES,SLIDE-06-MULTI-STEP-IS-THE-WALL,APPENDIX_SLICE_TABLES,"Development-set result on one GQA subset. The clean test is embargoed and unread, so no held-out generalisation is claimed. A system-level comparison. Input granularity, architecture and parameter count change together, so token-level access is not isolated as the cause. Slices are unequal and dependent; every interval is clustered on the slice's own represented development images, never on rows."
EV-SLC-v3_02a.reasoner.train_40k.steps-le2.accuracy,SLC,v3_02a,S06_TYPE_AND_DEPTH,DIAGNOSTIC,v3_02a/reasoner/train_40k/steps:<=2/accuracy,accuracy on the steps slice <=2,results/experiments/v3_02a_refs/step_statistics.json,1124139e70ece466c7f8a759089c5eb9700ebc4b3fcfdd1adc4e6b90a957c6a3,v2_dev,train_40k,reasoner,0|1|2,3,0.55944,,0.54307|0.57576,"evaluation-sampling, image-clustered",represented dev imageId,2400,674,100,v2_closed_vocab_top1_index_match,DIAGNOSTIC,DESCRIPTIVE_ONLY,READY,"best development epoch, patience 10",,VE0-FIG-04,VE0-TAB-A1,R4_DEPTH_AND_RELIANCE|R_APPENDIX_SLICES,SLIDE-06-MULTI-STEP-IS-THE-WALL,APPENDIX_SLICE_TABLES,"Development-set result on one GQA subset. The clean test is embargoed and unread, so no held-out generalisation is claimed. A system-level comparison. Input granularity, architecture and parameter count change together, so token-level access is not isolated as the cause. Slices are unequal and dependent; every interval is clustered on the slice's own represented development images, never on rows."
EV-SUP-E7a.E7a_component_efficiency_measurements,SUP,E7a,S14_EFFICIENCY_TRADEOFF,SUPPORTING,E7a component efficiency measurements,supersession marker; carries no reportable value,results/experiments/e7a_efficiency/results.json,368ba5c2a149953193cf237bdf77023c17b244540ef7b9bfac55cb5a7fdc1a85,NOT_APPLICABLE,NOT_APPLICABLE,NOT_APPLICABLE,NOT_APPLICABLE,,,,,NOT_APPLICABLE,NOT_APPLICABLE,,,,NOT_APPLICABLE,DIAGNOSTIC,DESCRIPTIVE_ONLY,PARTLY_SUPERSEDED,no training; measurement only,,,,,,NOT_APPLICABLE,The component measurements remain valid as components. The additive end-to-end sums and the fronts built on them are superseded for any end-to-end claim by E7b's measured serial latencies. The README statements 'cuts a query from 6.35 to 2.25 ms' and 'on both end-to-end latency Pareto fronts' were removed for this reason and must not return.
EV-SUP-E8B.E8B_recipe_search__grid_points_1_to_8,SUP,E8B,S11_ANSWER_SIDE_SLM_135M,NOT_FOR_REPORTING,"E8B recipe search, grid points 1 to 8",supersession marker; carries no reportable value,results/experiments/e8b_readout_generation/superseded_evidence_20260807.json,NOT_AVAILABLE,NOT_APPLICABLE,NOT_APPLICABLE,NOT_APPLICABLE,NOT_APPLICABLE,,,,,NOT_APPLICABLE,NOT_APPLICABLE,,,,NOT_APPLICABLE,DIAGNOSTIC,DESCRIPTIVE_ONLY,NOT_FOR_REPORTING,"fixed epoch 22, no early stopping; epoch 22 is the sole primary",,,,,,NOT_APPLICABLE,"The eight-point recipe search is permanently abandoned. Grid points 1 to 3 are exploratory protocol-diagnostic evidence only; every statistic derived from them for ranking purposes is INVALIDATED. The honest narrative is that the exploratory search could not support a winner claim, so the pre-result default recipe was frozen outcome-independently. The historical observation that grid point 1 also showed the highest bf16 maximum may be mentioned only as a superseded, non-canonical fact."
EV-SUP-V1.V1_stage_results__results.v1_stage_artefacts__the_five_numbe,SUP,V1,S00_OFF_SEQUENCE,NOT_FOR_REPORTING,"V1 stage results (results/v1 stage artefacts, the five numbered stage scripts and their outputs)",supersession marker; carries no reportable value,results/stage3_baselines.json,fea0d54d6dc9ace959956a9317463f39ca29cd729078f646c0287c06b6f1f0c0,NOT_APPLICABLE,NOT_APPLICABLE,NOT_APPLICABLE,NOT_APPLICABLE,,,,,NOT_APPLICABLE,NOT_APPLICABLE,,,,NOT_APPLICABLE,DIAGNOSTIC,DESCRIPTIVE_ONLY,NOT_FOR_REPORTING,NOT_APPLICABLE,,,,,,NOT_APPLICABLE,"V1 is a completed legacy prototype. Its validation set was reused for checkpoint selection and reporting, its vocabulary indices differ from the V2 vocabulary for 11 answers, and its stage-5 latencies were superseded first by E7a components and then by E7b serial measurement. V1 may be described as prototype history and must not supply a reported number."
EV-SUP-v2_01.v2_01_zero-shot_embedding_floor,SUP,v2_01,S01_BASELINE_REPRESENTATION,APPENDIX,v2_01 zero-shot embedding floor,supersession marker; carries no reportable value,results/experiments/v2_01_embeddings/zero_shot.json,02e50f8cab36e995177ced375d0ca1cfdb811781b9318b8b4caabae7f67e5987,NOT_APPLICABLE,NOT_APPLICABLE,NOT_APPLICABLE,NOT_APPLICABLE,,,,,NOT_APPLICABLE,NOT_APPLICABLE,,,,NOT_APPLICABLE,DIAGNOSTIC,DESCRIPTIVE_ONLY,HISTORICAL_ONLY,NOT_APPLICABLE,,,,,,NOT_APPLICABLE,"The zero-shot floor established that the cached embeddings carry signal. It is a protocol check, not a system result, and no trained system is compared against it as a baseline."
EV-SUP-v2_05b.v2_05b_per-type_gaps_with_row-level_intervals,SUP,v2_05b,S00_OFF_SEQUENCE,SUPERSEDED,v2_05b per-type gaps with row-level intervals,supersession marker; carries no reportable value,results/experiments/v2_05_types/addendum.json,2600c6fcf885c9a463efff7a4ed4384c7cb2325cea91f55a2406f2f9392e1196,NOT_APPLICABLE,NOT_APPLICABLE,NOT_APPLICABLE,NOT_APPLICABLE,,,,,NOT_APPLICABLE,NOT_APPLICABLE,,,,NOT_APPLICABLE,DIAGNOSTIC,DESCRIPTIVE_ONLY,SUPERSEDED,NOT_APPLICABLE,,,,,,NOT_APPLICABLE,The row-level normal approximation ignores within-image dependence. v2_05c recomputed the same quantities with the image-clustered bootstrap. The superseded intervals are never re-quoted; the v2_05b per-bucket priors remain in use as the fixed reference for the step deficit.
EV-SUP-v2_07.v2_07_scaling_of_the_global_heads,SUP,v2_07,S05_TRAINING_SCALE,SUPPORTING,v2_07 scaling of the global heads,supersession marker; carries no reportable value,results/experiments/v2_07_scaling/results.json,852206e1b0a404955ed66c5b56a3b9bd7215c15fb35b438dd703cc6c497b79fc,NOT_APPLICABLE,NOT_APPLICABLE,NOT_APPLICABLE,NOT_APPLICABLE,,,,,NOT_APPLICABLE,NOT_APPLICABLE,,,,NOT_APPLICABLE,DIAGNOSTIC,DESCRIPTIVE_ONLY,PARTLY_SUPERSEDED,best development epoch,,,,,,NOT_APPLICABLE,"ACCEPTED DOCUMENTED LIMITATION, not a blocker. The historical aggregate and seed evidence is untouched, hash-verified and reproduced in 39 of 40 cells. The single failing cell is one float32 argmax tie. The family is stopped in full rather than partially rescued, because admitting the 39 passing cells after seeing which one failed would be outcome-conditioned selection."
EV-SUP-v3_01.v3_01_latent-query_reasoner_at_40k,SUP,v3_01,S08_LATENT_REASONER,SUPPORTING,v3_01 latent-query reasoner at 40k,supersession marker; carries no reportable value,results/experiments/v3_01_reasoner/results.json,472fe626775d755e1a24ae3da814466773b3e067537201cb88351ea27d8abfd9,NOT_APPLICABLE,NOT_APPLICABLE,NOT_APPLICABLE,NOT_APPLICABLE,,,,,NOT_APPLICABLE,NOT_APPLICABLE,,,,NOT_APPLICABLE,DIAGNOSTIC,DESCRIPTIVE_ONLY,PARTLY_SUPERSEDED,"best development epoch, patience 10",,,,,,NOT_APPLICABLE,"v3_02a repaired the pooled step statistics and added the image-clustered uncertainty, the direct-linear and mean-patch references and the attention diagnostics. Step statistics must be quoted from v3_02a."
